"year","mon","day","dow","hour","chr","cday","date","datetime"
2018,1,1,6,0,1,1,"20180101","2018010100"
2018,1,1,6,1,2,1,"20180101","2018010101"
2018,1,1,6,2,3,1,"20180101","2018010102"
2018,1,1,6,3,4,1,"20180101","2018010103"
2018,1,1,6,4,5,1,"20180101","2018010104"
2018,1,1,6,5,6,1,"20180101","2018010105"
2018,1,1,6,6,7,1,"20180101","2018010106"
2018,1,1,6,7,8,1,"20180101","2018010107"
2018,1,1,6,8,9,1,"20180101","2018010108"
2018,1,1,6,9,10,1,"20180101","2018010109"
2018,1,1,6,10,11,1,"20180101","2018010110"
2018,1,1,6,11,12,1,"20180101","2018010111"
2018,1,1,6,12,13,1,"20180101","2018010112"
2018,1,1,6,13,14,1,"20180101","2018010113"
2018,1,1,6,14,15,1,"20180101","2018010114"
2018,1,1,6,15,16,1,"20180101","2018010115"
2018,1,1,6,16,17,1,"20180101","2018010116"
2018,1,1,6,17,18,1,"20180101","2018010117"
2018,1,1,6,18,19,1,"20180101","2018010118"
2018,1,1,6,19,20,1,"20180101","2018010119"
2018,1,1,6,20,21,1,"20180101","2018010120"
2018,1,1,6,21,22,1,"20180101","2018010121"
2018,1,1,6,22,23,1,"20180101","2018010122"
2018,1,1,6,23,24,1,"20180101","2018010123"
2018,1,2,7,0,25,2,"20180102","2018010200"
2018,1,2,7,1,26,2,"20180102","2018010201"
2018,1,2,7,2,27,2,"20180102","2018010202"
2018,1,2,7,3,28,2,"20180102","2018010203"
2018,1,2,7,4,29,2,"20180102","2018010204"
2018,1,2,7,5,30,2,"20180102","2018010205"
2018,1,2,7,6,31,2,"20180102","2018010206"
2018,1,2,7,7,32,2,"20180102","2018010207"
2018,1,2,7,8,33,2,"20180102","2018010208"
2018,1,2,7,9,34,2,"20180102","2018010209"
2018,1,2,7,10,35,2,"20180102","2018010210"
2018,1,2,7,11,36,2,"20180102","2018010211"
2018,1,2,7,12,37,2,"20180102","2018010212"
2018,1,2,7,13,38,2,"20180102","2018010213"
2018,1,2,7,14,39,2,"20180102","2018010214"
2018,1,2,7,15,40,2,"20180102","2018010215"
2018,1,2,7,16,41,2,"20180102","2018010216"
2018,1,2,7,17,42,2,"20180102","2018010217"
2018,1,2,7,18,43,2,"20180102","2018010218"
2018,1,2,7,19,44,2,"20180102","2018010219"
2018,1,2,7,20,45,2,"20180102","2018010220"
2018,1,2,7,21,46,2,"20180102","2018010221"
2018,1,2,7,22,47,2,"20180102","2018010222"
2018,1,2,7,23,48,2,"20180102","2018010223"
2018,1,3,1,0,49,3,"20180103","2018010300"
2018,1,3,1,1,50,3,"20180103","2018010301"
2018,1,3,1,2,51,3,"20180103","2018010302"
2018,1,3,1,3,52,3,"20180103","2018010303"
2018,1,3,1,4,53,3,"20180103","2018010304"
2018,1,3,1,5,54,3,"20180103","2018010305"
2018,1,3,1,6,55,3,"20180103","2018010306"
2018,1,3,1,7,56,3,"20180103","2018010307"
2018,1,3,1,8,57,3,"20180103","2018010308"
2018,1,3,1,9,58,3,"20180103","2018010309"
2018,1,3,1,10,59,3,"20180103","2018010310"
2018,1,3,1,11,60,3,"20180103","2018010311"
2018,1,3,1,12,61,3,"20180103","2018010312"
2018,1,3,1,13,62,3,"20180103","2018010313"
2018,1,3,1,14,63,3,"20180103","2018010314"
2018,1,3,1,15,64,3,"20180103","2018010315"
2018,1,3,1,16,65,3,"20180103","2018010316"
2018,1,3,1,17,66,3,"20180103","2018010317"
2018,1,3,1,18,67,3,"20180103","2018010318"
2018,1,3,1,19,68,3,"20180103","2018010319"
2018,1,3,1,20,69,3,"20180103","2018010320"
2018,1,3,1,21,70,3,"20180103","2018010321"
2018,1,3,1,22,71,3,"20180103","2018010322"
2018,1,3,1,23,72,3,"20180103","2018010323"
2018,1,4,2,0,73,4,"20180104","2018010400"
2018,1,4,2,1,74,4,"20180104","2018010401"
2018,1,4,2,2,75,4,"20180104","2018010402"
2018,1,4,2,3,76,4,"20180104","2018010403"
2018,1,4,2,4,77,4,"20180104","2018010404"
2018,1,4,2,5,78,4,"20180104","2018010405"
2018,1,4,2,6,79,4,"20180104","2018010406"
2018,1,4,2,7,80,4,"20180104","2018010407"
2018,1,4,2,8,81,4,"20180104","2018010408"
2018,1,4,2,9,82,4,"20180104","2018010409"
2018,1,4,2,10,83,4,"20180104","2018010410"
2018,1,4,2,11,84,4,"20180104","2018010411"
2018,1,4,2,12,85,4,"20180104","2018010412"
2018,1,4,2,13,86,4,"20180104","2018010413"
2018,1,4,2,14,87,4,"20180104","2018010414"
2018,1,4,2,15,88,4,"20180104","2018010415"
2018,1,4,2,16,89,4,"20180104","2018010416"
2018,1,4,2,17,90,4,"20180104","2018010417"
2018,1,4,2,18,91,4,"20180104","2018010418"
2018,1,4,2,19,92,4,"20180104","2018010419"
2018,1,4,2,20,93,4,"20180104","2018010420"
2018,1,4,2,21,94,4,"20180104","2018010421"
2018,1,4,2,22,95,4,"20180104","2018010422"
2018,1,4,2,23,96,4,"20180104","2018010423"
2018,1,5,3,0,97,5,"20180105","2018010500"
2018,1,5,3,1,98,5,"20180105","2018010501"
2018,1,5,3,2,99,5,"20180105","2018010502"
2018,1,5,3,3,100,5,"20180105","2018010503"
2018,1,5,3,4,101,5,"20180105","2018010504"
2018,1,5,3,5,102,5,"20180105","2018010505"
2018,1,5,3,6,103,5,"20180105","2018010506"
2018,1,5,3,7,104,5,"20180105","2018010507"
2018,1,5,3,8,105,5,"20180105","2018010508"
2018,1,5,3,9,106,5,"20180105","2018010509"
2018,1,5,3,10,107,5,"20180105","2018010510"
2018,1,5,3,11,108,5,"20180105","2018010511"
2018,1,5,3,12,109,5,"20180105","2018010512"
2018,1,5,3,13,110,5,"20180105","2018010513"
2018,1,5,3,14,111,5,"20180105","2018010514"
2018,1,5,3,15,112,5,"20180105","2018010515"
2018,1,5,3,16,113,5,"20180105","2018010516"
2018,1,5,3,17,114,5,"20180105","2018010517"
2018,1,5,3,18,115,5,"20180105","2018010518"
2018,1,5,3,19,116,5,"20180105","2018010519"
2018,1,5,3,20,117,5,"20180105","2018010520"
2018,1,5,3,21,118,5,"20180105","2018010521"
2018,1,5,3,22,119,5,"20180105","2018010522"
2018,1,5,3,23,120,5,"20180105","2018010523"
2018,1,6,4,0,121,6,"20180106","2018010600"
2018,1,6,4,1,122,6,"20180106","2018010601"
2018,1,6,4,2,123,6,"20180106","2018010602"
2018,1,6,4,3,124,6,"20180106","2018010603"
2018,1,6,4,4,125,6,"20180106","2018010604"
2018,1,6,4,5,126,6,"20180106","2018010605"
2018,1,6,4,6,127,6,"20180106","2018010606"
2018,1,6,4,7,128,6,"20180106","2018010607"
2018,1,6,4,8,129,6,"20180106","2018010608"
2018,1,6,4,9,130,6,"20180106","2018010609"
2018,1,6,4,10,131,6,"20180106","2018010610"
2018,1,6,4,11,132,6,"20180106","2018010611"
2018,1,6,4,12,133,6,"20180106","2018010612"
2018,1,6,4,13,134,6,"20180106","2018010613"
2018,1,6,4,14,135,6,"20180106","2018010614"
2018,1,6,4,15,136,6,"20180106","2018010615"
2018,1,6,4,16,137,6,"20180106","2018010616"
2018,1,6,4,17,138,6,"20180106","2018010617"
2018,1,6,4,18,139,6,"20180106","2018010618"
2018,1,6,4,19,140,6,"20180106","2018010619"
2018,1,6,4,20,141,6,"20180106","2018010620"
2018,1,6,4,21,142,6,"20180106","2018010621"
2018,1,6,4,22,143,6,"20180106","2018010622"
2018,1,6,4,23,144,6,"20180106","2018010623"
2018,1,7,5,0,145,7,"20180107","2018010700"
2018,1,7,5,1,146,7,"20180107","2018010701"
2018,1,7,5,2,147,7,"20180107","2018010702"
2018,1,7,5,3,148,7,"20180107","2018010703"
2018,1,7,5,4,149,7,"20180107","2018010704"
2018,1,7,5,5,150,7,"20180107","2018010705"
2018,1,7,5,6,151,7,"20180107","2018010706"
2018,1,7,5,7,152,7,"20180107","2018010707"
2018,1,7,5,8,153,7,"20180107","2018010708"
2018,1,7,5,9,154,7,"20180107","2018010709"
2018,1,7,5,10,155,7,"20180107","2018010710"
2018,1,7,5,11,156,7,"20180107","2018010711"
2018,1,7,5,12,157,7,"20180107","2018010712"
2018,1,7,5,13,158,7,"20180107","2018010713"
2018,1,7,5,14,159,7,"20180107","2018010714"
2018,1,7,5,15,160,7,"20180107","2018010715"
2018,1,7,5,16,161,7,"20180107","2018010716"
2018,1,7,5,17,162,7,"20180107","2018010717"
2018,1,7,5,18,163,7,"20180107","2018010718"
2018,1,7,5,19,164,7,"20180107","2018010719"
2018,1,7,5,20,165,7,"20180107","2018010720"
2018,1,7,5,21,166,7,"20180107","2018010721"
2018,1,7,5,22,167,7,"20180107","2018010722"
2018,1,7,5,23,168,7,"20180107","2018010723"
2018,1,8,6,0,169,8,"20180108","2018010800"
2018,1,8,6,1,170,8,"20180108","2018010801"
2018,1,8,6,2,171,8,"20180108","2018010802"
2018,1,8,6,3,172,8,"20180108","2018010803"
2018,1,8,6,4,173,8,"20180108","2018010804"
2018,1,8,6,5,174,8,"20180108","2018010805"
2018,1,8,6,6,175,8,"20180108","2018010806"
2018,1,8,6,7,176,8,"20180108","2018010807"
2018,1,8,6,8,177,8,"20180108","2018010808"
2018,1,8,6,9,178,8,"20180108","2018010809"
2018,1,8,6,10,179,8,"20180108","2018010810"
2018,1,8,6,11,180,8,"20180108","2018010811"
2018,1,8,6,12,181,8,"20180108","2018010812"
2018,1,8,6,13,182,8,"20180108","2018010813"
2018,1,8,6,14,183,8,"20180108","2018010814"
2018,1,8,6,15,184,8,"20180108","2018010815"
2018,1,8,6,16,185,8,"20180108","2018010816"
2018,1,8,6,17,186,8,"20180108","2018010817"
2018,1,8,6,18,187,8,"20180108","2018010818"
2018,1,8,6,19,188,8,"20180108","2018010819"
2018,1,8,6,20,189,8,"20180108","2018010820"
2018,1,8,6,21,190,8,"20180108","2018010821"
2018,1,8,6,22,191,8,"20180108","2018010822"
2018,1,8,6,23,192,8,"20180108","2018010823"
2018,1,9,7,0,193,9,"20180109","2018010900"
2018,1,9,7,1,194,9,"20180109","2018010901"
2018,1,9,7,2,195,9,"20180109","2018010902"
2018,1,9,7,3,196,9,"20180109","2018010903"
2018,1,9,7,4,197,9,"20180109","2018010904"
2018,1,9,7,5,198,9,"20180109","2018010905"
2018,1,9,7,6,199,9,"20180109","2018010906"
2018,1,9,7,7,200,9,"20180109","2018010907"
2018,1,9,7,8,201,9,"20180109","2018010908"
2018,1,9,7,9,202,9,"20180109","2018010909"
2018,1,9,7,10,203,9,"20180109","2018010910"
2018,1,9,7,11,204,9,"20180109","2018010911"
2018,1,9,7,12,205,9,"20180109","2018010912"
2018,1,9,7,13,206,9,"20180109","2018010913"
2018,1,9,7,14,207,9,"20180109","2018010914"
2018,1,9,7,15,208,9,"20180109","2018010915"
2018,1,9,7,16,209,9,"20180109","2018010916"
2018,1,9,7,17,210,9,"20180109","2018010917"
2018,1,9,7,18,211,9,"20180109","2018010918"
2018,1,9,7,19,212,9,"20180109","2018010919"
2018,1,9,7,20,213,9,"20180109","2018010920"
2018,1,9,7,21,214,9,"20180109","2018010921"
2018,1,9,7,22,215,9,"20180109","2018010922"
2018,1,9,7,23,216,9,"20180109","2018010923"
2018,1,10,1,0,217,10,"20180110","2018011000"
2018,1,10,1,1,218,10,"20180110","2018011001"
2018,1,10,1,2,219,10,"20180110","2018011002"
2018,1,10,1,3,220,10,"20180110","2018011003"
2018,1,10,1,4,221,10,"20180110","2018011004"
2018,1,10,1,5,222,10,"20180110","2018011005"
2018,1,10,1,6,223,10,"20180110","2018011006"
2018,1,10,1,7,224,10,"20180110","2018011007"
2018,1,10,1,8,225,10,"20180110","2018011008"
2018,1,10,1,9,226,10,"20180110","2018011009"
2018,1,10,1,10,227,10,"20180110","2018011010"
2018,1,10,1,11,228,10,"20180110","2018011011"
2018,1,10,1,12,229,10,"20180110","2018011012"
2018,1,10,1,13,230,10,"20180110","2018011013"
2018,1,10,1,14,231,10,"20180110","2018011014"
2018,1,10,1,15,232,10,"20180110","2018011015"
2018,1,10,1,16,233,10,"20180110","2018011016"
2018,1,10,1,17,234,10,"20180110","2018011017"
2018,1,10,1,18,235,10,"20180110","2018011018"
2018,1,10,1,19,236,10,"20180110","2018011019"
2018,1,10,1,20,237,10,"20180110","2018011020"
2018,1,10,1,21,238,10,"20180110","2018011021"
2018,1,10,1,22,239,10,"20180110","2018011022"
2018,1,10,1,23,240,10,"20180110","2018011023"
2018,1,11,2,0,241,11,"20180111","2018011100"
2018,1,11,2,1,242,11,"20180111","2018011101"
2018,1,11,2,2,243,11,"20180111","2018011102"
2018,1,11,2,3,244,11,"20180111","2018011103"
2018,1,11,2,4,245,11,"20180111","2018011104"
2018,1,11,2,5,246,11,"20180111","2018011105"
2018,1,11,2,6,247,11,"20180111","2018011106"
2018,1,11,2,7,248,11,"20180111","2018011107"
2018,1,11,2,8,249,11,"20180111","2018011108"
2018,1,11,2,9,250,11,"20180111","2018011109"
2018,1,11,2,10,251,11,"20180111","2018011110"
2018,1,11,2,11,252,11,"20180111","2018011111"
2018,1,11,2,12,253,11,"20180111","2018011112"
2018,1,11,2,13,254,11,"20180111","2018011113"
2018,1,11,2,14,255,11,"20180111","2018011114"
2018,1,11,2,15,256,11,"20180111","2018011115"
2018,1,11,2,16,257,11,"20180111","2018011116"
2018,1,11,2,17,258,11,"20180111","2018011117"
2018,1,11,2,18,259,11,"20180111","2018011118"
2018,1,11,2,19,260,11,"20180111","2018011119"
2018,1,11,2,20,261,11,"20180111","2018011120"
2018,1,11,2,21,262,11,"20180111","2018011121"
2018,1,11,2,22,263,11,"20180111","2018011122"
2018,1,11,2,23,264,11,"20180111","2018011123"
2018,1,12,3,0,265,12,"20180112","2018011200"
2018,1,12,3,1,266,12,"20180112","2018011201"
2018,1,12,3,2,267,12,"20180112","2018011202"
2018,1,12,3,3,268,12,"20180112","2018011203"
2018,1,12,3,4,269,12,"20180112","2018011204"
2018,1,12,3,5,270,12,"20180112","2018011205"
2018,1,12,3,6,271,12,"20180112","2018011206"
2018,1,12,3,7,272,12,"20180112","2018011207"
2018,1,12,3,8,273,12,"20180112","2018011208"
2018,1,12,3,9,274,12,"20180112","2018011209"
2018,1,12,3,10,275,12,"20180112","2018011210"
2018,1,12,3,11,276,12,"20180112","2018011211"
2018,1,12,3,12,277,12,"20180112","2018011212"
2018,1,12,3,13,278,12,"20180112","2018011213"
2018,1,12,3,14,279,12,"20180112","2018011214"
2018,1,12,3,15,280,12,"20180112","2018011215"
2018,1,12,3,16,281,12,"20180112","2018011216"
2018,1,12,3,17,282,12,"20180112","2018011217"
2018,1,12,3,18,283,12,"20180112","2018011218"
2018,1,12,3,19,284,12,"20180112","2018011219"
2018,1,12,3,20,285,12,"20180112","2018011220"
2018,1,12,3,21,286,12,"20180112","2018011221"
2018,1,12,3,22,287,12,"20180112","2018011222"
2018,1,12,3,23,288,12,"20180112","2018011223"
2018,1,13,4,0,289,13,"20180113","2018011300"
2018,1,13,4,1,290,13,"20180113","2018011301"
2018,1,13,4,2,291,13,"20180113","2018011302"
2018,1,13,4,3,292,13,"20180113","2018011303"
2018,1,13,4,4,293,13,"20180113","2018011304"
2018,1,13,4,5,294,13,"20180113","2018011305"
2018,1,13,4,6,295,13,"20180113","2018011306"
2018,1,13,4,7,296,13,"20180113","2018011307"
2018,1,13,4,8,297,13,"20180113","2018011308"
2018,1,13,4,9,298,13,"20180113","2018011309"
2018,1,13,4,10,299,13,"20180113","2018011310"
2018,1,13,4,11,300,13,"20180113","2018011311"
2018,1,13,4,12,301,13,"20180113","2018011312"
2018,1,13,4,13,302,13,"20180113","2018011313"
2018,1,13,4,14,303,13,"20180113","2018011314"
2018,1,13,4,15,304,13,"20180113","2018011315"
2018,1,13,4,16,305,13,"20180113","2018011316"
2018,1,13,4,17,306,13,"20180113","2018011317"
2018,1,13,4,18,307,13,"20180113","2018011318"
2018,1,13,4,19,308,13,"20180113","2018011319"
2018,1,13,4,20,309,13,"20180113","2018011320"
2018,1,13,4,21,310,13,"20180113","2018011321"
2018,1,13,4,22,311,13,"20180113","2018011322"
2018,1,13,4,23,312,13,"20180113","2018011323"
2018,1,14,5,0,313,14,"20180114","2018011400"
2018,1,14,5,1,314,14,"20180114","2018011401"
2018,1,14,5,2,315,14,"20180114","2018011402"
2018,1,14,5,3,316,14,"20180114","2018011403"
2018,1,14,5,4,317,14,"20180114","2018011404"
2018,1,14,5,5,318,14,"20180114","2018011405"
2018,1,14,5,6,319,14,"20180114","2018011406"
2018,1,14,5,7,320,14,"20180114","2018011407"
2018,1,14,5,8,321,14,"20180114","2018011408"
2018,1,14,5,9,322,14,"20180114","2018011409"
2018,1,14,5,10,323,14,"20180114","2018011410"
2018,1,14,5,11,324,14,"20180114","2018011411"
2018,1,14,5,12,325,14,"20180114","2018011412"
2018,1,14,5,13,326,14,"20180114","2018011413"
2018,1,14,5,14,327,14,"20180114","2018011414"
2018,1,14,5,15,328,14,"20180114","2018011415"
2018,1,14,5,16,329,14,"20180114","2018011416"
2018,1,14,5,17,330,14,"20180114","2018011417"
2018,1,14,5,18,331,14,"20180114","2018011418"
2018,1,14,5,19,332,14,"20180114","2018011419"
2018,1,14,5,20,333,14,"20180114","2018011420"
2018,1,14,5,21,334,14,"20180114","2018011421"
2018,1,14,5,22,335,14,"20180114","2018011422"
2018,1,14,5,23,336,14,"20180114","2018011423"
2018,1,15,6,0,337,15,"20180115","2018011500"
2018,1,15,6,1,338,15,"20180115","2018011501"
2018,1,15,6,2,339,15,"20180115","2018011502"
2018,1,15,6,3,340,15,"20180115","2018011503"
2018,1,15,6,4,341,15,"20180115","2018011504"
2018,1,15,6,5,342,15,"20180115","2018011505"
2018,1,15,6,6,343,15,"20180115","2018011506"
2018,1,15,6,7,344,15,"20180115","2018011507"
2018,1,15,6,8,345,15,"20180115","2018011508"
2018,1,15,6,9,346,15,"20180115","2018011509"
2018,1,15,6,10,347,15,"20180115","2018011510"
2018,1,15,6,11,348,15,"20180115","2018011511"
2018,1,15,6,12,349,15,"20180115","2018011512"
2018,1,15,6,13,350,15,"20180115","2018011513"
2018,1,15,6,14,351,15,"20180115","2018011514"
2018,1,15,6,15,352,15,"20180115","2018011515"
2018,1,15,6,16,353,15,"20180115","2018011516"
2018,1,15,6,17,354,15,"20180115","2018011517"
2018,1,15,6,18,355,15,"20180115","2018011518"
2018,1,15,6,19,356,15,"20180115","2018011519"
2018,1,15,6,20,357,15,"20180115","2018011520"
2018,1,15,6,21,358,15,"20180115","2018011521"
2018,1,15,6,22,359,15,"20180115","2018011522"
2018,1,15,6,23,360,15,"20180115","2018011523"
2018,1,16,7,0,361,16,"20180116","2018011600"
2018,1,16,7,1,362,16,"20180116","2018011601"
2018,1,16,7,2,363,16,"20180116","2018011602"
2018,1,16,7,3,364,16,"20180116","2018011603"
2018,1,16,7,4,365,16,"20180116","2018011604"
2018,1,16,7,5,366,16,"20180116","2018011605"
2018,1,16,7,6,367,16,"20180116","2018011606"
2018,1,16,7,7,368,16,"20180116","2018011607"
2018,1,16,7,8,369,16,"20180116","2018011608"
2018,1,16,7,9,370,16,"20180116","2018011609"
2018,1,16,7,10,371,16,"20180116","2018011610"
2018,1,16,7,11,372,16,"20180116","2018011611"
2018,1,16,7,12,373,16,"20180116","2018011612"
2018,1,16,7,13,374,16,"20180116","2018011613"
2018,1,16,7,14,375,16,"20180116","2018011614"
2018,1,16,7,15,376,16,"20180116","2018011615"
2018,1,16,7,16,377,16,"20180116","2018011616"
2018,1,16,7,17,378,16,"20180116","2018011617"
2018,1,16,7,18,379,16,"20180116","2018011618"
2018,1,16,7,19,380,16,"20180116","2018011619"
2018,1,16,7,20,381,16,"20180116","2018011620"
2018,1,16,7,21,382,16,"20180116","2018011621"
2018,1,16,7,22,383,16,"20180116","2018011622"
2018,1,16,7,23,384,16,"20180116","2018011623"
2018,1,17,1,0,385,17,"20180117","2018011700"
2018,1,17,1,1,386,17,"20180117","2018011701"
2018,1,17,1,2,387,17,"20180117","2018011702"
2018,1,17,1,3,388,17,"20180117","2018011703"
2018,1,17,1,4,389,17,"20180117","2018011704"
2018,1,17,1,5,390,17,"20180117","2018011705"
2018,1,17,1,6,391,17,"20180117","2018011706"
2018,1,17,1,7,392,17,"20180117","2018011707"
2018,1,17,1,8,393,17,"20180117","2018011708"
2018,1,17,1,9,394,17,"20180117","2018011709"
2018,1,17,1,10,395,17,"20180117","2018011710"
2018,1,17,1,11,396,17,"20180117","2018011711"
2018,1,17,1,12,397,17,"20180117","2018011712"
2018,1,17,1,13,398,17,"20180117","2018011713"
2018,1,17,1,14,399,17,"20180117","2018011714"
2018,1,17,1,15,400,17,"20180117","2018011715"
2018,1,17,1,16,401,17,"20180117","2018011716"
2018,1,17,1,17,402,17,"20180117","2018011717"
2018,1,17,1,18,403,17,"20180117","2018011718"
2018,1,17,1,19,404,17,"20180117","2018011719"
2018,1,17,1,20,405,17,"20180117","2018011720"
2018,1,17,1,21,406,17,"20180117","2018011721"
2018,1,17,1,22,407,17,"20180117","2018011722"
2018,1,17,1,23,408,17,"20180117","2018011723"
2018,1,18,2,0,409,18,"20180118","2018011800"
2018,1,18,2,1,410,18,"20180118","2018011801"
2018,1,18,2,2,411,18,"20180118","2018011802"
2018,1,18,2,3,412,18,"20180118","2018011803"
2018,1,18,2,4,413,18,"20180118","2018011804"
2018,1,18,2,5,414,18,"20180118","2018011805"
2018,1,18,2,6,415,18,"20180118","2018011806"
2018,1,18,2,7,416,18,"20180118","2018011807"
2018,1,18,2,8,417,18,"20180118","2018011808"
2018,1,18,2,9,418,18,"20180118","2018011809"
2018,1,18,2,10,419,18,"20180118","2018011810"
2018,1,18,2,11,420,18,"20180118","2018011811"
2018,1,18,2,12,421,18,"20180118","2018011812"
2018,1,18,2,13,422,18,"20180118","2018011813"
2018,1,18,2,14,423,18,"20180118","2018011814"
2018,1,18,2,15,424,18,"20180118","2018011815"
2018,1,18,2,16,425,18,"20180118","2018011816"
2018,1,18,2,17,426,18,"20180118","2018011817"
2018,1,18,2,18,427,18,"20180118","2018011818"
2018,1,18,2,19,428,18,"20180118","2018011819"
2018,1,18,2,20,429,18,"20180118","2018011820"
2018,1,18,2,21,430,18,"20180118","2018011821"
2018,1,18,2,22,431,18,"20180118","2018011822"
2018,1,18,2,23,432,18,"20180118","2018011823"
2018,1,19,3,0,433,19,"20180119","2018011900"
2018,1,19,3,1,434,19,"20180119","2018011901"
2018,1,19,3,2,435,19,"20180119","2018011902"
2018,1,19,3,3,436,19,"20180119","2018011903"
2018,1,19,3,4,437,19,"20180119","2018011904"
2018,1,19,3,5,438,19,"20180119","2018011905"
2018,1,19,3,6,439,19,"20180119","2018011906"
2018,1,19,3,7,440,19,"20180119","2018011907"
2018,1,19,3,8,441,19,"20180119","2018011908"
2018,1,19,3,9,442,19,"20180119","2018011909"
2018,1,19,3,10,443,19,"20180119","2018011910"
2018,1,19,3,11,444,19,"20180119","2018011911"
2018,1,19,3,12,445,19,"20180119","2018011912"
2018,1,19,3,13,446,19,"20180119","2018011913"
2018,1,19,3,14,447,19,"20180119","2018011914"
2018,1,19,3,15,448,19,"20180119","2018011915"
2018,1,19,3,16,449,19,"20180119","2018011916"
2018,1,19,3,17,450,19,"20180119","2018011917"
2018,1,19,3,18,451,19,"20180119","2018011918"
2018,1,19,3,19,452,19,"20180119","2018011919"
2018,1,19,3,20,453,19,"20180119","2018011920"
2018,1,19,3,21,454,19,"20180119","2018011921"
2018,1,19,3,22,455,19,"20180119","2018011922"
2018,1,19,3,23,456,19,"20180119","2018011923"
2018,1,20,4,0,457,20,"20180120","2018012000"
2018,1,20,4,1,458,20,"20180120","2018012001"
2018,1,20,4,2,459,20,"20180120","2018012002"
2018,1,20,4,3,460,20,"20180120","2018012003"
2018,1,20,4,4,461,20,"20180120","2018012004"
2018,1,20,4,5,462,20,"20180120","2018012005"
2018,1,20,4,6,463,20,"20180120","2018012006"
2018,1,20,4,7,464,20,"20180120","2018012007"
2018,1,20,4,8,465,20,"20180120","2018012008"
2018,1,20,4,9,466,20,"20180120","2018012009"
2018,1,20,4,10,467,20,"20180120","2018012010"
2018,1,20,4,11,468,20,"20180120","2018012011"
2018,1,20,4,12,469,20,"20180120","2018012012"
2018,1,20,4,13,470,20,"20180120","2018012013"
2018,1,20,4,14,471,20,"20180120","2018012014"
2018,1,20,4,15,472,20,"20180120","2018012015"
2018,1,20,4,16,473,20,"20180120","2018012016"
2018,1,20,4,17,474,20,"20180120","2018012017"
2018,1,20,4,18,475,20,"20180120","2018012018"
2018,1,20,4,19,476,20,"20180120","2018012019"
2018,1,20,4,20,477,20,"20180120","2018012020"
2018,1,20,4,21,478,20,"20180120","2018012021"
2018,1,20,4,22,479,20,"20180120","2018012022"
2018,1,20,4,23,480,20,"20180120","2018012023"
2018,1,21,5,0,481,21,"20180121","2018012100"
2018,1,21,5,1,482,21,"20180121","2018012101"
2018,1,21,5,2,483,21,"20180121","2018012102"
2018,1,21,5,3,484,21,"20180121","2018012103"
2018,1,21,5,4,485,21,"20180121","2018012104"
2018,1,21,5,5,486,21,"20180121","2018012105"
2018,1,21,5,6,487,21,"20180121","2018012106"
2018,1,21,5,7,488,21,"20180121","2018012107"
2018,1,21,5,8,489,21,"20180121","2018012108"
2018,1,21,5,9,490,21,"20180121","2018012109"
2018,1,21,5,10,491,21,"20180121","2018012110"
2018,1,21,5,11,492,21,"20180121","2018012111"
2018,1,21,5,12,493,21,"20180121","2018012112"
2018,1,21,5,13,494,21,"20180121","2018012113"
2018,1,21,5,14,495,21,"20180121","2018012114"
2018,1,21,5,15,496,21,"20180121","2018012115"
2018,1,21,5,16,497,21,"20180121","2018012116"
2018,1,21,5,17,498,21,"20180121","2018012117"
2018,1,21,5,18,499,21,"20180121","2018012118"
2018,1,21,5,19,500,21,"20180121","2018012119"
2018,1,21,5,20,501,21,"20180121","2018012120"
2018,1,21,5,21,502,21,"20180121","2018012121"
2018,1,21,5,22,503,21,"20180121","2018012122"
2018,1,21,5,23,504,21,"20180121","2018012123"
2018,1,22,6,0,505,22,"20180122","2018012200"
2018,1,22,6,1,506,22,"20180122","2018012201"
2018,1,22,6,2,507,22,"20180122","2018012202"
2018,1,22,6,3,508,22,"20180122","2018012203"
2018,1,22,6,4,509,22,"20180122","2018012204"
2018,1,22,6,5,510,22,"20180122","2018012205"
2018,1,22,6,6,511,22,"20180122","2018012206"
2018,1,22,6,7,512,22,"20180122","2018012207"
2018,1,22,6,8,513,22,"20180122","2018012208"
2018,1,22,6,9,514,22,"20180122","2018012209"
2018,1,22,6,10,515,22,"20180122","2018012210"
2018,1,22,6,11,516,22,"20180122","2018012211"
2018,1,22,6,12,517,22,"20180122","2018012212"
2018,1,22,6,13,518,22,"20180122","2018012213"
2018,1,22,6,14,519,22,"20180122","2018012214"
2018,1,22,6,15,520,22,"20180122","2018012215"
2018,1,22,6,16,521,22,"20180122","2018012216"
2018,1,22,6,17,522,22,"20180122","2018012217"
2018,1,22,6,18,523,22,"20180122","2018012218"
2018,1,22,6,19,524,22,"20180122","2018012219"
2018,1,22,6,20,525,22,"20180122","2018012220"
2018,1,22,6,21,526,22,"20180122","2018012221"
2018,1,22,6,22,527,22,"20180122","2018012222"
2018,1,22,6,23,528,22,"20180122","2018012223"
2018,1,23,7,0,529,23,"20180123","2018012300"
2018,1,23,7,1,530,23,"20180123","2018012301"
2018,1,23,7,2,531,23,"20180123","2018012302"
2018,1,23,7,3,532,23,"20180123","2018012303"
2018,1,23,7,4,533,23,"20180123","2018012304"
2018,1,23,7,5,534,23,"20180123","2018012305"
2018,1,23,7,6,535,23,"20180123","2018012306"
2018,1,23,7,7,536,23,"20180123","2018012307"
2018,1,23,7,8,537,23,"20180123","2018012308"
2018,1,23,7,9,538,23,"20180123","2018012309"
2018,1,23,7,10,539,23,"20180123","2018012310"
2018,1,23,7,11,540,23,"20180123","2018012311"
2018,1,23,7,12,541,23,"20180123","2018012312"
2018,1,23,7,13,542,23,"20180123","2018012313"
2018,1,23,7,14,543,23,"20180123","2018012314"
2018,1,23,7,15,544,23,"20180123","2018012315"
2018,1,23,7,16,545,23,"20180123","2018012316"
2018,1,23,7,17,546,23,"20180123","2018012317"
2018,1,23,7,18,547,23,"20180123","2018012318"
2018,1,23,7,19,548,23,"20180123","2018012319"
2018,1,23,7,20,549,23,"20180123","2018012320"
2018,1,23,7,21,550,23,"20180123","2018012321"
2018,1,23,7,22,551,23,"20180123","2018012322"
2018,1,23,7,23,552,23,"20180123","2018012323"
2018,1,24,1,0,553,24,"20180124","2018012400"
2018,1,24,1,1,554,24,"20180124","2018012401"
2018,1,24,1,2,555,24,"20180124","2018012402"
2018,1,24,1,3,556,24,"20180124","2018012403"
2018,1,24,1,4,557,24,"20180124","2018012404"
2018,1,24,1,5,558,24,"20180124","2018012405"
2018,1,24,1,6,559,24,"20180124","2018012406"
2018,1,24,1,7,560,24,"20180124","2018012407"
2018,1,24,1,8,561,24,"20180124","2018012408"
2018,1,24,1,9,562,24,"20180124","2018012409"
2018,1,24,1,10,563,24,"20180124","2018012410"
2018,1,24,1,11,564,24,"20180124","2018012411"
2018,1,24,1,12,565,24,"20180124","2018012412"
2018,1,24,1,13,566,24,"20180124","2018012413"
2018,1,24,1,14,567,24,"20180124","2018012414"
2018,1,24,1,15,568,24,"20180124","2018012415"
2018,1,24,1,16,569,24,"20180124","2018012416"
2018,1,24,1,17,570,24,"20180124","2018012417"
2018,1,24,1,18,571,24,"20180124","2018012418"
2018,1,24,1,19,572,24,"20180124","2018012419"
2018,1,24,1,20,573,24,"20180124","2018012420"
2018,1,24,1,21,574,24,"20180124","2018012421"
2018,1,24,1,22,575,24,"20180124","2018012422"
2018,1,24,1,23,576,24,"20180124","2018012423"
2018,1,25,2,0,577,25,"20180125","2018012500"
2018,1,25,2,1,578,25,"20180125","2018012501"
2018,1,25,2,2,579,25,"20180125","2018012502"
2018,1,25,2,3,580,25,"20180125","2018012503"
2018,1,25,2,4,581,25,"20180125","2018012504"
2018,1,25,2,5,582,25,"20180125","2018012505"
2018,1,25,2,6,583,25,"20180125","2018012506"
2018,1,25,2,7,584,25,"20180125","2018012507"
2018,1,25,2,8,585,25,"20180125","2018012508"
2018,1,25,2,9,586,25,"20180125","2018012509"
2018,1,25,2,10,587,25,"20180125","2018012510"
2018,1,25,2,11,588,25,"20180125","2018012511"
2018,1,25,2,12,589,25,"20180125","2018012512"
2018,1,25,2,13,590,25,"20180125","2018012513"
2018,1,25,2,14,591,25,"20180125","2018012514"
2018,1,25,2,15,592,25,"20180125","2018012515"
2018,1,25,2,16,593,25,"20180125","2018012516"
2018,1,25,2,17,594,25,"20180125","2018012517"
2018,1,25,2,18,595,25,"20180125","2018012518"
2018,1,25,2,19,596,25,"20180125","2018012519"
2018,1,25,2,20,597,25,"20180125","2018012520"
2018,1,25,2,21,598,25,"20180125","2018012521"
2018,1,25,2,22,599,25,"20180125","2018012522"
2018,1,25,2,23,600,25,"20180125","2018012523"
2018,1,26,3,0,601,26,"20180126","2018012600"
2018,1,26,3,1,602,26,"20180126","2018012601"
2018,1,26,3,2,603,26,"20180126","2018012602"
2018,1,26,3,3,604,26,"20180126","2018012603"
2018,1,26,3,4,605,26,"20180126","2018012604"
2018,1,26,3,5,606,26,"20180126","2018012605"
2018,1,26,3,6,607,26,"20180126","2018012606"
2018,1,26,3,7,608,26,"20180126","2018012607"
2018,1,26,3,8,609,26,"20180126","2018012608"
2018,1,26,3,9,610,26,"20180126","2018012609"
2018,1,26,3,10,611,26,"20180126","2018012610"
2018,1,26,3,11,612,26,"20180126","2018012611"
2018,1,26,3,12,613,26,"20180126","2018012612"
2018,1,26,3,13,614,26,"20180126","2018012613"
2018,1,26,3,14,615,26,"20180126","2018012614"
2018,1,26,3,15,616,26,"20180126","2018012615"
2018,1,26,3,16,617,26,"20180126","2018012616"
2018,1,26,3,17,618,26,"20180126","2018012617"
2018,1,26,3,18,619,26,"20180126","2018012618"
2018,1,26,3,19,620,26,"20180126","2018012619"
2018,1,26,3,20,621,26,"20180126","2018012620"
2018,1,26,3,21,622,26,"20180126","2018012621"
2018,1,26,3,22,623,26,"20180126","2018012622"
2018,1,26,3,23,624,26,"20180126","2018012623"
2018,1,27,4,0,625,27,"20180127","2018012700"
2018,1,27,4,1,626,27,"20180127","2018012701"
2018,1,27,4,2,627,27,"20180127","2018012702"
2018,1,27,4,3,628,27,"20180127","2018012703"
2018,1,27,4,4,629,27,"20180127","2018012704"
2018,1,27,4,5,630,27,"20180127","2018012705"
2018,1,27,4,6,631,27,"20180127","2018012706"
2018,1,27,4,7,632,27,"20180127","2018012707"
2018,1,27,4,8,633,27,"20180127","2018012708"
2018,1,27,4,9,634,27,"20180127","2018012709"
2018,1,27,4,10,635,27,"20180127","2018012710"
2018,1,27,4,11,636,27,"20180127","2018012711"
2018,1,27,4,12,637,27,"20180127","2018012712"
2018,1,27,4,13,638,27,"20180127","2018012713"
2018,1,27,4,14,639,27,"20180127","2018012714"
2018,1,27,4,15,640,27,"20180127","2018012715"
2018,1,27,4,16,641,27,"20180127","2018012716"
2018,1,27,4,17,642,27,"20180127","2018012717"
2018,1,27,4,18,643,27,"20180127","2018012718"
2018,1,27,4,19,644,27,"20180127","2018012719"
2018,1,27,4,20,645,27,"20180127","2018012720"
2018,1,27,4,21,646,27,"20180127","2018012721"
2018,1,27,4,22,647,27,"20180127","2018012722"
2018,1,27,4,23,648,27,"20180127","2018012723"
2018,1,28,5,0,649,28,"20180128","2018012800"
2018,1,28,5,1,650,28,"20180128","2018012801"
2018,1,28,5,2,651,28,"20180128","2018012802"
2018,1,28,5,3,652,28,"20180128","2018012803"
2018,1,28,5,4,653,28,"20180128","2018012804"
2018,1,28,5,5,654,28,"20180128","2018012805"
2018,1,28,5,6,655,28,"20180128","2018012806"
2018,1,28,5,7,656,28,"20180128","2018012807"
2018,1,28,5,8,657,28,"20180128","2018012808"
2018,1,28,5,9,658,28,"20180128","2018012809"
2018,1,28,5,10,659,28,"20180128","2018012810"
2018,1,28,5,11,660,28,"20180128","2018012811"
2018,1,28,5,12,661,28,"20180128","2018012812"
2018,1,28,5,13,662,28,"20180128","2018012813"
2018,1,28,5,14,663,28,"20180128","2018012814"
2018,1,28,5,15,664,28,"20180128","2018012815"
2018,1,28,5,16,665,28,"20180128","2018012816"
2018,1,28,5,17,666,28,"20180128","2018012817"
2018,1,28,5,18,667,28,"20180128","2018012818"
2018,1,28,5,19,668,28,"20180128","2018012819"
2018,1,28,5,20,669,28,"20180128","2018012820"
2018,1,28,5,21,670,28,"20180128","2018012821"
2018,1,28,5,22,671,28,"20180128","2018012822"
2018,1,28,5,23,672,28,"20180128","2018012823"
2018,1,29,6,0,673,29,"20180129","2018012900"
2018,1,29,6,1,674,29,"20180129","2018012901"
2018,1,29,6,2,675,29,"20180129","2018012902"
2018,1,29,6,3,676,29,"20180129","2018012903"
2018,1,29,6,4,677,29,"20180129","2018012904"
2018,1,29,6,5,678,29,"20180129","2018012905"
2018,1,29,6,6,679,29,"20180129","2018012906"
2018,1,29,6,7,680,29,"20180129","2018012907"
2018,1,29,6,8,681,29,"20180129","2018012908"
2018,1,29,6,9,682,29,"20180129","2018012909"
2018,1,29,6,10,683,29,"20180129","2018012910"
2018,1,29,6,11,684,29,"20180129","2018012911"
2018,1,29,6,12,685,29,"20180129","2018012912"
2018,1,29,6,13,686,29,"20180129","2018012913"
2018,1,29,6,14,687,29,"20180129","2018012914"
2018,1,29,6,15,688,29,"20180129","2018012915"
2018,1,29,6,16,689,29,"20180129","2018012916"
2018,1,29,6,17,690,29,"20180129","2018012917"
2018,1,29,6,18,691,29,"20180129","2018012918"
2018,1,29,6,19,692,29,"20180129","2018012919"
2018,1,29,6,20,693,29,"20180129","2018012920"
2018,1,29,6,21,694,29,"20180129","2018012921"
2018,1,29,6,22,695,29,"20180129","2018012922"
2018,1,29,6,23,696,29,"20180129","2018012923"
2018,1,30,7,0,697,30,"20180130","2018013000"
2018,1,30,7,1,698,30,"20180130","2018013001"
2018,1,30,7,2,699,30,"20180130","2018013002"
2018,1,30,7,3,700,30,"20180130","2018013003"
2018,1,30,7,4,701,30,"20180130","2018013004"
2018,1,30,7,5,702,30,"20180130","2018013005"
2018,1,30,7,6,703,30,"20180130","2018013006"
2018,1,30,7,7,704,30,"20180130","2018013007"
2018,1,30,7,8,705,30,"20180130","2018013008"
2018,1,30,7,9,706,30,"20180130","2018013009"
2018,1,30,7,10,707,30,"20180130","2018013010"
2018,1,30,7,11,708,30,"20180130","2018013011"
2018,1,30,7,12,709,30,"20180130","2018013012"
2018,1,30,7,13,710,30,"20180130","2018013013"
2018,1,30,7,14,711,30,"20180130","2018013014"
2018,1,30,7,15,712,30,"20180130","2018013015"
2018,1,30,7,16,713,30,"20180130","2018013016"
2018,1,30,7,17,714,30,"20180130","2018013017"
2018,1,30,7,18,715,30,"20180130","2018013018"
2018,1,30,7,19,716,30,"20180130","2018013019"
2018,1,30,7,20,717,30,"20180130","2018013020"
2018,1,30,7,21,718,30,"20180130","2018013021"
2018,1,30,7,22,719,30,"20180130","2018013022"
2018,1,30,7,23,720,30,"20180130","2018013023"
2018,1,31,1,0,721,31,"20180131","2018013100"
2018,1,31,1,1,722,31,"20180131","2018013101"
2018,1,31,1,2,723,31,"20180131","2018013102"
2018,1,31,1,3,724,31,"20180131","2018013103"
2018,1,31,1,4,725,31,"20180131","2018013104"
2018,1,31,1,5,726,31,"20180131","2018013105"
2018,1,31,1,6,727,31,"20180131","2018013106"
2018,1,31,1,7,728,31,"20180131","2018013107"
2018,1,31,1,8,729,31,"20180131","2018013108"
2018,1,31,1,9,730,31,"20180131","2018013109"
2018,1,31,1,10,731,31,"20180131","2018013110"
2018,1,31,1,11,732,31,"20180131","2018013111"
2018,1,31,1,12,733,31,"20180131","2018013112"
2018,1,31,1,13,734,31,"20180131","2018013113"
2018,1,31,1,14,735,31,"20180131","2018013114"
2018,1,31,1,15,736,31,"20180131","2018013115"
2018,1,31,1,16,737,31,"20180131","2018013116"
2018,1,31,1,17,738,31,"20180131","2018013117"
2018,1,31,1,18,739,31,"20180131","2018013118"
2018,1,31,1,19,740,31,"20180131","2018013119"
2018,1,31,1,20,741,31,"20180131","2018013120"
2018,1,31,1,21,742,31,"20180131","2018013121"
2018,1,31,1,22,743,31,"20180131","2018013122"
2018,1,31,1,23,744,31,"20180131","2018013123"
2018,2,1,2,0,745,32,"20180201","2018020100"
2018,2,1,2,1,746,32,"20180201","2018020101"
2018,2,1,2,2,747,32,"20180201","2018020102"
2018,2,1,2,3,748,32,"20180201","2018020103"
2018,2,1,2,4,749,32,"20180201","2018020104"
2018,2,1,2,5,750,32,"20180201","2018020105"
2018,2,1,2,6,751,32,"20180201","2018020106"
2018,2,1,2,7,752,32,"20180201","2018020107"
2018,2,1,2,8,753,32,"20180201","2018020108"
2018,2,1,2,9,754,32,"20180201","2018020109"
2018,2,1,2,10,755,32,"20180201","2018020110"
2018,2,1,2,11,756,32,"20180201","2018020111"
2018,2,1,2,12,757,32,"20180201","2018020112"
2018,2,1,2,13,758,32,"20180201","2018020113"
2018,2,1,2,14,759,32,"20180201","2018020114"
2018,2,1,2,15,760,32,"20180201","2018020115"
2018,2,1,2,16,761,32,"20180201","2018020116"
2018,2,1,2,17,762,32,"20180201","2018020117"
2018,2,1,2,18,763,32,"20180201","2018020118"
2018,2,1,2,19,764,32,"20180201","2018020119"
2018,2,1,2,20,765,32,"20180201","2018020120"
2018,2,1,2,21,766,32,"20180201","2018020121"
2018,2,1,2,22,767,32,"20180201","2018020122"
2018,2,1,2,23,768,32,"20180201","2018020123"
2018,2,2,3,0,769,33,"20180202","2018020200"
2018,2,2,3,1,770,33,"20180202","2018020201"
2018,2,2,3,2,771,33,"20180202","2018020202"
2018,2,2,3,3,772,33,"20180202","2018020203"
2018,2,2,3,4,773,33,"20180202","2018020204"
2018,2,2,3,5,774,33,"20180202","2018020205"
2018,2,2,3,6,775,33,"20180202","2018020206"
2018,2,2,3,7,776,33,"20180202","2018020207"
2018,2,2,3,8,777,33,"20180202","2018020208"
2018,2,2,3,9,778,33,"20180202","2018020209"
2018,2,2,3,10,779,33,"20180202","2018020210"
2018,2,2,3,11,780,33,"20180202","2018020211"
2018,2,2,3,12,781,33,"20180202","2018020212"
2018,2,2,3,13,782,33,"20180202","2018020213"
2018,2,2,3,14,783,33,"20180202","2018020214"
2018,2,2,3,15,784,33,"20180202","2018020215"
2018,2,2,3,16,785,33,"20180202","2018020216"
2018,2,2,3,17,786,33,"20180202","2018020217"
2018,2,2,3,18,787,33,"20180202","2018020218"
2018,2,2,3,19,788,33,"20180202","2018020219"
2018,2,2,3,20,789,33,"20180202","2018020220"
2018,2,2,3,21,790,33,"20180202","2018020221"
2018,2,2,3,22,791,33,"20180202","2018020222"
2018,2,2,3,23,792,33,"20180202","2018020223"
2018,2,3,4,0,793,34,"20180203","2018020300"
2018,2,3,4,1,794,34,"20180203","2018020301"
2018,2,3,4,2,795,34,"20180203","2018020302"
2018,2,3,4,3,796,34,"20180203","2018020303"
2018,2,3,4,4,797,34,"20180203","2018020304"
2018,2,3,4,5,798,34,"20180203","2018020305"
2018,2,3,4,6,799,34,"20180203","2018020306"
2018,2,3,4,7,800,34,"20180203","2018020307"
2018,2,3,4,8,801,34,"20180203","2018020308"
2018,2,3,4,9,802,34,"20180203","2018020309"
2018,2,3,4,10,803,34,"20180203","2018020310"
2018,2,3,4,11,804,34,"20180203","2018020311"
2018,2,3,4,12,805,34,"20180203","2018020312"
2018,2,3,4,13,806,34,"20180203","2018020313"
2018,2,3,4,14,807,34,"20180203","2018020314"
2018,2,3,4,15,808,34,"20180203","2018020315"
2018,2,3,4,16,809,34,"20180203","2018020316"
2018,2,3,4,17,810,34,"20180203","2018020317"
2018,2,3,4,18,811,34,"20180203","2018020318"
2018,2,3,4,19,812,34,"20180203","2018020319"
2018,2,3,4,20,813,34,"20180203","2018020320"
2018,2,3,4,21,814,34,"20180203","2018020321"
2018,2,3,4,22,815,34,"20180203","2018020322"
2018,2,3,4,23,816,34,"20180203","2018020323"
2018,2,4,5,0,817,35,"20180204","2018020400"
2018,2,4,5,1,818,35,"20180204","2018020401"
2018,2,4,5,2,819,35,"20180204","2018020402"
2018,2,4,5,3,820,35,"20180204","2018020403"
2018,2,4,5,4,821,35,"20180204","2018020404"
2018,2,4,5,5,822,35,"20180204","2018020405"
2018,2,4,5,6,823,35,"20180204","2018020406"
2018,2,4,5,7,824,35,"20180204","2018020407"
2018,2,4,5,8,825,35,"20180204","2018020408"
2018,2,4,5,9,826,35,"20180204","2018020409"
2018,2,4,5,10,827,35,"20180204","2018020410"
2018,2,4,5,11,828,35,"20180204","2018020411"
2018,2,4,5,12,829,35,"20180204","2018020412"
2018,2,4,5,13,830,35,"20180204","2018020413"
2018,2,4,5,14,831,35,"20180204","2018020414"
2018,2,4,5,15,832,35,"20180204","2018020415"
2018,2,4,5,16,833,35,"20180204","2018020416"
2018,2,4,5,17,834,35,"20180204","2018020417"
2018,2,4,5,18,835,35,"20180204","2018020418"
2018,2,4,5,19,836,35,"20180204","2018020419"
2018,2,4,5,20,837,35,"20180204","2018020420"
2018,2,4,5,21,838,35,"20180204","2018020421"
2018,2,4,5,22,839,35,"20180204","2018020422"
2018,2,4,5,23,840,35,"20180204","2018020423"
2018,2,5,6,0,841,36,"20180205","2018020500"
2018,2,5,6,1,842,36,"20180205","2018020501"
2018,2,5,6,2,843,36,"20180205","2018020502"
2018,2,5,6,3,844,36,"20180205","2018020503"
2018,2,5,6,4,845,36,"20180205","2018020504"
2018,2,5,6,5,846,36,"20180205","2018020505"
2018,2,5,6,6,847,36,"20180205","2018020506"
2018,2,5,6,7,848,36,"20180205","2018020507"
2018,2,5,6,8,849,36,"20180205","2018020508"
2018,2,5,6,9,850,36,"20180205","2018020509"
2018,2,5,6,10,851,36,"20180205","2018020510"
2018,2,5,6,11,852,36,"20180205","2018020511"
2018,2,5,6,12,853,36,"20180205","2018020512"
2018,2,5,6,13,854,36,"20180205","2018020513"
2018,2,5,6,14,855,36,"20180205","2018020514"
2018,2,5,6,15,856,36,"20180205","2018020515"
2018,2,5,6,16,857,36,"20180205","2018020516"
2018,2,5,6,17,858,36,"20180205","2018020517"
2018,2,5,6,18,859,36,"20180205","2018020518"
2018,2,5,6,19,860,36,"20180205","2018020519"
2018,2,5,6,20,861,36,"20180205","2018020520"
2018,2,5,6,21,862,36,"20180205","2018020521"
2018,2,5,6,22,863,36,"20180205","2018020522"
2018,2,5,6,23,864,36,"20180205","2018020523"
2018,2,6,7,0,865,37,"20180206","2018020600"
2018,2,6,7,1,866,37,"20180206","2018020601"
2018,2,6,7,2,867,37,"20180206","2018020602"
2018,2,6,7,3,868,37,"20180206","2018020603"
2018,2,6,7,4,869,37,"20180206","2018020604"
2018,2,6,7,5,870,37,"20180206","2018020605"
2018,2,6,7,6,871,37,"20180206","2018020606"
2018,2,6,7,7,872,37,"20180206","2018020607"
2018,2,6,7,8,873,37,"20180206","2018020608"
2018,2,6,7,9,874,37,"20180206","2018020609"
2018,2,6,7,10,875,37,"20180206","2018020610"
2018,2,6,7,11,876,37,"20180206","2018020611"
2018,2,6,7,12,877,37,"20180206","2018020612"
2018,2,6,7,13,878,37,"20180206","2018020613"
2018,2,6,7,14,879,37,"20180206","2018020614"
2018,2,6,7,15,880,37,"20180206","2018020615"
2018,2,6,7,16,881,37,"20180206","2018020616"
2018,2,6,7,17,882,37,"20180206","2018020617"
2018,2,6,7,18,883,37,"20180206","2018020618"
2018,2,6,7,19,884,37,"20180206","2018020619"
2018,2,6,7,20,885,37,"20180206","2018020620"
2018,2,6,7,21,886,37,"20180206","2018020621"
2018,2,6,7,22,887,37,"20180206","2018020622"
2018,2,6,7,23,888,37,"20180206","2018020623"
2018,2,7,1,0,889,38,"20180207","2018020700"
2018,2,7,1,1,890,38,"20180207","2018020701"
2018,2,7,1,2,891,38,"20180207","2018020702"
2018,2,7,1,3,892,38,"20180207","2018020703"
2018,2,7,1,4,893,38,"20180207","2018020704"
2018,2,7,1,5,894,38,"20180207","2018020705"
2018,2,7,1,6,895,38,"20180207","2018020706"
2018,2,7,1,7,896,38,"20180207","2018020707"
2018,2,7,1,8,897,38,"20180207","2018020708"
2018,2,7,1,9,898,38,"20180207","2018020709"
2018,2,7,1,10,899,38,"20180207","2018020710"
2018,2,7,1,11,900,38,"20180207","2018020711"
2018,2,7,1,12,901,38,"20180207","2018020712"
2018,2,7,1,13,902,38,"20180207","2018020713"
2018,2,7,1,14,903,38,"20180207","2018020714"
2018,2,7,1,15,904,38,"20180207","2018020715"
2018,2,7,1,16,905,38,"20180207","2018020716"
2018,2,7,1,17,906,38,"20180207","2018020717"
2018,2,7,1,18,907,38,"20180207","2018020718"
2018,2,7,1,19,908,38,"20180207","2018020719"
2018,2,7,1,20,909,38,"20180207","2018020720"
2018,2,7,1,21,910,38,"20180207","2018020721"
2018,2,7,1,22,911,38,"20180207","2018020722"
2018,2,7,1,23,912,38,"20180207","2018020723"
2018,2,8,2,0,913,39,"20180208","2018020800"
2018,2,8,2,1,914,39,"20180208","2018020801"
2018,2,8,2,2,915,39,"20180208","2018020802"
2018,2,8,2,3,916,39,"20180208","2018020803"
2018,2,8,2,4,917,39,"20180208","2018020804"
2018,2,8,2,5,918,39,"20180208","2018020805"
2018,2,8,2,6,919,39,"20180208","2018020806"
2018,2,8,2,7,920,39,"20180208","2018020807"
2018,2,8,2,8,921,39,"20180208","2018020808"
2018,2,8,2,9,922,39,"20180208","2018020809"
2018,2,8,2,10,923,39,"20180208","2018020810"
2018,2,8,2,11,924,39,"20180208","2018020811"
2018,2,8,2,12,925,39,"20180208","2018020812"
2018,2,8,2,13,926,39,"20180208","2018020813"
2018,2,8,2,14,927,39,"20180208","2018020814"
2018,2,8,2,15,928,39,"20180208","2018020815"
2018,2,8,2,16,929,39,"20180208","2018020816"
2018,2,8,2,17,930,39,"20180208","2018020817"
2018,2,8,2,18,931,39,"20180208","2018020818"
2018,2,8,2,19,932,39,"20180208","2018020819"
2018,2,8,2,20,933,39,"20180208","2018020820"
2018,2,8,2,21,934,39,"20180208","2018020821"
2018,2,8,2,22,935,39,"20180208","2018020822"
2018,2,8,2,23,936,39,"20180208","2018020823"
2018,2,9,3,0,937,40,"20180209","2018020900"
2018,2,9,3,1,938,40,"20180209","2018020901"
2018,2,9,3,2,939,40,"20180209","2018020902"
2018,2,9,3,3,940,40,"20180209","2018020903"
2018,2,9,3,4,941,40,"20180209","2018020904"
2018,2,9,3,5,942,40,"20180209","2018020905"
2018,2,9,3,6,943,40,"20180209","2018020906"
2018,2,9,3,7,944,40,"20180209","2018020907"
2018,2,9,3,8,945,40,"20180209","2018020908"
2018,2,9,3,9,946,40,"20180209","2018020909"
2018,2,9,3,10,947,40,"20180209","2018020910"
2018,2,9,3,11,948,40,"20180209","2018020911"
2018,2,9,3,12,949,40,"20180209","2018020912"
2018,2,9,3,13,950,40,"20180209","2018020913"
2018,2,9,3,14,951,40,"20180209","2018020914"
2018,2,9,3,15,952,40,"20180209","2018020915"
2018,2,9,3,16,953,40,"20180209","2018020916"
2018,2,9,3,17,954,40,"20180209","2018020917"
2018,2,9,3,18,955,40,"20180209","2018020918"
2018,2,9,3,19,956,40,"20180209","2018020919"
2018,2,9,3,20,957,40,"20180209","2018020920"
2018,2,9,3,21,958,40,"20180209","2018020921"
2018,2,9,3,22,959,40,"20180209","2018020922"
2018,2,9,3,23,960,40,"20180209","2018020923"
2018,2,10,4,0,961,41,"20180210","2018021000"
2018,2,10,4,1,962,41,"20180210","2018021001"
2018,2,10,4,2,963,41,"20180210","2018021002"
2018,2,10,4,3,964,41,"20180210","2018021003"
2018,2,10,4,4,965,41,"20180210","2018021004"
2018,2,10,4,5,966,41,"20180210","2018021005"
2018,2,10,4,6,967,41,"20180210","2018021006"
2018,2,10,4,7,968,41,"20180210","2018021007"
2018,2,10,4,8,969,41,"20180210","2018021008"
2018,2,10,4,9,970,41,"20180210","2018021009"
2018,2,10,4,10,971,41,"20180210","2018021010"
2018,2,10,4,11,972,41,"20180210","2018021011"
2018,2,10,4,12,973,41,"20180210","2018021012"
2018,2,10,4,13,974,41,"20180210","2018021013"
2018,2,10,4,14,975,41,"20180210","2018021014"
2018,2,10,4,15,976,41,"20180210","2018021015"
2018,2,10,4,16,977,41,"20180210","2018021016"
2018,2,10,4,17,978,41,"20180210","2018021017"
2018,2,10,4,18,979,41,"20180210","2018021018"
2018,2,10,4,19,980,41,"20180210","2018021019"
2018,2,10,4,20,981,41,"20180210","2018021020"
2018,2,10,4,21,982,41,"20180210","2018021021"
2018,2,10,4,22,983,41,"20180210","2018021022"
2018,2,10,4,23,984,41,"20180210","2018021023"
2018,2,11,5,0,985,42,"20180211","2018021100"
2018,2,11,5,1,986,42,"20180211","2018021101"
2018,2,11,5,2,987,42,"20180211","2018021102"
2018,2,11,5,3,988,42,"20180211","2018021103"
2018,2,11,5,4,989,42,"20180211","2018021104"
2018,2,11,5,5,990,42,"20180211","2018021105"
2018,2,11,5,6,991,42,"20180211","2018021106"
2018,2,11,5,7,992,42,"20180211","2018021107"
2018,2,11,5,8,993,42,"20180211","2018021108"
2018,2,11,5,9,994,42,"20180211","2018021109"
2018,2,11,5,10,995,42,"20180211","2018021110"
2018,2,11,5,11,996,42,"20180211","2018021111"
2018,2,11,5,12,997,42,"20180211","2018021112"
2018,2,11,5,13,998,42,"20180211","2018021113"
2018,2,11,5,14,999,42,"20180211","2018021114"
2018,2,11,5,15,1000,42,"20180211","2018021115"
2018,2,11,5,16,1001,42,"20180211","2018021116"
2018,2,11,5,17,1002,42,"20180211","2018021117"
2018,2,11,5,18,1003,42,"20180211","2018021118"
2018,2,11,5,19,1004,42,"20180211","2018021119"
2018,2,11,5,20,1005,42,"20180211","2018021120"
2018,2,11,5,21,1006,42,"20180211","2018021121"
2018,2,11,5,22,1007,42,"20180211","2018021122"
2018,2,11,5,23,1008,42,"20180211","2018021123"
2018,2,12,6,0,1009,43,"20180212","2018021200"
2018,2,12,6,1,1010,43,"20180212","2018021201"
2018,2,12,6,2,1011,43,"20180212","2018021202"
2018,2,12,6,3,1012,43,"20180212","2018021203"
2018,2,12,6,4,1013,43,"20180212","2018021204"
2018,2,12,6,5,1014,43,"20180212","2018021205"
2018,2,12,6,6,1015,43,"20180212","2018021206"
2018,2,12,6,7,1016,43,"20180212","2018021207"
2018,2,12,6,8,1017,43,"20180212","2018021208"
2018,2,12,6,9,1018,43,"20180212","2018021209"
2018,2,12,6,10,1019,43,"20180212","2018021210"
2018,2,12,6,11,1020,43,"20180212","2018021211"
2018,2,12,6,12,1021,43,"20180212","2018021212"
2018,2,12,6,13,1022,43,"20180212","2018021213"
2018,2,12,6,14,1023,43,"20180212","2018021214"
2018,2,12,6,15,1024,43,"20180212","2018021215"
2018,2,12,6,16,1025,43,"20180212","2018021216"
2018,2,12,6,17,1026,43,"20180212","2018021217"
2018,2,12,6,18,1027,43,"20180212","2018021218"
2018,2,12,6,19,1028,43,"20180212","2018021219"
2018,2,12,6,20,1029,43,"20180212","2018021220"
2018,2,12,6,21,1030,43,"20180212","2018021221"
2018,2,12,6,22,1031,43,"20180212","2018021222"
2018,2,12,6,23,1032,43,"20180212","2018021223"
2018,2,13,7,0,1033,44,"20180213","2018021300"
2018,2,13,7,1,1034,44,"20180213","2018021301"
2018,2,13,7,2,1035,44,"20180213","2018021302"
2018,2,13,7,3,1036,44,"20180213","2018021303"
2018,2,13,7,4,1037,44,"20180213","2018021304"
2018,2,13,7,5,1038,44,"20180213","2018021305"
2018,2,13,7,6,1039,44,"20180213","2018021306"
2018,2,13,7,7,1040,44,"20180213","2018021307"
2018,2,13,7,8,1041,44,"20180213","2018021308"
2018,2,13,7,9,1042,44,"20180213","2018021309"
2018,2,13,7,10,1043,44,"20180213","2018021310"
2018,2,13,7,11,1044,44,"20180213","2018021311"
2018,2,13,7,12,1045,44,"20180213","2018021312"
2018,2,13,7,13,1046,44,"20180213","2018021313"
2018,2,13,7,14,1047,44,"20180213","2018021314"
2018,2,13,7,15,1048,44,"20180213","2018021315"
2018,2,13,7,16,1049,44,"20180213","2018021316"
2018,2,13,7,17,1050,44,"20180213","2018021317"
2018,2,13,7,18,1051,44,"20180213","2018021318"
2018,2,13,7,19,1052,44,"20180213","2018021319"
2018,2,13,7,20,1053,44,"20180213","2018021320"
2018,2,13,7,21,1054,44,"20180213","2018021321"
2018,2,13,7,22,1055,44,"20180213","2018021322"
2018,2,13,7,23,1056,44,"20180213","2018021323"
2018,2,14,1,0,1057,45,"20180214","2018021400"
2018,2,14,1,1,1058,45,"20180214","2018021401"
2018,2,14,1,2,1059,45,"20180214","2018021402"
2018,2,14,1,3,1060,45,"20180214","2018021403"
2018,2,14,1,4,1061,45,"20180214","2018021404"
2018,2,14,1,5,1062,45,"20180214","2018021405"
2018,2,14,1,6,1063,45,"20180214","2018021406"
2018,2,14,1,7,1064,45,"20180214","2018021407"
2018,2,14,1,8,1065,45,"20180214","2018021408"
2018,2,14,1,9,1066,45,"20180214","2018021409"
2018,2,14,1,10,1067,45,"20180214","2018021410"
2018,2,14,1,11,1068,45,"20180214","2018021411"
2018,2,14,1,12,1069,45,"20180214","2018021412"
2018,2,14,1,13,1070,45,"20180214","2018021413"
2018,2,14,1,14,1071,45,"20180214","2018021414"
2018,2,14,1,15,1072,45,"20180214","2018021415"
2018,2,14,1,16,1073,45,"20180214","2018021416"
2018,2,14,1,17,1074,45,"20180214","2018021417"
2018,2,14,1,18,1075,45,"20180214","2018021418"
2018,2,14,1,19,1076,45,"20180214","2018021419"
2018,2,14,1,20,1077,45,"20180214","2018021420"
2018,2,14,1,21,1078,45,"20180214","2018021421"
2018,2,14,1,22,1079,45,"20180214","2018021422"
2018,2,14,1,23,1080,45,"20180214","2018021423"
2018,2,15,2,0,1081,46,"20180215","2018021500"
2018,2,15,2,1,1082,46,"20180215","2018021501"
2018,2,15,2,2,1083,46,"20180215","2018021502"
2018,2,15,2,3,1084,46,"20180215","2018021503"
2018,2,15,2,4,1085,46,"20180215","2018021504"
2018,2,15,2,5,1086,46,"20180215","2018021505"
2018,2,15,2,6,1087,46,"20180215","2018021506"
2018,2,15,2,7,1088,46,"20180215","2018021507"
2018,2,15,2,8,1089,46,"20180215","2018021508"
2018,2,15,2,9,1090,46,"20180215","2018021509"
2018,2,15,2,10,1091,46,"20180215","2018021510"
2018,2,15,2,11,1092,46,"20180215","2018021511"
2018,2,15,2,12,1093,46,"20180215","2018021512"
2018,2,15,2,13,1094,46,"20180215","2018021513"
2018,2,15,2,14,1095,46,"20180215","2018021514"
2018,2,15,2,15,1096,46,"20180215","2018021515"
2018,2,15,2,16,1097,46,"20180215","2018021516"
2018,2,15,2,17,1098,46,"20180215","2018021517"
2018,2,15,2,18,1099,46,"20180215","2018021518"
2018,2,15,2,19,1100,46,"20180215","2018021519"
2018,2,15,2,20,1101,46,"20180215","2018021520"
2018,2,15,2,21,1102,46,"20180215","2018021521"
2018,2,15,2,22,1103,46,"20180215","2018021522"
2018,2,15,2,23,1104,46,"20180215","2018021523"
2018,2,16,3,0,1105,47,"20180216","2018021600"
2018,2,16,3,1,1106,47,"20180216","2018021601"
2018,2,16,3,2,1107,47,"20180216","2018021602"
2018,2,16,3,3,1108,47,"20180216","2018021603"
2018,2,16,3,4,1109,47,"20180216","2018021604"
2018,2,16,3,5,1110,47,"20180216","2018021605"
2018,2,16,3,6,1111,47,"20180216","2018021606"
2018,2,16,3,7,1112,47,"20180216","2018021607"
2018,2,16,3,8,1113,47,"20180216","2018021608"
2018,2,16,3,9,1114,47,"20180216","2018021609"
2018,2,16,3,10,1115,47,"20180216","2018021610"
2018,2,16,3,11,1116,47,"20180216","2018021611"
2018,2,16,3,12,1117,47,"20180216","2018021612"
2018,2,16,3,13,1118,47,"20180216","2018021613"
2018,2,16,3,14,1119,47,"20180216","2018021614"
2018,2,16,3,15,1120,47,"20180216","2018021615"
2018,2,16,3,16,1121,47,"20180216","2018021616"
2018,2,16,3,17,1122,47,"20180216","2018021617"
2018,2,16,3,18,1123,47,"20180216","2018021618"
2018,2,16,3,19,1124,47,"20180216","2018021619"
2018,2,16,3,20,1125,47,"20180216","2018021620"
2018,2,16,3,21,1126,47,"20180216","2018021621"
2018,2,16,3,22,1127,47,"20180216","2018021622"
2018,2,16,3,23,1128,47,"20180216","2018021623"
2018,2,17,4,0,1129,48,"20180217","2018021700"
2018,2,17,4,1,1130,48,"20180217","2018021701"
2018,2,17,4,2,1131,48,"20180217","2018021702"
2018,2,17,4,3,1132,48,"20180217","2018021703"
2018,2,17,4,4,1133,48,"20180217","2018021704"
2018,2,17,4,5,1134,48,"20180217","2018021705"
2018,2,17,4,6,1135,48,"20180217","2018021706"
2018,2,17,4,7,1136,48,"20180217","2018021707"
2018,2,17,4,8,1137,48,"20180217","2018021708"
2018,2,17,4,9,1138,48,"20180217","2018021709"
2018,2,17,4,10,1139,48,"20180217","2018021710"
2018,2,17,4,11,1140,48,"20180217","2018021711"
2018,2,17,4,12,1141,48,"20180217","2018021712"
2018,2,17,4,13,1142,48,"20180217","2018021713"
2018,2,17,4,14,1143,48,"20180217","2018021714"
2018,2,17,4,15,1144,48,"20180217","2018021715"
2018,2,17,4,16,1145,48,"20180217","2018021716"
2018,2,17,4,17,1146,48,"20180217","2018021717"
2018,2,17,4,18,1147,48,"20180217","2018021718"
2018,2,17,4,19,1148,48,"20180217","2018021719"
2018,2,17,4,20,1149,48,"20180217","2018021720"
2018,2,17,4,21,1150,48,"20180217","2018021721"
2018,2,17,4,22,1151,48,"20180217","2018021722"
2018,2,17,4,23,1152,48,"20180217","2018021723"
2018,2,18,5,0,1153,49,"20180218","2018021800"
2018,2,18,5,1,1154,49,"20180218","2018021801"
2018,2,18,5,2,1155,49,"20180218","2018021802"
2018,2,18,5,3,1156,49,"20180218","2018021803"
2018,2,18,5,4,1157,49,"20180218","2018021804"
2018,2,18,5,5,1158,49,"20180218","2018021805"
2018,2,18,5,6,1159,49,"20180218","2018021806"
2018,2,18,5,7,1160,49,"20180218","2018021807"
2018,2,18,5,8,1161,49,"20180218","2018021808"
2018,2,18,5,9,1162,49,"20180218","2018021809"
2018,2,18,5,10,1163,49,"20180218","2018021810"
2018,2,18,5,11,1164,49,"20180218","2018021811"
2018,2,18,5,12,1165,49,"20180218","2018021812"
2018,2,18,5,13,1166,49,"20180218","2018021813"
2018,2,18,5,14,1167,49,"20180218","2018021814"
2018,2,18,5,15,1168,49,"20180218","2018021815"
2018,2,18,5,16,1169,49,"20180218","2018021816"
2018,2,18,5,17,1170,49,"20180218","2018021817"
2018,2,18,5,18,1171,49,"20180218","2018021818"
2018,2,18,5,19,1172,49,"20180218","2018021819"
2018,2,18,5,20,1173,49,"20180218","2018021820"
2018,2,18,5,21,1174,49,"20180218","2018021821"
2018,2,18,5,22,1175,49,"20180218","2018021822"
2018,2,18,5,23,1176,49,"20180218","2018021823"
2018,2,19,6,0,1177,50,"20180219","2018021900"
2018,2,19,6,1,1178,50,"20180219","2018021901"
2018,2,19,6,2,1179,50,"20180219","2018021902"
2018,2,19,6,3,1180,50,"20180219","2018021903"
2018,2,19,6,4,1181,50,"20180219","2018021904"
2018,2,19,6,5,1182,50,"20180219","2018021905"
2018,2,19,6,6,1183,50,"20180219","2018021906"
2018,2,19,6,7,1184,50,"20180219","2018021907"
2018,2,19,6,8,1185,50,"20180219","2018021908"
2018,2,19,6,9,1186,50,"20180219","2018021909"
2018,2,19,6,10,1187,50,"20180219","2018021910"
2018,2,19,6,11,1188,50,"20180219","2018021911"
2018,2,19,6,12,1189,50,"20180219","2018021912"
2018,2,19,6,13,1190,50,"20180219","2018021913"
2018,2,19,6,14,1191,50,"20180219","2018021914"
2018,2,19,6,15,1192,50,"20180219","2018021915"
2018,2,19,6,16,1193,50,"20180219","2018021916"
2018,2,19,6,17,1194,50,"20180219","2018021917"
2018,2,19,6,18,1195,50,"20180219","2018021918"
2018,2,19,6,19,1196,50,"20180219","2018021919"
2018,2,19,6,20,1197,50,"20180219","2018021920"
2018,2,19,6,21,1198,50,"20180219","2018021921"
2018,2,19,6,22,1199,50,"20180219","2018021922"
2018,2,19,6,23,1200,50,"20180219","2018021923"
2018,2,20,7,0,1201,51,"20180220","2018022000"
2018,2,20,7,1,1202,51,"20180220","2018022001"
2018,2,20,7,2,1203,51,"20180220","2018022002"
2018,2,20,7,3,1204,51,"20180220","2018022003"
2018,2,20,7,4,1205,51,"20180220","2018022004"
2018,2,20,7,5,1206,51,"20180220","2018022005"
2018,2,20,7,6,1207,51,"20180220","2018022006"
2018,2,20,7,7,1208,51,"20180220","2018022007"
2018,2,20,7,8,1209,51,"20180220","2018022008"
2018,2,20,7,9,1210,51,"20180220","2018022009"
2018,2,20,7,10,1211,51,"20180220","2018022010"
2018,2,20,7,11,1212,51,"20180220","2018022011"
2018,2,20,7,12,1213,51,"20180220","2018022012"
2018,2,20,7,13,1214,51,"20180220","2018022013"
2018,2,20,7,14,1215,51,"20180220","2018022014"
2018,2,20,7,15,1216,51,"20180220","2018022015"
2018,2,20,7,16,1217,51,"20180220","2018022016"
2018,2,20,7,17,1218,51,"20180220","2018022017"
2018,2,20,7,18,1219,51,"20180220","2018022018"
2018,2,20,7,19,1220,51,"20180220","2018022019"
2018,2,20,7,20,1221,51,"20180220","2018022020"
2018,2,20,7,21,1222,51,"20180220","2018022021"
2018,2,20,7,22,1223,51,"20180220","2018022022"
2018,2,20,7,23,1224,51,"20180220","2018022023"
2018,2,21,1,0,1225,52,"20180221","2018022100"
2018,2,21,1,1,1226,52,"20180221","2018022101"
2018,2,21,1,2,1227,52,"20180221","2018022102"
2018,2,21,1,3,1228,52,"20180221","2018022103"
2018,2,21,1,4,1229,52,"20180221","2018022104"
2018,2,21,1,5,1230,52,"20180221","2018022105"
2018,2,21,1,6,1231,52,"20180221","2018022106"
2018,2,21,1,7,1232,52,"20180221","2018022107"
2018,2,21,1,8,1233,52,"20180221","2018022108"
2018,2,21,1,9,1234,52,"20180221","2018022109"
2018,2,21,1,10,1235,52,"20180221","2018022110"
2018,2,21,1,11,1236,52,"20180221","2018022111"
2018,2,21,1,12,1237,52,"20180221","2018022112"
2018,2,21,1,13,1238,52,"20180221","2018022113"
2018,2,21,1,14,1239,52,"20180221","2018022114"
2018,2,21,1,15,1240,52,"20180221","2018022115"
2018,2,21,1,16,1241,52,"20180221","2018022116"
2018,2,21,1,17,1242,52,"20180221","2018022117"
2018,2,21,1,18,1243,52,"20180221","2018022118"
2018,2,21,1,19,1244,52,"20180221","2018022119"
2018,2,21,1,20,1245,52,"20180221","2018022120"
2018,2,21,1,21,1246,52,"20180221","2018022121"
2018,2,21,1,22,1247,52,"20180221","2018022122"
2018,2,21,1,23,1248,52,"20180221","2018022123"
2018,2,22,2,0,1249,53,"20180222","2018022200"
2018,2,22,2,1,1250,53,"20180222","2018022201"
2018,2,22,2,2,1251,53,"20180222","2018022202"
2018,2,22,2,3,1252,53,"20180222","2018022203"
2018,2,22,2,4,1253,53,"20180222","2018022204"
2018,2,22,2,5,1254,53,"20180222","2018022205"
2018,2,22,2,6,1255,53,"20180222","2018022206"
2018,2,22,2,7,1256,53,"20180222","2018022207"
2018,2,22,2,8,1257,53,"20180222","2018022208"
2018,2,22,2,9,1258,53,"20180222","2018022209"
2018,2,22,2,10,1259,53,"20180222","2018022210"
2018,2,22,2,11,1260,53,"20180222","2018022211"
2018,2,22,2,12,1261,53,"20180222","2018022212"
2018,2,22,2,13,1262,53,"20180222","2018022213"
2018,2,22,2,14,1263,53,"20180222","2018022214"
2018,2,22,2,15,1264,53,"20180222","2018022215"
2018,2,22,2,16,1265,53,"20180222","2018022216"
2018,2,22,2,17,1266,53,"20180222","2018022217"
2018,2,22,2,18,1267,53,"20180222","2018022218"
2018,2,22,2,19,1268,53,"20180222","2018022219"
2018,2,22,2,20,1269,53,"20180222","2018022220"
2018,2,22,2,21,1270,53,"20180222","2018022221"
2018,2,22,2,22,1271,53,"20180222","2018022222"
2018,2,22,2,23,1272,53,"20180222","2018022223"
2018,2,23,3,0,1273,54,"20180223","2018022300"
2018,2,23,3,1,1274,54,"20180223","2018022301"
2018,2,23,3,2,1275,54,"20180223","2018022302"
2018,2,23,3,3,1276,54,"20180223","2018022303"
2018,2,23,3,4,1277,54,"20180223","2018022304"
2018,2,23,3,5,1278,54,"20180223","2018022305"
2018,2,23,3,6,1279,54,"20180223","2018022306"
2018,2,23,3,7,1280,54,"20180223","2018022307"
2018,2,23,3,8,1281,54,"20180223","2018022308"
2018,2,23,3,9,1282,54,"20180223","2018022309"
2018,2,23,3,10,1283,54,"20180223","2018022310"
2018,2,23,3,11,1284,54,"20180223","2018022311"
2018,2,23,3,12,1285,54,"20180223","2018022312"
2018,2,23,3,13,1286,54,"20180223","2018022313"
2018,2,23,3,14,1287,54,"20180223","2018022314"
2018,2,23,3,15,1288,54,"20180223","2018022315"
2018,2,23,3,16,1289,54,"20180223","2018022316"
2018,2,23,3,17,1290,54,"20180223","2018022317"
2018,2,23,3,18,1291,54,"20180223","2018022318"
2018,2,23,3,19,1292,54,"20180223","2018022319"
2018,2,23,3,20,1293,54,"20180223","2018022320"
2018,2,23,3,21,1294,54,"20180223","2018022321"
2018,2,23,3,22,1295,54,"20180223","2018022322"
2018,2,23,3,23,1296,54,"20180223","2018022323"
2018,2,24,4,0,1297,55,"20180224","2018022400"
2018,2,24,4,1,1298,55,"20180224","2018022401"
2018,2,24,4,2,1299,55,"20180224","2018022402"
2018,2,24,4,3,1300,55,"20180224","2018022403"
2018,2,24,4,4,1301,55,"20180224","2018022404"
2018,2,24,4,5,1302,55,"20180224","2018022405"
2018,2,24,4,6,1303,55,"20180224","2018022406"
2018,2,24,4,7,1304,55,"20180224","2018022407"
2018,2,24,4,8,1305,55,"20180224","2018022408"
2018,2,24,4,9,1306,55,"20180224","2018022409"
2018,2,24,4,10,1307,55,"20180224","2018022410"
2018,2,24,4,11,1308,55,"20180224","2018022411"
2018,2,24,4,12,1309,55,"20180224","2018022412"
2018,2,24,4,13,1310,55,"20180224","2018022413"
2018,2,24,4,14,1311,55,"20180224","2018022414"
2018,2,24,4,15,1312,55,"20180224","2018022415"
2018,2,24,4,16,1313,55,"20180224","2018022416"
2018,2,24,4,17,1314,55,"20180224","2018022417"
2018,2,24,4,18,1315,55,"20180224","2018022418"
2018,2,24,4,19,1316,55,"20180224","2018022419"
2018,2,24,4,20,1317,55,"20180224","2018022420"
2018,2,24,4,21,1318,55,"20180224","2018022421"
2018,2,24,4,22,1319,55,"20180224","2018022422"
2018,2,24,4,23,1320,55,"20180224","2018022423"
2018,2,25,5,0,1321,56,"20180225","2018022500"
2018,2,25,5,1,1322,56,"20180225","2018022501"
2018,2,25,5,2,1323,56,"20180225","2018022502"
2018,2,25,5,3,1324,56,"20180225","2018022503"
2018,2,25,5,4,1325,56,"20180225","2018022504"
2018,2,25,5,5,1326,56,"20180225","2018022505"
2018,2,25,5,6,1327,56,"20180225","2018022506"
2018,2,25,5,7,1328,56,"20180225","2018022507"
2018,2,25,5,8,1329,56,"20180225","2018022508"
2018,2,25,5,9,1330,56,"20180225","2018022509"
2018,2,25,5,10,1331,56,"20180225","2018022510"
2018,2,25,5,11,1332,56,"20180225","2018022511"
2018,2,25,5,12,1333,56,"20180225","2018022512"
2018,2,25,5,13,1334,56,"20180225","2018022513"
2018,2,25,5,14,1335,56,"20180225","2018022514"
2018,2,25,5,15,1336,56,"20180225","2018022515"
2018,2,25,5,16,1337,56,"20180225","2018022516"
2018,2,25,5,17,1338,56,"20180225","2018022517"
2018,2,25,5,18,1339,56,"20180225","2018022518"
2018,2,25,5,19,1340,56,"20180225","2018022519"
2018,2,25,5,20,1341,56,"20180225","2018022520"
2018,2,25,5,21,1342,56,"20180225","2018022521"
2018,2,25,5,22,1343,56,"20180225","2018022522"
2018,2,25,5,23,1344,56,"20180225","2018022523"
2018,2,26,6,0,1345,57,"20180226","2018022600"
2018,2,26,6,1,1346,57,"20180226","2018022601"
2018,2,26,6,2,1347,57,"20180226","2018022602"
2018,2,26,6,3,1348,57,"20180226","2018022603"
2018,2,26,6,4,1349,57,"20180226","2018022604"
2018,2,26,6,5,1350,57,"20180226","2018022605"
2018,2,26,6,6,1351,57,"20180226","2018022606"
2018,2,26,6,7,1352,57,"20180226","2018022607"
2018,2,26,6,8,1353,57,"20180226","2018022608"
2018,2,26,6,9,1354,57,"20180226","2018022609"
2018,2,26,6,10,1355,57,"20180226","2018022610"
2018,2,26,6,11,1356,57,"20180226","2018022611"
2018,2,26,6,12,1357,57,"20180226","2018022612"
2018,2,26,6,13,1358,57,"20180226","2018022613"
2018,2,26,6,14,1359,57,"20180226","2018022614"
2018,2,26,6,15,1360,57,"20180226","2018022615"
2018,2,26,6,16,1361,57,"20180226","2018022616"
2018,2,26,6,17,1362,57,"20180226","2018022617"
2018,2,26,6,18,1363,57,"20180226","2018022618"
2018,2,26,6,19,1364,57,"20180226","2018022619"
2018,2,26,6,20,1365,57,"20180226","2018022620"
2018,2,26,6,21,1366,57,"20180226","2018022621"
2018,2,26,6,22,1367,57,"20180226","2018022622"
2018,2,26,6,23,1368,57,"20180226","2018022623"
2018,2,27,7,0,1369,58,"20180227","2018022700"
2018,2,27,7,1,1370,58,"20180227","2018022701"
2018,2,27,7,2,1371,58,"20180227","2018022702"
2018,2,27,7,3,1372,58,"20180227","2018022703"
2018,2,27,7,4,1373,58,"20180227","2018022704"
2018,2,27,7,5,1374,58,"20180227","2018022705"
2018,2,27,7,6,1375,58,"20180227","2018022706"
2018,2,27,7,7,1376,58,"20180227","2018022707"
2018,2,27,7,8,1377,58,"20180227","2018022708"
2018,2,27,7,9,1378,58,"20180227","2018022709"
2018,2,27,7,10,1379,58,"20180227","2018022710"
2018,2,27,7,11,1380,58,"20180227","2018022711"
2018,2,27,7,12,1381,58,"20180227","2018022712"
2018,2,27,7,13,1382,58,"20180227","2018022713"
2018,2,27,7,14,1383,58,"20180227","2018022714"
2018,2,27,7,15,1384,58,"20180227","2018022715"
2018,2,27,7,16,1385,58,"20180227","2018022716"
2018,2,27,7,17,1386,58,"20180227","2018022717"
2018,2,27,7,18,1387,58,"20180227","2018022718"
2018,2,27,7,19,1388,58,"20180227","2018022719"
2018,2,27,7,20,1389,58,"20180227","2018022720"
2018,2,27,7,21,1390,58,"20180227","2018022721"
2018,2,27,7,22,1391,58,"20180227","2018022722"
2018,2,27,7,23,1392,58,"20180227","2018022723"
2018,2,28,1,0,1393,59,"20180228","2018022800"
2018,2,28,1,1,1394,59,"20180228","2018022801"
2018,2,28,1,2,1395,59,"20180228","2018022802"
2018,2,28,1,3,1396,59,"20180228","2018022803"
2018,2,28,1,4,1397,59,"20180228","2018022804"
2018,2,28,1,5,1398,59,"20180228","2018022805"
2018,2,28,1,6,1399,59,"20180228","2018022806"
2018,2,28,1,7,1400,59,"20180228","2018022807"
2018,2,28,1,8,1401,59,"20180228","2018022808"
2018,2,28,1,9,1402,59,"20180228","2018022809"
2018,2,28,1,10,1403,59,"20180228","2018022810"
2018,2,28,1,11,1404,59,"20180228","2018022811"
2018,2,28,1,12,1405,59,"20180228","2018022812"
2018,2,28,1,13,1406,59,"20180228","2018022813"
2018,2,28,1,14,1407,59,"20180228","2018022814"
2018,2,28,1,15,1408,59,"20180228","2018022815"
2018,2,28,1,16,1409,59,"20180228","2018022816"
2018,2,28,1,17,1410,59,"20180228","2018022817"
2018,2,28,1,18,1411,59,"20180228","2018022818"
2018,2,28,1,19,1412,59,"20180228","2018022819"
2018,2,28,1,20,1413,59,"20180228","2018022820"
2018,2,28,1,21,1414,59,"20180228","2018022821"
2018,2,28,1,22,1415,59,"20180228","2018022822"
2018,2,28,1,23,1416,59,"20180228","2018022823"
2018,3,1,2,0,1417,60,"20180301","2018030100"
2018,3,1,2,1,1418,60,"20180301","2018030101"
2018,3,1,2,2,1419,60,"20180301","2018030102"
2018,3,1,2,3,1420,60,"20180301","2018030103"
2018,3,1,2,4,1421,60,"20180301","2018030104"
2018,3,1,2,5,1422,60,"20180301","2018030105"
2018,3,1,2,6,1423,60,"20180301","2018030106"
2018,3,1,2,7,1424,60,"20180301","2018030107"
2018,3,1,2,8,1425,60,"20180301","2018030108"
2018,3,1,2,9,1426,60,"20180301","2018030109"
2018,3,1,2,10,1427,60,"20180301","2018030110"
2018,3,1,2,11,1428,60,"20180301","2018030111"
2018,3,1,2,12,1429,60,"20180301","2018030112"
2018,3,1,2,13,1430,60,"20180301","2018030113"
2018,3,1,2,14,1431,60,"20180301","2018030114"
2018,3,1,2,15,1432,60,"20180301","2018030115"
2018,3,1,2,16,1433,60,"20180301","2018030116"
2018,3,1,2,17,1434,60,"20180301","2018030117"
2018,3,1,2,18,1435,60,"20180301","2018030118"
2018,3,1,2,19,1436,60,"20180301","2018030119"
2018,3,1,2,20,1437,60,"20180301","2018030120"
2018,3,1,2,21,1438,60,"20180301","2018030121"
2018,3,1,2,22,1439,60,"20180301","2018030122"
2018,3,1,2,23,1440,60,"20180301","2018030123"
2018,3,2,3,0,1441,61,"20180302","2018030200"
2018,3,2,3,1,1442,61,"20180302","2018030201"
2018,3,2,3,2,1443,61,"20180302","2018030202"
2018,3,2,3,3,1444,61,"20180302","2018030203"
2018,3,2,3,4,1445,61,"20180302","2018030204"
2018,3,2,3,5,1446,61,"20180302","2018030205"
2018,3,2,3,6,1447,61,"20180302","2018030206"
2018,3,2,3,7,1448,61,"20180302","2018030207"
2018,3,2,3,8,1449,61,"20180302","2018030208"
2018,3,2,3,9,1450,61,"20180302","2018030209"
2018,3,2,3,10,1451,61,"20180302","2018030210"
2018,3,2,3,11,1452,61,"20180302","2018030211"
2018,3,2,3,12,1453,61,"20180302","2018030212"
2018,3,2,3,13,1454,61,"20180302","2018030213"
2018,3,2,3,14,1455,61,"20180302","2018030214"
2018,3,2,3,15,1456,61,"20180302","2018030215"
2018,3,2,3,16,1457,61,"20180302","2018030216"
2018,3,2,3,17,1458,61,"20180302","2018030217"
2018,3,2,3,18,1459,61,"20180302","2018030218"
2018,3,2,3,19,1460,61,"20180302","2018030219"
2018,3,2,3,20,1461,61,"20180302","2018030220"
2018,3,2,3,21,1462,61,"20180302","2018030221"
2018,3,2,3,22,1463,61,"20180302","2018030222"
2018,3,2,3,23,1464,61,"20180302","2018030223"
2018,3,3,4,0,1465,62,"20180303","2018030300"
2018,3,3,4,1,1466,62,"20180303","2018030301"
2018,3,3,4,2,1467,62,"20180303","2018030302"
2018,3,3,4,3,1468,62,"20180303","2018030303"
2018,3,3,4,4,1469,62,"20180303","2018030304"
2018,3,3,4,5,1470,62,"20180303","2018030305"
2018,3,3,4,6,1471,62,"20180303","2018030306"
2018,3,3,4,7,1472,62,"20180303","2018030307"
2018,3,3,4,8,1473,62,"20180303","2018030308"
2018,3,3,4,9,1474,62,"20180303","2018030309"
2018,3,3,4,10,1475,62,"20180303","2018030310"
2018,3,3,4,11,1476,62,"20180303","2018030311"
2018,3,3,4,12,1477,62,"20180303","2018030312"
2018,3,3,4,13,1478,62,"20180303","2018030313"
2018,3,3,4,14,1479,62,"20180303","2018030314"
2018,3,3,4,15,1480,62,"20180303","2018030315"
2018,3,3,4,16,1481,62,"20180303","2018030316"
2018,3,3,4,17,1482,62,"20180303","2018030317"
2018,3,3,4,18,1483,62,"20180303","2018030318"
2018,3,3,4,19,1484,62,"20180303","2018030319"
2018,3,3,4,20,1485,62,"20180303","2018030320"
2018,3,3,4,21,1486,62,"20180303","2018030321"
2018,3,3,4,22,1487,62,"20180303","2018030322"
2018,3,3,4,23,1488,62,"20180303","2018030323"
2018,3,4,5,0,1489,63,"20180304","2018030400"
2018,3,4,5,1,1490,63,"20180304","2018030401"
2018,3,4,5,2,1491,63,"20180304","2018030402"
2018,3,4,5,3,1492,63,"20180304","2018030403"
2018,3,4,5,4,1493,63,"20180304","2018030404"
2018,3,4,5,5,1494,63,"20180304","2018030405"
2018,3,4,5,6,1495,63,"20180304","2018030406"
2018,3,4,5,7,1496,63,"20180304","2018030407"
2018,3,4,5,8,1497,63,"20180304","2018030408"
2018,3,4,5,9,1498,63,"20180304","2018030409"
2018,3,4,5,10,1499,63,"20180304","2018030410"
2018,3,4,5,11,1500,63,"20180304","2018030411"
2018,3,4,5,12,1501,63,"20180304","2018030412"
2018,3,4,5,13,1502,63,"20180304","2018030413"
2018,3,4,5,14,1503,63,"20180304","2018030414"
2018,3,4,5,15,1504,63,"20180304","2018030415"
2018,3,4,5,16,1505,63,"20180304","2018030416"
2018,3,4,5,17,1506,63,"20180304","2018030417"
2018,3,4,5,18,1507,63,"20180304","2018030418"
2018,3,4,5,19,1508,63,"20180304","2018030419"
2018,3,4,5,20,1509,63,"20180304","2018030420"
2018,3,4,5,21,1510,63,"20180304","2018030421"
2018,3,4,5,22,1511,63,"20180304","2018030422"
2018,3,4,5,23,1512,63,"20180304","2018030423"
2018,3,5,6,0,1513,64,"20180305","2018030500"
2018,3,5,6,1,1514,64,"20180305","2018030501"
2018,3,5,6,2,1515,64,"20180305","2018030502"
2018,3,5,6,3,1516,64,"20180305","2018030503"
2018,3,5,6,4,1517,64,"20180305","2018030504"
2018,3,5,6,5,1518,64,"20180305","2018030505"
2018,3,5,6,6,1519,64,"20180305","2018030506"
2018,3,5,6,7,1520,64,"20180305","2018030507"
2018,3,5,6,8,1521,64,"20180305","2018030508"
2018,3,5,6,9,1522,64,"20180305","2018030509"
2018,3,5,6,10,1523,64,"20180305","2018030510"
2018,3,5,6,11,1524,64,"20180305","2018030511"
2018,3,5,6,12,1525,64,"20180305","2018030512"
2018,3,5,6,13,1526,64,"20180305","2018030513"
2018,3,5,6,14,1527,64,"20180305","2018030514"
2018,3,5,6,15,1528,64,"20180305","2018030515"
2018,3,5,6,16,1529,64,"20180305","2018030516"
2018,3,5,6,17,1530,64,"20180305","2018030517"
2018,3,5,6,18,1531,64,"20180305","2018030518"
2018,3,5,6,19,1532,64,"20180305","2018030519"
2018,3,5,6,20,1533,64,"20180305","2018030520"
2018,3,5,6,21,1534,64,"20180305","2018030521"
2018,3,5,6,22,1535,64,"20180305","2018030522"
2018,3,5,6,23,1536,64,"20180305","2018030523"
2018,3,6,7,0,1537,65,"20180306","2018030600"
2018,3,6,7,1,1538,65,"20180306","2018030601"
2018,3,6,7,2,1539,65,"20180306","2018030602"
2018,3,6,7,3,1540,65,"20180306","2018030603"
2018,3,6,7,4,1541,65,"20180306","2018030604"
2018,3,6,7,5,1542,65,"20180306","2018030605"
2018,3,6,7,6,1543,65,"20180306","2018030606"
2018,3,6,7,7,1544,65,"20180306","2018030607"
2018,3,6,7,8,1545,65,"20180306","2018030608"
2018,3,6,7,9,1546,65,"20180306","2018030609"
2018,3,6,7,10,1547,65,"20180306","2018030610"
2018,3,6,7,11,1548,65,"20180306","2018030611"
2018,3,6,7,12,1549,65,"20180306","2018030612"
2018,3,6,7,13,1550,65,"20180306","2018030613"
2018,3,6,7,14,1551,65,"20180306","2018030614"
2018,3,6,7,15,1552,65,"20180306","2018030615"
2018,3,6,7,16,1553,65,"20180306","2018030616"
2018,3,6,7,17,1554,65,"20180306","2018030617"
2018,3,6,7,18,1555,65,"20180306","2018030618"
2018,3,6,7,19,1556,65,"20180306","2018030619"
2018,3,6,7,20,1557,65,"20180306","2018030620"
2018,3,6,7,21,1558,65,"20180306","2018030621"
2018,3,6,7,22,1559,65,"20180306","2018030622"
2018,3,6,7,23,1560,65,"20180306","2018030623"
2018,3,7,1,0,1561,66,"20180307","2018030700"
2018,3,7,1,1,1562,66,"20180307","2018030701"
2018,3,7,1,2,1563,66,"20180307","2018030702"
2018,3,7,1,3,1564,66,"20180307","2018030703"
2018,3,7,1,4,1565,66,"20180307","2018030704"
2018,3,7,1,5,1566,66,"20180307","2018030705"
2018,3,7,1,6,1567,66,"20180307","2018030706"
2018,3,7,1,7,1568,66,"20180307","2018030707"
2018,3,7,1,8,1569,66,"20180307","2018030708"
2018,3,7,1,9,1570,66,"20180307","2018030709"
2018,3,7,1,10,1571,66,"20180307","2018030710"
2018,3,7,1,11,1572,66,"20180307","2018030711"
2018,3,7,1,12,1573,66,"20180307","2018030712"
2018,3,7,1,13,1574,66,"20180307","2018030713"
2018,3,7,1,14,1575,66,"20180307","2018030714"
2018,3,7,1,15,1576,66,"20180307","2018030715"
2018,3,7,1,16,1577,66,"20180307","2018030716"
2018,3,7,1,17,1578,66,"20180307","2018030717"
2018,3,7,1,18,1579,66,"20180307","2018030718"
2018,3,7,1,19,1580,66,"20180307","2018030719"
2018,3,7,1,20,1581,66,"20180307","2018030720"
2018,3,7,1,21,1582,66,"20180307","2018030721"
2018,3,7,1,22,1583,66,"20180307","2018030722"
2018,3,7,1,23,1584,66,"20180307","2018030723"
2018,3,8,2,0,1585,67,"20180308","2018030800"
2018,3,8,2,1,1586,67,"20180308","2018030801"
2018,3,8,2,2,1587,67,"20180308","2018030802"
2018,3,8,2,3,1588,67,"20180308","2018030803"
2018,3,8,2,4,1589,67,"20180308","2018030804"
2018,3,8,2,5,1590,67,"20180308","2018030805"
2018,3,8,2,6,1591,67,"20180308","2018030806"
2018,3,8,2,7,1592,67,"20180308","2018030807"
2018,3,8,2,8,1593,67,"20180308","2018030808"
2018,3,8,2,9,1594,67,"20180308","2018030809"
2018,3,8,2,10,1595,67,"20180308","2018030810"
2018,3,8,2,11,1596,67,"20180308","2018030811"
2018,3,8,2,12,1597,67,"20180308","2018030812"
2018,3,8,2,13,1598,67,"20180308","2018030813"
2018,3,8,2,14,1599,67,"20180308","2018030814"
2018,3,8,2,15,1600,67,"20180308","2018030815"
2018,3,8,2,16,1601,67,"20180308","2018030816"
2018,3,8,2,17,1602,67,"20180308","2018030817"
2018,3,8,2,18,1603,67,"20180308","2018030818"
2018,3,8,2,19,1604,67,"20180308","2018030819"
2018,3,8,2,20,1605,67,"20180308","2018030820"
2018,3,8,2,21,1606,67,"20180308","2018030821"
2018,3,8,2,22,1607,67,"20180308","2018030822"
2018,3,8,2,23,1608,67,"20180308","2018030823"
2018,3,9,3,0,1609,68,"20180309","2018030900"
2018,3,9,3,1,1610,68,"20180309","2018030901"
2018,3,9,3,2,1611,68,"20180309","2018030902"
2018,3,9,3,3,1612,68,"20180309","2018030903"
2018,3,9,3,4,1613,68,"20180309","2018030904"
2018,3,9,3,5,1614,68,"20180309","2018030905"
2018,3,9,3,6,1615,68,"20180309","2018030906"
2018,3,9,3,7,1616,68,"20180309","2018030907"
2018,3,9,3,8,1617,68,"20180309","2018030908"
2018,3,9,3,9,1618,68,"20180309","2018030909"
2018,3,9,3,10,1619,68,"20180309","2018030910"
2018,3,9,3,11,1620,68,"20180309","2018030911"
2018,3,9,3,12,1621,68,"20180309","2018030912"
2018,3,9,3,13,1622,68,"20180309","2018030913"
2018,3,9,3,14,1623,68,"20180309","2018030914"
2018,3,9,3,15,1624,68,"20180309","2018030915"
2018,3,9,3,16,1625,68,"20180309","2018030916"
2018,3,9,3,17,1626,68,"20180309","2018030917"
2018,3,9,3,18,1627,68,"20180309","2018030918"
2018,3,9,3,19,1628,68,"20180309","2018030919"
2018,3,9,3,20,1629,68,"20180309","2018030920"
2018,3,9,3,21,1630,68,"20180309","2018030921"
2018,3,9,3,22,1631,68,"20180309","2018030922"
2018,3,9,3,23,1632,68,"20180309","2018030923"
2018,3,10,4,0,1633,69,"20180310","2018031000"
2018,3,10,4,1,1634,69,"20180310","2018031001"
2018,3,10,4,2,1635,69,"20180310","2018031002"
2018,3,10,4,3,1636,69,"20180310","2018031003"
2018,3,10,4,4,1637,69,"20180310","2018031004"
2018,3,10,4,5,1638,69,"20180310","2018031005"
2018,3,10,4,6,1639,69,"20180310","2018031006"
2018,3,10,4,7,1640,69,"20180310","2018031007"
2018,3,10,4,8,1641,69,"20180310","2018031008"
2018,3,10,4,9,1642,69,"20180310","2018031009"
2018,3,10,4,10,1643,69,"20180310","2018031010"
2018,3,10,4,11,1644,69,"20180310","2018031011"
2018,3,10,4,12,1645,69,"20180310","2018031012"
2018,3,10,4,13,1646,69,"20180310","2018031013"
2018,3,10,4,14,1647,69,"20180310","2018031014"
2018,3,10,4,15,1648,69,"20180310","2018031015"
2018,3,10,4,16,1649,69,"20180310","2018031016"
2018,3,10,4,17,1650,69,"20180310","2018031017"
2018,3,10,4,18,1651,69,"20180310","2018031018"
2018,3,10,4,19,1652,69,"20180310","2018031019"
2018,3,10,4,20,1653,69,"20180310","2018031020"
2018,3,10,4,21,1654,69,"20180310","2018031021"
2018,3,10,4,22,1655,69,"20180310","2018031022"
2018,3,10,4,23,1656,69,"20180310","2018031023"
2018,3,11,5,0,1657,70,"20180311","2018031100"
2018,3,11,5,1,1658,70,"20180311","2018031101"
2018,3,11,5,2,1659,70,"20180311","2018031102"
2018,3,11,5,3,1660,70,"20180311","2018031103"
2018,3,11,5,4,1661,70,"20180311","2018031104"
2018,3,11,5,5,1662,70,"20180311","2018031105"
2018,3,11,5,6,1663,70,"20180311","2018031106"
2018,3,11,5,7,1664,70,"20180311","2018031107"
2018,3,11,5,8,1665,70,"20180311","2018031108"
2018,3,11,5,9,1666,70,"20180311","2018031109"
2018,3,11,5,10,1667,70,"20180311","2018031110"
2018,3,11,5,11,1668,70,"20180311","2018031111"
2018,3,11,5,12,1669,70,"20180311","2018031112"
2018,3,11,5,13,1670,70,"20180311","2018031113"
2018,3,11,5,14,1671,70,"20180311","2018031114"
2018,3,11,5,15,1672,70,"20180311","2018031115"
2018,3,11,5,16,1673,70,"20180311","2018031116"
2018,3,11,5,17,1674,70,"20180311","2018031117"
2018,3,11,5,18,1675,70,"20180311","2018031118"
2018,3,11,5,19,1676,70,"20180311","2018031119"
2018,3,11,5,20,1677,70,"20180311","2018031120"
2018,3,11,5,21,1678,70,"20180311","2018031121"
2018,3,11,5,22,1679,70,"20180311","2018031122"
2018,3,11,5,23,1680,70,"20180311","2018031123"
2018,3,12,6,0,1681,71,"20180312","2018031200"
2018,3,12,6,1,1682,71,"20180312","2018031201"
2018,3,12,6,2,1683,71,"20180312","2018031202"
2018,3,12,6,3,1684,71,"20180312","2018031203"
2018,3,12,6,4,1685,71,"20180312","2018031204"
2018,3,12,6,5,1686,71,"20180312","2018031205"
2018,3,12,6,6,1687,71,"20180312","2018031206"
2018,3,12,6,7,1688,71,"20180312","2018031207"
2018,3,12,6,8,1689,71,"20180312","2018031208"
2018,3,12,6,9,1690,71,"20180312","2018031209"
2018,3,12,6,10,1691,71,"20180312","2018031210"
2018,3,12,6,11,1692,71,"20180312","2018031211"
2018,3,12,6,12,1693,71,"20180312","2018031212"
2018,3,12,6,13,1694,71,"20180312","2018031213"
2018,3,12,6,14,1695,71,"20180312","2018031214"
2018,3,12,6,15,1696,71,"20180312","2018031215"
2018,3,12,6,16,1697,71,"20180312","2018031216"
2018,3,12,6,17,1698,71,"20180312","2018031217"
2018,3,12,6,18,1699,71,"20180312","2018031218"
2018,3,12,6,19,1700,71,"20180312","2018031219"
2018,3,12,6,20,1701,71,"20180312","2018031220"
2018,3,12,6,21,1702,71,"20180312","2018031221"
2018,3,12,6,22,1703,71,"20180312","2018031222"
2018,3,12,6,23,1704,71,"20180312","2018031223"
2018,3,13,7,0,1705,72,"20180313","2018031300"
2018,3,13,7,1,1706,72,"20180313","2018031301"
2018,3,13,7,2,1707,72,"20180313","2018031302"
2018,3,13,7,3,1708,72,"20180313","2018031303"
2018,3,13,7,4,1709,72,"20180313","2018031304"
2018,3,13,7,5,1710,72,"20180313","2018031305"
2018,3,13,7,6,1711,72,"20180313","2018031306"
2018,3,13,7,7,1712,72,"20180313","2018031307"
2018,3,13,7,8,1713,72,"20180313","2018031308"
2018,3,13,7,9,1714,72,"20180313","2018031309"
2018,3,13,7,10,1715,72,"20180313","2018031310"
2018,3,13,7,11,1716,72,"20180313","2018031311"
2018,3,13,7,12,1717,72,"20180313","2018031312"
2018,3,13,7,13,1718,72,"20180313","2018031313"
2018,3,13,7,14,1719,72,"20180313","2018031314"
2018,3,13,7,15,1720,72,"20180313","2018031315"
2018,3,13,7,16,1721,72,"20180313","2018031316"
2018,3,13,7,17,1722,72,"20180313","2018031317"
2018,3,13,7,18,1723,72,"20180313","2018031318"
2018,3,13,7,19,1724,72,"20180313","2018031319"
2018,3,13,7,20,1725,72,"20180313","2018031320"
2018,3,13,7,21,1726,72,"20180313","2018031321"
2018,3,13,7,22,1727,72,"20180313","2018031322"
2018,3,13,7,23,1728,72,"20180313","2018031323"
2018,3,14,1,0,1729,73,"20180314","2018031400"
2018,3,14,1,1,1730,73,"20180314","2018031401"
2018,3,14,1,2,1731,73,"20180314","2018031402"
2018,3,14,1,3,1732,73,"20180314","2018031403"
2018,3,14,1,4,1733,73,"20180314","2018031404"
2018,3,14,1,5,1734,73,"20180314","2018031405"
2018,3,14,1,6,1735,73,"20180314","2018031406"
2018,3,14,1,7,1736,73,"20180314","2018031407"
2018,3,14,1,8,1737,73,"20180314","2018031408"
2018,3,14,1,9,1738,73,"20180314","2018031409"
2018,3,14,1,10,1739,73,"20180314","2018031410"
2018,3,14,1,11,1740,73,"20180314","2018031411"
2018,3,14,1,12,1741,73,"20180314","2018031412"
2018,3,14,1,13,1742,73,"20180314","2018031413"
2018,3,14,1,14,1743,73,"20180314","2018031414"
2018,3,14,1,15,1744,73,"20180314","2018031415"
2018,3,14,1,16,1745,73,"20180314","2018031416"
2018,3,14,1,17,1746,73,"20180314","2018031417"
2018,3,14,1,18,1747,73,"20180314","2018031418"
2018,3,14,1,19,1748,73,"20180314","2018031419"
2018,3,14,1,20,1749,73,"20180314","2018031420"
2018,3,14,1,21,1750,73,"20180314","2018031421"
2018,3,14,1,22,1751,73,"20180314","2018031422"
2018,3,14,1,23,1752,73,"20180314","2018031423"
2018,3,15,2,0,1753,74,"20180315","2018031500"
2018,3,15,2,1,1754,74,"20180315","2018031501"
2018,3,15,2,2,1755,74,"20180315","2018031502"
2018,3,15,2,3,1756,74,"20180315","2018031503"
2018,3,15,2,4,1757,74,"20180315","2018031504"
2018,3,15,2,5,1758,74,"20180315","2018031505"
2018,3,15,2,6,1759,74,"20180315","2018031506"
2018,3,15,2,7,1760,74,"20180315","2018031507"
2018,3,15,2,8,1761,74,"20180315","2018031508"
2018,3,15,2,9,1762,74,"20180315","2018031509"
2018,3,15,2,10,1763,74,"20180315","2018031510"
2018,3,15,2,11,1764,74,"20180315","2018031511"
2018,3,15,2,12,1765,74,"20180315","2018031512"
2018,3,15,2,13,1766,74,"20180315","2018031513"
2018,3,15,2,14,1767,74,"20180315","2018031514"
2018,3,15,2,15,1768,74,"20180315","2018031515"
2018,3,15,2,16,1769,74,"20180315","2018031516"
2018,3,15,2,17,1770,74,"20180315","2018031517"
2018,3,15,2,18,1771,74,"20180315","2018031518"
2018,3,15,2,19,1772,74,"20180315","2018031519"
2018,3,15,2,20,1773,74,"20180315","2018031520"
2018,3,15,2,21,1774,74,"20180315","2018031521"
2018,3,15,2,22,1775,74,"20180315","2018031522"
2018,3,15,2,23,1776,74,"20180315","2018031523"
2018,3,16,3,0,1777,75,"20180316","2018031600"
2018,3,16,3,1,1778,75,"20180316","2018031601"
2018,3,16,3,2,1779,75,"20180316","2018031602"
2018,3,16,3,3,1780,75,"20180316","2018031603"
2018,3,16,3,4,1781,75,"20180316","2018031604"
2018,3,16,3,5,1782,75,"20180316","2018031605"
2018,3,16,3,6,1783,75,"20180316","2018031606"
2018,3,16,3,7,1784,75,"20180316","2018031607"
2018,3,16,3,8,1785,75,"20180316","2018031608"
2018,3,16,3,9,1786,75,"20180316","2018031609"
2018,3,16,3,10,1787,75,"20180316","2018031610"
2018,3,16,3,11,1788,75,"20180316","2018031611"
2018,3,16,3,12,1789,75,"20180316","2018031612"
2018,3,16,3,13,1790,75,"20180316","2018031613"
2018,3,16,3,14,1791,75,"20180316","2018031614"
2018,3,16,3,15,1792,75,"20180316","2018031615"
2018,3,16,3,16,1793,75,"20180316","2018031616"
2018,3,16,3,17,1794,75,"20180316","2018031617"
2018,3,16,3,18,1795,75,"20180316","2018031618"
2018,3,16,3,19,1796,75,"20180316","2018031619"
2018,3,16,3,20,1797,75,"20180316","2018031620"
2018,3,16,3,21,1798,75,"20180316","2018031621"
2018,3,16,3,22,1799,75,"20180316","2018031622"
2018,3,16,3,23,1800,75,"20180316","2018031623"
2018,3,17,4,0,1801,76,"20180317","2018031700"
2018,3,17,4,1,1802,76,"20180317","2018031701"
2018,3,17,4,2,1803,76,"20180317","2018031702"
2018,3,17,4,3,1804,76,"20180317","2018031703"
2018,3,17,4,4,1805,76,"20180317","2018031704"
2018,3,17,4,5,1806,76,"20180317","2018031705"
2018,3,17,4,6,1807,76,"20180317","2018031706"
2018,3,17,4,7,1808,76,"20180317","2018031707"
2018,3,17,4,8,1809,76,"20180317","2018031708"
2018,3,17,4,9,1810,76,"20180317","2018031709"
2018,3,17,4,10,1811,76,"20180317","2018031710"
2018,3,17,4,11,1812,76,"20180317","2018031711"
2018,3,17,4,12,1813,76,"20180317","2018031712"
2018,3,17,4,13,1814,76,"20180317","2018031713"
2018,3,17,4,14,1815,76,"20180317","2018031714"
2018,3,17,4,15,1816,76,"20180317","2018031715"
2018,3,17,4,16,1817,76,"20180317","2018031716"
2018,3,17,4,17,1818,76,"20180317","2018031717"
2018,3,17,4,18,1819,76,"20180317","2018031718"
2018,3,17,4,19,1820,76,"20180317","2018031719"
2018,3,17,4,20,1821,76,"20180317","2018031720"
2018,3,17,4,21,1822,76,"20180317","2018031721"
2018,3,17,4,22,1823,76,"20180317","2018031722"
2018,3,17,4,23,1824,76,"20180317","2018031723"
2018,3,18,5,0,1825,77,"20180318","2018031800"
2018,3,18,5,1,1826,77,"20180318","2018031801"
2018,3,18,5,2,1827,77,"20180318","2018031802"
2018,3,18,5,3,1828,77,"20180318","2018031803"
2018,3,18,5,4,1829,77,"20180318","2018031804"
2018,3,18,5,5,1830,77,"20180318","2018031805"
2018,3,18,5,6,1831,77,"20180318","2018031806"
2018,3,18,5,7,1832,77,"20180318","2018031807"
2018,3,18,5,8,1833,77,"20180318","2018031808"
2018,3,18,5,9,1834,77,"20180318","2018031809"
2018,3,18,5,10,1835,77,"20180318","2018031810"
2018,3,18,5,11,1836,77,"20180318","2018031811"
2018,3,18,5,12,1837,77,"20180318","2018031812"
2018,3,18,5,13,1838,77,"20180318","2018031813"
2018,3,18,5,14,1839,77,"20180318","2018031814"
2018,3,18,5,15,1840,77,"20180318","2018031815"
2018,3,18,5,16,1841,77,"20180318","2018031816"
2018,3,18,5,17,1842,77,"20180318","2018031817"
2018,3,18,5,18,1843,77,"20180318","2018031818"
2018,3,18,5,19,1844,77,"20180318","2018031819"
2018,3,18,5,20,1845,77,"20180318","2018031820"
2018,3,18,5,21,1846,77,"20180318","2018031821"
2018,3,18,5,22,1847,77,"20180318","2018031822"
2018,3,18,5,23,1848,77,"20180318","2018031823"
2018,3,19,6,0,1849,78,"20180319","2018031900"
2018,3,19,6,1,1850,78,"20180319","2018031901"
2018,3,19,6,2,1851,78,"20180319","2018031902"
2018,3,19,6,3,1852,78,"20180319","2018031903"
2018,3,19,6,4,1853,78,"20180319","2018031904"
2018,3,19,6,5,1854,78,"20180319","2018031905"
2018,3,19,6,6,1855,78,"20180319","2018031906"
2018,3,19,6,7,1856,78,"20180319","2018031907"
2018,3,19,6,8,1857,78,"20180319","2018031908"
2018,3,19,6,9,1858,78,"20180319","2018031909"
2018,3,19,6,10,1859,78,"20180319","2018031910"
2018,3,19,6,11,1860,78,"20180319","2018031911"
2018,3,19,6,12,1861,78,"20180319","2018031912"
2018,3,19,6,13,1862,78,"20180319","2018031913"
2018,3,19,6,14,1863,78,"20180319","2018031914"
2018,3,19,6,15,1864,78,"20180319","2018031915"
2018,3,19,6,16,1865,78,"20180319","2018031916"
2018,3,19,6,17,1866,78,"20180319","2018031917"
2018,3,19,6,18,1867,78,"20180319","2018031918"
2018,3,19,6,19,1868,78,"20180319","2018031919"
2018,3,19,6,20,1869,78,"20180319","2018031920"
2018,3,19,6,21,1870,78,"20180319","2018031921"
2018,3,19,6,22,1871,78,"20180319","2018031922"
2018,3,19,6,23,1872,78,"20180319","2018031923"
2018,3,20,7,0,1873,79,"20180320","2018032000"
2018,3,20,7,1,1874,79,"20180320","2018032001"
2018,3,20,7,2,1875,79,"20180320","2018032002"
2018,3,20,7,3,1876,79,"20180320","2018032003"
2018,3,20,7,4,1877,79,"20180320","2018032004"
2018,3,20,7,5,1878,79,"20180320","2018032005"
2018,3,20,7,6,1879,79,"20180320","2018032006"
2018,3,20,7,7,1880,79,"20180320","2018032007"
2018,3,20,7,8,1881,79,"20180320","2018032008"
2018,3,20,7,9,1882,79,"20180320","2018032009"
2018,3,20,7,10,1883,79,"20180320","2018032010"
2018,3,20,7,11,1884,79,"20180320","2018032011"
2018,3,20,7,12,1885,79,"20180320","2018032012"
2018,3,20,7,13,1886,79,"20180320","2018032013"
2018,3,20,7,14,1887,79,"20180320","2018032014"
2018,3,20,7,15,1888,79,"20180320","2018032015"
2018,3,20,7,16,1889,79,"20180320","2018032016"
2018,3,20,7,17,1890,79,"20180320","2018032017"
2018,3,20,7,18,1891,79,"20180320","2018032018"
2018,3,20,7,19,1892,79,"20180320","2018032019"
2018,3,20,7,20,1893,79,"20180320","2018032020"
2018,3,20,7,21,1894,79,"20180320","2018032021"
2018,3,20,7,22,1895,79,"20180320","2018032022"
2018,3,20,7,23,1896,79,"20180320","2018032023"
2018,3,21,1,0,1897,80,"20180321","2018032100"
2018,3,21,1,1,1898,80,"20180321","2018032101"
2018,3,21,1,2,1899,80,"20180321","2018032102"
2018,3,21,1,3,1900,80,"20180321","2018032103"
2018,3,21,1,4,1901,80,"20180321","2018032104"
2018,3,21,1,5,1902,80,"20180321","2018032105"
2018,3,21,1,6,1903,80,"20180321","2018032106"
2018,3,21,1,7,1904,80,"20180321","2018032107"
2018,3,21,1,8,1905,80,"20180321","2018032108"
2018,3,21,1,9,1906,80,"20180321","2018032109"
2018,3,21,1,10,1907,80,"20180321","2018032110"
2018,3,21,1,11,1908,80,"20180321","2018032111"
2018,3,21,1,12,1909,80,"20180321","2018032112"
2018,3,21,1,13,1910,80,"20180321","2018032113"
2018,3,21,1,14,1911,80,"20180321","2018032114"
2018,3,21,1,15,1912,80,"20180321","2018032115"
2018,3,21,1,16,1913,80,"20180321","2018032116"
2018,3,21,1,17,1914,80,"20180321","2018032117"
2018,3,21,1,18,1915,80,"20180321","2018032118"
2018,3,21,1,19,1916,80,"20180321","2018032119"
2018,3,21,1,20,1917,80,"20180321","2018032120"
2018,3,21,1,21,1918,80,"20180321","2018032121"
2018,3,21,1,22,1919,80,"20180321","2018032122"
2018,3,21,1,23,1920,80,"20180321","2018032123"
2018,3,22,2,0,1921,81,"20180322","2018032200"
2018,3,22,2,1,1922,81,"20180322","2018032201"
2018,3,22,2,2,1923,81,"20180322","2018032202"
2018,3,22,2,3,1924,81,"20180322","2018032203"
2018,3,22,2,4,1925,81,"20180322","2018032204"
2018,3,22,2,5,1926,81,"20180322","2018032205"
2018,3,22,2,6,1927,81,"20180322","2018032206"
2018,3,22,2,7,1928,81,"20180322","2018032207"
2018,3,22,2,8,1929,81,"20180322","2018032208"
2018,3,22,2,9,1930,81,"20180322","2018032209"
2018,3,22,2,10,1931,81,"20180322","2018032210"
2018,3,22,2,11,1932,81,"20180322","2018032211"
2018,3,22,2,12,1933,81,"20180322","2018032212"
2018,3,22,2,13,1934,81,"20180322","2018032213"
2018,3,22,2,14,1935,81,"20180322","2018032214"
2018,3,22,2,15,1936,81,"20180322","2018032215"
2018,3,22,2,16,1937,81,"20180322","2018032216"
2018,3,22,2,17,1938,81,"20180322","2018032217"
2018,3,22,2,18,1939,81,"20180322","2018032218"
2018,3,22,2,19,1940,81,"20180322","2018032219"
2018,3,22,2,20,1941,81,"20180322","2018032220"
2018,3,22,2,21,1942,81,"20180322","2018032221"
2018,3,22,2,22,1943,81,"20180322","2018032222"
2018,3,22,2,23,1944,81,"20180322","2018032223"
2018,3,23,3,0,1945,82,"20180323","2018032300"
2018,3,23,3,1,1946,82,"20180323","2018032301"
2018,3,23,3,2,1947,82,"20180323","2018032302"
2018,3,23,3,3,1948,82,"20180323","2018032303"
2018,3,23,3,4,1949,82,"20180323","2018032304"
2018,3,23,3,5,1950,82,"20180323","2018032305"
2018,3,23,3,6,1951,82,"20180323","2018032306"
2018,3,23,3,7,1952,82,"20180323","2018032307"
2018,3,23,3,8,1953,82,"20180323","2018032308"
2018,3,23,3,9,1954,82,"20180323","2018032309"
2018,3,23,3,10,1955,82,"20180323","2018032310"
2018,3,23,3,11,1956,82,"20180323","2018032311"
2018,3,23,3,12,1957,82,"20180323","2018032312"
2018,3,23,3,13,1958,82,"20180323","2018032313"
2018,3,23,3,14,1959,82,"20180323","2018032314"
2018,3,23,3,15,1960,82,"20180323","2018032315"
2018,3,23,3,16,1961,82,"20180323","2018032316"
2018,3,23,3,17,1962,82,"20180323","2018032317"
2018,3,23,3,18,1963,82,"20180323","2018032318"
2018,3,23,3,19,1964,82,"20180323","2018032319"
2018,3,23,3,20,1965,82,"20180323","2018032320"
2018,3,23,3,21,1966,82,"20180323","2018032321"
2018,3,23,3,22,1967,82,"20180323","2018032322"
2018,3,23,3,23,1968,82,"20180323","2018032323"
2018,3,24,4,0,1969,83,"20180324","2018032400"
2018,3,24,4,1,1970,83,"20180324","2018032401"
2018,3,24,4,2,1971,83,"20180324","2018032402"
2018,3,24,4,3,1972,83,"20180324","2018032403"
2018,3,24,4,4,1973,83,"20180324","2018032404"
2018,3,24,4,5,1974,83,"20180324","2018032405"
2018,3,24,4,6,1975,83,"20180324","2018032406"
2018,3,24,4,7,1976,83,"20180324","2018032407"
2018,3,24,4,8,1977,83,"20180324","2018032408"
2018,3,24,4,9,1978,83,"20180324","2018032409"
2018,3,24,4,10,1979,83,"20180324","2018032410"
2018,3,24,4,11,1980,83,"20180324","2018032411"
2018,3,24,4,12,1981,83,"20180324","2018032412"
2018,3,24,4,13,1982,83,"20180324","2018032413"
2018,3,24,4,14,1983,83,"20180324","2018032414"
2018,3,24,4,15,1984,83,"20180324","2018032415"
2018,3,24,4,16,1985,83,"20180324","2018032416"
2018,3,24,4,17,1986,83,"20180324","2018032417"
2018,3,24,4,18,1987,83,"20180324","2018032418"
2018,3,24,4,19,1988,83,"20180324","2018032419"
2018,3,24,4,20,1989,83,"20180324","2018032420"
2018,3,24,4,21,1990,83,"20180324","2018032421"
2018,3,24,4,22,1991,83,"20180324","2018032422"
2018,3,24,4,23,1992,83,"20180324","2018032423"
2018,3,25,5,0,1993,84,"20180325","2018032500"
2018,3,25,5,1,1994,84,"20180325","2018032501"
2018,3,25,5,2,1995,84,"20180325","2018032502"
2018,3,25,5,3,1996,84,"20180325","2018032503"
2018,3,25,5,4,1997,84,"20180325","2018032504"
2018,3,25,5,5,1998,84,"20180325","2018032505"
2018,3,25,5,6,1999,84,"20180325","2018032506"
2018,3,25,5,7,2000,84,"20180325","2018032507"
2018,3,25,5,8,2001,84,"20180325","2018032508"
2018,3,25,5,9,2002,84,"20180325","2018032509"
2018,3,25,5,10,2003,84,"20180325","2018032510"
2018,3,25,5,11,2004,84,"20180325","2018032511"
2018,3,25,5,12,2005,84,"20180325","2018032512"
2018,3,25,5,13,2006,84,"20180325","2018032513"
2018,3,25,5,14,2007,84,"20180325","2018032514"
2018,3,25,5,15,2008,84,"20180325","2018032515"
2018,3,25,5,16,2009,84,"20180325","2018032516"
2018,3,25,5,17,2010,84,"20180325","2018032517"
2018,3,25,5,18,2011,84,"20180325","2018032518"
2018,3,25,5,19,2012,84,"20180325","2018032519"
2018,3,25,5,20,2013,84,"20180325","2018032520"
2018,3,25,5,21,2014,84,"20180325","2018032521"
2018,3,25,5,22,2015,84,"20180325","2018032522"
2018,3,25,5,23,2016,84,"20180325","2018032523"
2018,3,26,6,0,2017,85,"20180326","2018032600"
2018,3,26,6,1,2018,85,"20180326","2018032601"
2018,3,26,6,2,2019,85,"20180326","2018032602"
2018,3,26,6,3,2020,85,"20180326","2018032603"
2018,3,26,6,4,2021,85,"20180326","2018032604"
2018,3,26,6,5,2022,85,"20180326","2018032605"
2018,3,26,6,6,2023,85,"20180326","2018032606"
2018,3,26,6,7,2024,85,"20180326","2018032607"
2018,3,26,6,8,2025,85,"20180326","2018032608"
2018,3,26,6,9,2026,85,"20180326","2018032609"
2018,3,26,6,10,2027,85,"20180326","2018032610"
2018,3,26,6,11,2028,85,"20180326","2018032611"
2018,3,26,6,12,2029,85,"20180326","2018032612"
2018,3,26,6,13,2030,85,"20180326","2018032613"
2018,3,26,6,14,2031,85,"20180326","2018032614"
2018,3,26,6,15,2032,85,"20180326","2018032615"
2018,3,26,6,16,2033,85,"20180326","2018032616"
2018,3,26,6,17,2034,85,"20180326","2018032617"
2018,3,26,6,18,2035,85,"20180326","2018032618"
2018,3,26,6,19,2036,85,"20180326","2018032619"
2018,3,26,6,20,2037,85,"20180326","2018032620"
2018,3,26,6,21,2038,85,"20180326","2018032621"
2018,3,26,6,22,2039,85,"20180326","2018032622"
2018,3,26,6,23,2040,85,"20180326","2018032623"
2018,3,27,7,0,2041,86,"20180327","2018032700"
2018,3,27,7,1,2042,86,"20180327","2018032701"
2018,3,27,7,2,2043,86,"20180327","2018032702"
2018,3,27,7,3,2044,86,"20180327","2018032703"
2018,3,27,7,4,2045,86,"20180327","2018032704"
2018,3,27,7,5,2046,86,"20180327","2018032705"
2018,3,27,7,6,2047,86,"20180327","2018032706"
2018,3,27,7,7,2048,86,"20180327","2018032707"
2018,3,27,7,8,2049,86,"20180327","2018032708"
2018,3,27,7,9,2050,86,"20180327","2018032709"
2018,3,27,7,10,2051,86,"20180327","2018032710"
2018,3,27,7,11,2052,86,"20180327","2018032711"
2018,3,27,7,12,2053,86,"20180327","2018032712"
2018,3,27,7,13,2054,86,"20180327","2018032713"
2018,3,27,7,14,2055,86,"20180327","2018032714"
2018,3,27,7,15,2056,86,"20180327","2018032715"
2018,3,27,7,16,2057,86,"20180327","2018032716"
2018,3,27,7,17,2058,86,"20180327","2018032717"
2018,3,27,7,18,2059,86,"20180327","2018032718"
2018,3,27,7,19,2060,86,"20180327","2018032719"
2018,3,27,7,20,2061,86,"20180327","2018032720"
2018,3,27,7,21,2062,86,"20180327","2018032721"
2018,3,27,7,22,2063,86,"20180327","2018032722"
2018,3,27,7,23,2064,86,"20180327","2018032723"
2018,3,28,1,0,2065,87,"20180328","2018032800"
2018,3,28,1,1,2066,87,"20180328","2018032801"
2018,3,28,1,2,2067,87,"20180328","2018032802"
2018,3,28,1,3,2068,87,"20180328","2018032803"
2018,3,28,1,4,2069,87,"20180328","2018032804"
2018,3,28,1,5,2070,87,"20180328","2018032805"
2018,3,28,1,6,2071,87,"20180328","2018032806"
2018,3,28,1,7,2072,87,"20180328","2018032807"
2018,3,28,1,8,2073,87,"20180328","2018032808"
2018,3,28,1,9,2074,87,"20180328","2018032809"
2018,3,28,1,10,2075,87,"20180328","2018032810"
2018,3,28,1,11,2076,87,"20180328","2018032811"
2018,3,28,1,12,2077,87,"20180328","2018032812"
2018,3,28,1,13,2078,87,"20180328","2018032813"
2018,3,28,1,14,2079,87,"20180328","2018032814"
2018,3,28,1,15,2080,87,"20180328","2018032815"
2018,3,28,1,16,2081,87,"20180328","2018032816"
2018,3,28,1,17,2082,87,"20180328","2018032817"
2018,3,28,1,18,2083,87,"20180328","2018032818"
2018,3,28,1,19,2084,87,"20180328","2018032819"
2018,3,28,1,20,2085,87,"20180328","2018032820"
2018,3,28,1,21,2086,87,"20180328","2018032821"
2018,3,28,1,22,2087,87,"20180328","2018032822"
2018,3,28,1,23,2088,87,"20180328","2018032823"
2018,3,29,2,0,2089,88,"20180329","2018032900"
2018,3,29,2,1,2090,88,"20180329","2018032901"
2018,3,29,2,2,2091,88,"20180329","2018032902"
2018,3,29,2,3,2092,88,"20180329","2018032903"
2018,3,29,2,4,2093,88,"20180329","2018032904"
2018,3,29,2,5,2094,88,"20180329","2018032905"
2018,3,29,2,6,2095,88,"20180329","2018032906"
2018,3,29,2,7,2096,88,"20180329","2018032907"
2018,3,29,2,8,2097,88,"20180329","2018032908"
2018,3,29,2,9,2098,88,"20180329","2018032909"
2018,3,29,2,10,2099,88,"20180329","2018032910"
2018,3,29,2,11,2100,88,"20180329","2018032911"
2018,3,29,2,12,2101,88,"20180329","2018032912"
2018,3,29,2,13,2102,88,"20180329","2018032913"
2018,3,29,2,14,2103,88,"20180329","2018032914"
2018,3,29,2,15,2104,88,"20180329","2018032915"
2018,3,29,2,16,2105,88,"20180329","2018032916"
2018,3,29,2,17,2106,88,"20180329","2018032917"
2018,3,29,2,18,2107,88,"20180329","2018032918"
2018,3,29,2,19,2108,88,"20180329","2018032919"
2018,3,29,2,20,2109,88,"20180329","2018032920"
2018,3,29,2,21,2110,88,"20180329","2018032921"
2018,3,29,2,22,2111,88,"20180329","2018032922"
2018,3,29,2,23,2112,88,"20180329","2018032923"
2018,3,30,3,0,2113,89,"20180330","2018033000"
2018,3,30,3,1,2114,89,"20180330","2018033001"
2018,3,30,3,2,2115,89,"20180330","2018033002"
2018,3,30,3,3,2116,89,"20180330","2018033003"
2018,3,30,3,4,2117,89,"20180330","2018033004"
2018,3,30,3,5,2118,89,"20180330","2018033005"
2018,3,30,3,6,2119,89,"20180330","2018033006"
2018,3,30,3,7,2120,89,"20180330","2018033007"
2018,3,30,3,8,2121,89,"20180330","2018033008"
2018,3,30,3,9,2122,89,"20180330","2018033009"
2018,3,30,3,10,2123,89,"20180330","2018033010"
2018,3,30,3,11,2124,89,"20180330","2018033011"
2018,3,30,3,12,2125,89,"20180330","2018033012"
2018,3,30,3,13,2126,89,"20180330","2018033013"
2018,3,30,3,14,2127,89,"20180330","2018033014"
2018,3,30,3,15,2128,89,"20180330","2018033015"
2018,3,30,3,16,2129,89,"20180330","2018033016"
2018,3,30,3,17,2130,89,"20180330","2018033017"
2018,3,30,3,18,2131,89,"20180330","2018033018"
2018,3,30,3,19,2132,89,"20180330","2018033019"
2018,3,30,3,20,2133,89,"20180330","2018033020"
2018,3,30,3,21,2134,89,"20180330","2018033021"
2018,3,30,3,22,2135,89,"20180330","2018033022"
2018,3,30,3,23,2136,89,"20180330","2018033023"
2018,3,31,4,0,2137,90,"20180331","2018033100"
2018,3,31,4,1,2138,90,"20180331","2018033101"
2018,3,31,4,2,2139,90,"20180331","2018033102"
2018,3,31,4,3,2140,90,"20180331","2018033103"
2018,3,31,4,4,2141,90,"20180331","2018033104"
2018,3,31,4,5,2142,90,"20180331","2018033105"
2018,3,31,4,6,2143,90,"20180331","2018033106"
2018,3,31,4,7,2144,90,"20180331","2018033107"
2018,3,31,4,8,2145,90,"20180331","2018033108"
2018,3,31,4,9,2146,90,"20180331","2018033109"
2018,3,31,4,10,2147,90,"20180331","2018033110"
2018,3,31,4,11,2148,90,"20180331","2018033111"
2018,3,31,4,12,2149,90,"20180331","2018033112"
2018,3,31,4,13,2150,90,"20180331","2018033113"
2018,3,31,4,14,2151,90,"20180331","2018033114"
2018,3,31,4,15,2152,90,"20180331","2018033115"
2018,3,31,4,16,2153,90,"20180331","2018033116"
2018,3,31,4,17,2154,90,"20180331","2018033117"
2018,3,31,4,18,2155,90,"20180331","2018033118"
2018,3,31,4,19,2156,90,"20180331","2018033119"
2018,3,31,4,20,2157,90,"20180331","2018033120"
2018,3,31,4,21,2158,90,"20180331","2018033121"
2018,3,31,4,22,2159,90,"20180331","2018033122"
2018,3,31,4,23,2160,90,"20180331","2018033123"
2018,4,1,5,0,2161,91,"20180401","2018040100"
2018,4,1,5,1,2162,91,"20180401","2018040101"
2018,4,1,5,2,2163,91,"20180401","2018040102"
2018,4,1,5,3,2164,91,"20180401","2018040103"
2018,4,1,5,4,2165,91,"20180401","2018040104"
2018,4,1,5,5,2166,91,"20180401","2018040105"
2018,4,1,5,6,2167,91,"20180401","2018040106"
2018,4,1,5,7,2168,91,"20180401","2018040107"
2018,4,1,5,8,2169,91,"20180401","2018040108"
2018,4,1,5,9,2170,91,"20180401","2018040109"
2018,4,1,5,10,2171,91,"20180401","2018040110"
2018,4,1,5,11,2172,91,"20180401","2018040111"
2018,4,1,5,12,2173,91,"20180401","2018040112"
2018,4,1,5,13,2174,91,"20180401","2018040113"
2018,4,1,5,14,2175,91,"20180401","2018040114"
2018,4,1,5,15,2176,91,"20180401","2018040115"
2018,4,1,5,16,2177,91,"20180401","2018040116"
2018,4,1,5,17,2178,91,"20180401","2018040117"
2018,4,1,5,18,2179,91,"20180401","2018040118"
2018,4,1,5,19,2180,91,"20180401","2018040119"
2018,4,1,5,20,2181,91,"20180401","2018040120"
2018,4,1,5,21,2182,91,"20180401","2018040121"
2018,4,1,5,22,2183,91,"20180401","2018040122"
2018,4,1,5,23,2184,91,"20180401","2018040123"
2018,4,2,6,0,2185,92,"20180402","2018040200"
2018,4,2,6,1,2186,92,"20180402","2018040201"
2018,4,2,6,2,2187,92,"20180402","2018040202"
2018,4,2,6,3,2188,92,"20180402","2018040203"
2018,4,2,6,4,2189,92,"20180402","2018040204"
2018,4,2,6,5,2190,92,"20180402","2018040205"
2018,4,2,6,6,2191,92,"20180402","2018040206"
2018,4,2,6,7,2192,92,"20180402","2018040207"
2018,4,2,6,8,2193,92,"20180402","2018040208"
2018,4,2,6,9,2194,92,"20180402","2018040209"
2018,4,2,6,10,2195,92,"20180402","2018040210"
2018,4,2,6,11,2196,92,"20180402","2018040211"
2018,4,2,6,12,2197,92,"20180402","2018040212"
2018,4,2,6,13,2198,92,"20180402","2018040213"
2018,4,2,6,14,2199,92,"20180402","2018040214"
2018,4,2,6,15,2200,92,"20180402","2018040215"
2018,4,2,6,16,2201,92,"20180402","2018040216"
2018,4,2,6,17,2202,92,"20180402","2018040217"
2018,4,2,6,18,2203,92,"20180402","2018040218"
2018,4,2,6,19,2204,92,"20180402","2018040219"
2018,4,2,6,20,2205,92,"20180402","2018040220"
2018,4,2,6,21,2206,92,"20180402","2018040221"
2018,4,2,6,22,2207,92,"20180402","2018040222"
2018,4,2,6,23,2208,92,"20180402","2018040223"
2018,4,3,7,0,2209,93,"20180403","2018040300"
2018,4,3,7,1,2210,93,"20180403","2018040301"
2018,4,3,7,2,2211,93,"20180403","2018040302"
2018,4,3,7,3,2212,93,"20180403","2018040303"
2018,4,3,7,4,2213,93,"20180403","2018040304"
2018,4,3,7,5,2214,93,"20180403","2018040305"
2018,4,3,7,6,2215,93,"20180403","2018040306"
2018,4,3,7,7,2216,93,"20180403","2018040307"
2018,4,3,7,8,2217,93,"20180403","2018040308"
2018,4,3,7,9,2218,93,"20180403","2018040309"
2018,4,3,7,10,2219,93,"20180403","2018040310"
2018,4,3,7,11,2220,93,"20180403","2018040311"
2018,4,3,7,12,2221,93,"20180403","2018040312"
2018,4,3,7,13,2222,93,"20180403","2018040313"
2018,4,3,7,14,2223,93,"20180403","2018040314"
2018,4,3,7,15,2224,93,"20180403","2018040315"
2018,4,3,7,16,2225,93,"20180403","2018040316"
2018,4,3,7,17,2226,93,"20180403","2018040317"
2018,4,3,7,18,2227,93,"20180403","2018040318"
2018,4,3,7,19,2228,93,"20180403","2018040319"
2018,4,3,7,20,2229,93,"20180403","2018040320"
2018,4,3,7,21,2230,93,"20180403","2018040321"
2018,4,3,7,22,2231,93,"20180403","2018040322"
2018,4,3,7,23,2232,93,"20180403","2018040323"
2018,4,4,1,0,2233,94,"20180404","2018040400"
2018,4,4,1,1,2234,94,"20180404","2018040401"
2018,4,4,1,2,2235,94,"20180404","2018040402"
2018,4,4,1,3,2236,94,"20180404","2018040403"
2018,4,4,1,4,2237,94,"20180404","2018040404"
2018,4,4,1,5,2238,94,"20180404","2018040405"
2018,4,4,1,6,2239,94,"20180404","2018040406"
2018,4,4,1,7,2240,94,"20180404","2018040407"
2018,4,4,1,8,2241,94,"20180404","2018040408"
2018,4,4,1,9,2242,94,"20180404","2018040409"
2018,4,4,1,10,2243,94,"20180404","2018040410"
2018,4,4,1,11,2244,94,"20180404","2018040411"
2018,4,4,1,12,2245,94,"20180404","2018040412"
2018,4,4,1,13,2246,94,"20180404","2018040413"
2018,4,4,1,14,2247,94,"20180404","2018040414"
2018,4,4,1,15,2248,94,"20180404","2018040415"
2018,4,4,1,16,2249,94,"20180404","2018040416"
2018,4,4,1,17,2250,94,"20180404","2018040417"
2018,4,4,1,18,2251,94,"20180404","2018040418"
2018,4,4,1,19,2252,94,"20180404","2018040419"
2018,4,4,1,20,2253,94,"20180404","2018040420"
2018,4,4,1,21,2254,94,"20180404","2018040421"
2018,4,4,1,22,2255,94,"20180404","2018040422"
2018,4,4,1,23,2256,94,"20180404","2018040423"
2018,4,5,2,0,2257,95,"20180405","2018040500"
2018,4,5,2,1,2258,95,"20180405","2018040501"
2018,4,5,2,2,2259,95,"20180405","2018040502"
2018,4,5,2,3,2260,95,"20180405","2018040503"
2018,4,5,2,4,2261,95,"20180405","2018040504"
2018,4,5,2,5,2262,95,"20180405","2018040505"
2018,4,5,2,6,2263,95,"20180405","2018040506"
2018,4,5,2,7,2264,95,"20180405","2018040507"
2018,4,5,2,8,2265,95,"20180405","2018040508"
2018,4,5,2,9,2266,95,"20180405","2018040509"
2018,4,5,2,10,2267,95,"20180405","2018040510"
2018,4,5,2,11,2268,95,"20180405","2018040511"
2018,4,5,2,12,2269,95,"20180405","2018040512"
2018,4,5,2,13,2270,95,"20180405","2018040513"
2018,4,5,2,14,2271,95,"20180405","2018040514"
2018,4,5,2,15,2272,95,"20180405","2018040515"
2018,4,5,2,16,2273,95,"20180405","2018040516"
2018,4,5,2,17,2274,95,"20180405","2018040517"
2018,4,5,2,18,2275,95,"20180405","2018040518"
2018,4,5,2,19,2276,95,"20180405","2018040519"
2018,4,5,2,20,2277,95,"20180405","2018040520"
2018,4,5,2,21,2278,95,"20180405","2018040521"
2018,4,5,2,22,2279,95,"20180405","2018040522"
2018,4,5,2,23,2280,95,"20180405","2018040523"
2018,4,6,3,0,2281,96,"20180406","2018040600"
2018,4,6,3,1,2282,96,"20180406","2018040601"
2018,4,6,3,2,2283,96,"20180406","2018040602"
2018,4,6,3,3,2284,96,"20180406","2018040603"
2018,4,6,3,4,2285,96,"20180406","2018040604"
2018,4,6,3,5,2286,96,"20180406","2018040605"
2018,4,6,3,6,2287,96,"20180406","2018040606"
2018,4,6,3,7,2288,96,"20180406","2018040607"
2018,4,6,3,8,2289,96,"20180406","2018040608"
2018,4,6,3,9,2290,96,"20180406","2018040609"
2018,4,6,3,10,2291,96,"20180406","2018040610"
2018,4,6,3,11,2292,96,"20180406","2018040611"
2018,4,6,3,12,2293,96,"20180406","2018040612"
2018,4,6,3,13,2294,96,"20180406","2018040613"
2018,4,6,3,14,2295,96,"20180406","2018040614"
2018,4,6,3,15,2296,96,"20180406","2018040615"
2018,4,6,3,16,2297,96,"20180406","2018040616"
2018,4,6,3,17,2298,96,"20180406","2018040617"
2018,4,6,3,18,2299,96,"20180406","2018040618"
2018,4,6,3,19,2300,96,"20180406","2018040619"
2018,4,6,3,20,2301,96,"20180406","2018040620"
2018,4,6,3,21,2302,96,"20180406","2018040621"
2018,4,6,3,22,2303,96,"20180406","2018040622"
2018,4,6,3,23,2304,96,"20180406","2018040623"
2018,4,7,4,0,2305,97,"20180407","2018040700"
2018,4,7,4,1,2306,97,"20180407","2018040701"
2018,4,7,4,2,2307,97,"20180407","2018040702"
2018,4,7,4,3,2308,97,"20180407","2018040703"
2018,4,7,4,4,2309,97,"20180407","2018040704"
2018,4,7,4,5,2310,97,"20180407","2018040705"
2018,4,7,4,6,2311,97,"20180407","2018040706"
2018,4,7,4,7,2312,97,"20180407","2018040707"
2018,4,7,4,8,2313,97,"20180407","2018040708"
2018,4,7,4,9,2314,97,"20180407","2018040709"
2018,4,7,4,10,2315,97,"20180407","2018040710"
2018,4,7,4,11,2316,97,"20180407","2018040711"
2018,4,7,4,12,2317,97,"20180407","2018040712"
2018,4,7,4,13,2318,97,"20180407","2018040713"
2018,4,7,4,14,2319,97,"20180407","2018040714"
2018,4,7,4,15,2320,97,"20180407","2018040715"
2018,4,7,4,16,2321,97,"20180407","2018040716"
2018,4,7,4,17,2322,97,"20180407","2018040717"
2018,4,7,4,18,2323,97,"20180407","2018040718"
2018,4,7,4,19,2324,97,"20180407","2018040719"
2018,4,7,4,20,2325,97,"20180407","2018040720"
2018,4,7,4,21,2326,97,"20180407","2018040721"
2018,4,7,4,22,2327,97,"20180407","2018040722"
2018,4,7,4,23,2328,97,"20180407","2018040723"
2018,4,8,5,0,2329,98,"20180408","2018040800"
2018,4,8,5,1,2330,98,"20180408","2018040801"
2018,4,8,5,2,2331,98,"20180408","2018040802"
2018,4,8,5,3,2332,98,"20180408","2018040803"
2018,4,8,5,4,2333,98,"20180408","2018040804"
2018,4,8,5,5,2334,98,"20180408","2018040805"
2018,4,8,5,6,2335,98,"20180408","2018040806"
2018,4,8,5,7,2336,98,"20180408","2018040807"
2018,4,8,5,8,2337,98,"20180408","2018040808"
2018,4,8,5,9,2338,98,"20180408","2018040809"
2018,4,8,5,10,2339,98,"20180408","2018040810"
2018,4,8,5,11,2340,98,"20180408","2018040811"
2018,4,8,5,12,2341,98,"20180408","2018040812"
2018,4,8,5,13,2342,98,"20180408","2018040813"
2018,4,8,5,14,2343,98,"20180408","2018040814"
2018,4,8,5,15,2344,98,"20180408","2018040815"
2018,4,8,5,16,2345,98,"20180408","2018040816"
2018,4,8,5,17,2346,98,"20180408","2018040817"
2018,4,8,5,18,2347,98,"20180408","2018040818"
2018,4,8,5,19,2348,98,"20180408","2018040819"
2018,4,8,5,20,2349,98,"20180408","2018040820"
2018,4,8,5,21,2350,98,"20180408","2018040821"
2018,4,8,5,22,2351,98,"20180408","2018040822"
2018,4,8,5,23,2352,98,"20180408","2018040823"
2018,4,9,6,0,2353,99,"20180409","2018040900"
2018,4,9,6,1,2354,99,"20180409","2018040901"
2018,4,9,6,2,2355,99,"20180409","2018040902"
2018,4,9,6,3,2356,99,"20180409","2018040903"
2018,4,9,6,4,2357,99,"20180409","2018040904"
2018,4,9,6,5,2358,99,"20180409","2018040905"
2018,4,9,6,6,2359,99,"20180409","2018040906"
2018,4,9,6,7,2360,99,"20180409","2018040907"
2018,4,9,6,8,2361,99,"20180409","2018040908"
2018,4,9,6,9,2362,99,"20180409","2018040909"
2018,4,9,6,10,2363,99,"20180409","2018040910"
2018,4,9,6,11,2364,99,"20180409","2018040911"
2018,4,9,6,12,2365,99,"20180409","2018040912"
2018,4,9,6,13,2366,99,"20180409","2018040913"
2018,4,9,6,14,2367,99,"20180409","2018040914"
2018,4,9,6,15,2368,99,"20180409","2018040915"
2018,4,9,6,16,2369,99,"20180409","2018040916"
2018,4,9,6,17,2370,99,"20180409","2018040917"
2018,4,9,6,18,2371,99,"20180409","2018040918"
2018,4,9,6,19,2372,99,"20180409","2018040919"
2018,4,9,6,20,2373,99,"20180409","2018040920"
2018,4,9,6,21,2374,99,"20180409","2018040921"
2018,4,9,6,22,2375,99,"20180409","2018040922"
2018,4,9,6,23,2376,99,"20180409","2018040923"
2018,4,10,7,0,2377,100,"20180410","2018041000"
2018,4,10,7,1,2378,100,"20180410","2018041001"
2018,4,10,7,2,2379,100,"20180410","2018041002"
2018,4,10,7,3,2380,100,"20180410","2018041003"
2018,4,10,7,4,2381,100,"20180410","2018041004"
2018,4,10,7,5,2382,100,"20180410","2018041005"
2018,4,10,7,6,2383,100,"20180410","2018041006"
2018,4,10,7,7,2384,100,"20180410","2018041007"
2018,4,10,7,8,2385,100,"20180410","2018041008"
2018,4,10,7,9,2386,100,"20180410","2018041009"
2018,4,10,7,10,2387,100,"20180410","2018041010"
2018,4,10,7,11,2388,100,"20180410","2018041011"
2018,4,10,7,12,2389,100,"20180410","2018041012"
2018,4,10,7,13,2390,100,"20180410","2018041013"
2018,4,10,7,14,2391,100,"20180410","2018041014"
2018,4,10,7,15,2392,100,"20180410","2018041015"
2018,4,10,7,16,2393,100,"20180410","2018041016"
2018,4,10,7,17,2394,100,"20180410","2018041017"
2018,4,10,7,18,2395,100,"20180410","2018041018"
2018,4,10,7,19,2396,100,"20180410","2018041019"
2018,4,10,7,20,2397,100,"20180410","2018041020"
2018,4,10,7,21,2398,100,"20180410","2018041021"
2018,4,10,7,22,2399,100,"20180410","2018041022"
2018,4,10,7,23,2400,100,"20180410","2018041023"
2018,4,11,1,0,2401,101,"20180411","2018041100"
2018,4,11,1,1,2402,101,"20180411","2018041101"
2018,4,11,1,2,2403,101,"20180411","2018041102"
2018,4,11,1,3,2404,101,"20180411","2018041103"
2018,4,11,1,4,2405,101,"20180411","2018041104"
2018,4,11,1,5,2406,101,"20180411","2018041105"
2018,4,11,1,6,2407,101,"20180411","2018041106"
2018,4,11,1,7,2408,101,"20180411","2018041107"
2018,4,11,1,8,2409,101,"20180411","2018041108"
2018,4,11,1,9,2410,101,"20180411","2018041109"
2018,4,11,1,10,2411,101,"20180411","2018041110"
2018,4,11,1,11,2412,101,"20180411","2018041111"
2018,4,11,1,12,2413,101,"20180411","2018041112"
2018,4,11,1,13,2414,101,"20180411","2018041113"
2018,4,11,1,14,2415,101,"20180411","2018041114"
2018,4,11,1,15,2416,101,"20180411","2018041115"
2018,4,11,1,16,2417,101,"20180411","2018041116"
2018,4,11,1,17,2418,101,"20180411","2018041117"
2018,4,11,1,18,2419,101,"20180411","2018041118"
2018,4,11,1,19,2420,101,"20180411","2018041119"
2018,4,11,1,20,2421,101,"20180411","2018041120"
2018,4,11,1,21,2422,101,"20180411","2018041121"
2018,4,11,1,22,2423,101,"20180411","2018041122"
2018,4,11,1,23,2424,101,"20180411","2018041123"
2018,4,12,2,0,2425,102,"20180412","2018041200"
2018,4,12,2,1,2426,102,"20180412","2018041201"
2018,4,12,2,2,2427,102,"20180412","2018041202"
2018,4,12,2,3,2428,102,"20180412","2018041203"
2018,4,12,2,4,2429,102,"20180412","2018041204"
2018,4,12,2,5,2430,102,"20180412","2018041205"
2018,4,12,2,6,2431,102,"20180412","2018041206"
2018,4,12,2,7,2432,102,"20180412","2018041207"
2018,4,12,2,8,2433,102,"20180412","2018041208"
2018,4,12,2,9,2434,102,"20180412","2018041209"
2018,4,12,2,10,2435,102,"20180412","2018041210"
2018,4,12,2,11,2436,102,"20180412","2018041211"
2018,4,12,2,12,2437,102,"20180412","2018041212"
2018,4,12,2,13,2438,102,"20180412","2018041213"
2018,4,12,2,14,2439,102,"20180412","2018041214"
2018,4,12,2,15,2440,102,"20180412","2018041215"
2018,4,12,2,16,2441,102,"20180412","2018041216"
2018,4,12,2,17,2442,102,"20180412","2018041217"
2018,4,12,2,18,2443,102,"20180412","2018041218"
2018,4,12,2,19,2444,102,"20180412","2018041219"
2018,4,12,2,20,2445,102,"20180412","2018041220"
2018,4,12,2,21,2446,102,"20180412","2018041221"
2018,4,12,2,22,2447,102,"20180412","2018041222"
2018,4,12,2,23,2448,102,"20180412","2018041223"
2018,4,13,3,0,2449,103,"20180413","2018041300"
2018,4,13,3,1,2450,103,"20180413","2018041301"
2018,4,13,3,2,2451,103,"20180413","2018041302"
2018,4,13,3,3,2452,103,"20180413","2018041303"
2018,4,13,3,4,2453,103,"20180413","2018041304"
2018,4,13,3,5,2454,103,"20180413","2018041305"
2018,4,13,3,6,2455,103,"20180413","2018041306"
2018,4,13,3,7,2456,103,"20180413","2018041307"
2018,4,13,3,8,2457,103,"20180413","2018041308"
2018,4,13,3,9,2458,103,"20180413","2018041309"
2018,4,13,3,10,2459,103,"20180413","2018041310"
2018,4,13,3,11,2460,103,"20180413","2018041311"
2018,4,13,3,12,2461,103,"20180413","2018041312"
2018,4,13,3,13,2462,103,"20180413","2018041313"
2018,4,13,3,14,2463,103,"20180413","2018041314"
2018,4,13,3,15,2464,103,"20180413","2018041315"
2018,4,13,3,16,2465,103,"20180413","2018041316"
2018,4,13,3,17,2466,103,"20180413","2018041317"
2018,4,13,3,18,2467,103,"20180413","2018041318"
2018,4,13,3,19,2468,103,"20180413","2018041319"
2018,4,13,3,20,2469,103,"20180413","2018041320"
2018,4,13,3,21,2470,103,"20180413","2018041321"
2018,4,13,3,22,2471,103,"20180413","2018041322"
2018,4,13,3,23,2472,103,"20180413","2018041323"
2018,4,14,4,0,2473,104,"20180414","2018041400"
2018,4,14,4,1,2474,104,"20180414","2018041401"
2018,4,14,4,2,2475,104,"20180414","2018041402"
2018,4,14,4,3,2476,104,"20180414","2018041403"
2018,4,14,4,4,2477,104,"20180414","2018041404"
2018,4,14,4,5,2478,104,"20180414","2018041405"
2018,4,14,4,6,2479,104,"20180414","2018041406"
2018,4,14,4,7,2480,104,"20180414","2018041407"
2018,4,14,4,8,2481,104,"20180414","2018041408"
2018,4,14,4,9,2482,104,"20180414","2018041409"
2018,4,14,4,10,2483,104,"20180414","2018041410"
2018,4,14,4,11,2484,104,"20180414","2018041411"
2018,4,14,4,12,2485,104,"20180414","2018041412"
2018,4,14,4,13,2486,104,"20180414","2018041413"
2018,4,14,4,14,2487,104,"20180414","2018041414"
2018,4,14,4,15,2488,104,"20180414","2018041415"
2018,4,14,4,16,2489,104,"20180414","2018041416"
2018,4,14,4,17,2490,104,"20180414","2018041417"
2018,4,14,4,18,2491,104,"20180414","2018041418"
2018,4,14,4,19,2492,104,"20180414","2018041419"
2018,4,14,4,20,2493,104,"20180414","2018041420"
2018,4,14,4,21,2494,104,"20180414","2018041421"
2018,4,14,4,22,2495,104,"20180414","2018041422"
2018,4,14,4,23,2496,104,"20180414","2018041423"
2018,4,15,5,0,2497,105,"20180415","2018041500"
2018,4,15,5,1,2498,105,"20180415","2018041501"
2018,4,15,5,2,2499,105,"20180415","2018041502"
2018,4,15,5,3,2500,105,"20180415","2018041503"
2018,4,15,5,4,2501,105,"20180415","2018041504"
2018,4,15,5,5,2502,105,"20180415","2018041505"
2018,4,15,5,6,2503,105,"20180415","2018041506"
2018,4,15,5,7,2504,105,"20180415","2018041507"
2018,4,15,5,8,2505,105,"20180415","2018041508"
2018,4,15,5,9,2506,105,"20180415","2018041509"
2018,4,15,5,10,2507,105,"20180415","2018041510"
2018,4,15,5,11,2508,105,"20180415","2018041511"
2018,4,15,5,12,2509,105,"20180415","2018041512"
2018,4,15,5,13,2510,105,"20180415","2018041513"
2018,4,15,5,14,2511,105,"20180415","2018041514"
2018,4,15,5,15,2512,105,"20180415","2018041515"
2018,4,15,5,16,2513,105,"20180415","2018041516"
2018,4,15,5,17,2514,105,"20180415","2018041517"
2018,4,15,5,18,2515,105,"20180415","2018041518"
2018,4,15,5,19,2516,105,"20180415","2018041519"
2018,4,15,5,20,2517,105,"20180415","2018041520"
2018,4,15,5,21,2518,105,"20180415","2018041521"
2018,4,15,5,22,2519,105,"20180415","2018041522"
2018,4,15,5,23,2520,105,"20180415","2018041523"
2018,4,16,6,0,2521,106,"20180416","2018041600"
2018,4,16,6,1,2522,106,"20180416","2018041601"
2018,4,16,6,2,2523,106,"20180416","2018041602"
2018,4,16,6,3,2524,106,"20180416","2018041603"
2018,4,16,6,4,2525,106,"20180416","2018041604"
2018,4,16,6,5,2526,106,"20180416","2018041605"
2018,4,16,6,6,2527,106,"20180416","2018041606"
2018,4,16,6,7,2528,106,"20180416","2018041607"
2018,4,16,6,8,2529,106,"20180416","2018041608"
2018,4,16,6,9,2530,106,"20180416","2018041609"
2018,4,16,6,10,2531,106,"20180416","2018041610"
2018,4,16,6,11,2532,106,"20180416","2018041611"
2018,4,16,6,12,2533,106,"20180416","2018041612"
2018,4,16,6,13,2534,106,"20180416","2018041613"
2018,4,16,6,14,2535,106,"20180416","2018041614"
2018,4,16,6,15,2536,106,"20180416","2018041615"
2018,4,16,6,16,2537,106,"20180416","2018041616"
2018,4,16,6,17,2538,106,"20180416","2018041617"
2018,4,16,6,18,2539,106,"20180416","2018041618"
2018,4,16,6,19,2540,106,"20180416","2018041619"
2018,4,16,6,20,2541,106,"20180416","2018041620"
2018,4,16,6,21,2542,106,"20180416","2018041621"
2018,4,16,6,22,2543,106,"20180416","2018041622"
2018,4,16,6,23,2544,106,"20180416","2018041623"
2018,4,17,7,0,2545,107,"20180417","2018041700"
2018,4,17,7,1,2546,107,"20180417","2018041701"
2018,4,17,7,2,2547,107,"20180417","2018041702"
2018,4,17,7,3,2548,107,"20180417","2018041703"
2018,4,17,7,4,2549,107,"20180417","2018041704"
2018,4,17,7,5,2550,107,"20180417","2018041705"
2018,4,17,7,6,2551,107,"20180417","2018041706"
2018,4,17,7,7,2552,107,"20180417","2018041707"
2018,4,17,7,8,2553,107,"20180417","2018041708"
2018,4,17,7,9,2554,107,"20180417","2018041709"
2018,4,17,7,10,2555,107,"20180417","2018041710"
2018,4,17,7,11,2556,107,"20180417","2018041711"
2018,4,17,7,12,2557,107,"20180417","2018041712"
2018,4,17,7,13,2558,107,"20180417","2018041713"
2018,4,17,7,14,2559,107,"20180417","2018041714"
2018,4,17,7,15,2560,107,"20180417","2018041715"
2018,4,17,7,16,2561,107,"20180417","2018041716"
2018,4,17,7,17,2562,107,"20180417","2018041717"
2018,4,17,7,18,2563,107,"20180417","2018041718"
2018,4,17,7,19,2564,107,"20180417","2018041719"
2018,4,17,7,20,2565,107,"20180417","2018041720"
2018,4,17,7,21,2566,107,"20180417","2018041721"
2018,4,17,7,22,2567,107,"20180417","2018041722"
2018,4,17,7,23,2568,107,"20180417","2018041723"
2018,4,18,1,0,2569,108,"20180418","2018041800"
2018,4,18,1,1,2570,108,"20180418","2018041801"
2018,4,18,1,2,2571,108,"20180418","2018041802"
2018,4,18,1,3,2572,108,"20180418","2018041803"
2018,4,18,1,4,2573,108,"20180418","2018041804"
2018,4,18,1,5,2574,108,"20180418","2018041805"
2018,4,18,1,6,2575,108,"20180418","2018041806"
2018,4,18,1,7,2576,108,"20180418","2018041807"
2018,4,18,1,8,2577,108,"20180418","2018041808"
2018,4,18,1,9,2578,108,"20180418","2018041809"
2018,4,18,1,10,2579,108,"20180418","2018041810"
2018,4,18,1,11,2580,108,"20180418","2018041811"
2018,4,18,1,12,2581,108,"20180418","2018041812"
2018,4,18,1,13,2582,108,"20180418","2018041813"
2018,4,18,1,14,2583,108,"20180418","2018041814"
2018,4,18,1,15,2584,108,"20180418","2018041815"
2018,4,18,1,16,2585,108,"20180418","2018041816"
2018,4,18,1,17,2586,108,"20180418","2018041817"
2018,4,18,1,18,2587,108,"20180418","2018041818"
2018,4,18,1,19,2588,108,"20180418","2018041819"
2018,4,18,1,20,2589,108,"20180418","2018041820"
2018,4,18,1,21,2590,108,"20180418","2018041821"
2018,4,18,1,22,2591,108,"20180418","2018041822"
2018,4,18,1,23,2592,108,"20180418","2018041823"
2018,4,19,2,0,2593,109,"20180419","2018041900"
2018,4,19,2,1,2594,109,"20180419","2018041901"
2018,4,19,2,2,2595,109,"20180419","2018041902"
2018,4,19,2,3,2596,109,"20180419","2018041903"
2018,4,19,2,4,2597,109,"20180419","2018041904"
2018,4,19,2,5,2598,109,"20180419","2018041905"
2018,4,19,2,6,2599,109,"20180419","2018041906"
2018,4,19,2,7,2600,109,"20180419","2018041907"
2018,4,19,2,8,2601,109,"20180419","2018041908"
2018,4,19,2,9,2602,109,"20180419","2018041909"
2018,4,19,2,10,2603,109,"20180419","2018041910"
2018,4,19,2,11,2604,109,"20180419","2018041911"
2018,4,19,2,12,2605,109,"20180419","2018041912"
2018,4,19,2,13,2606,109,"20180419","2018041913"
2018,4,19,2,14,2607,109,"20180419","2018041914"
2018,4,19,2,15,2608,109,"20180419","2018041915"
2018,4,19,2,16,2609,109,"20180419","2018041916"
2018,4,19,2,17,2610,109,"20180419","2018041917"
2018,4,19,2,18,2611,109,"20180419","2018041918"
2018,4,19,2,19,2612,109,"20180419","2018041919"
2018,4,19,2,20,2613,109,"20180419","2018041920"
2018,4,19,2,21,2614,109,"20180419","2018041921"
2018,4,19,2,22,2615,109,"20180419","2018041922"
2018,4,19,2,23,2616,109,"20180419","2018041923"
2018,4,20,3,0,2617,110,"20180420","2018042000"
2018,4,20,3,1,2618,110,"20180420","2018042001"
2018,4,20,3,2,2619,110,"20180420","2018042002"
2018,4,20,3,3,2620,110,"20180420","2018042003"
2018,4,20,3,4,2621,110,"20180420","2018042004"
2018,4,20,3,5,2622,110,"20180420","2018042005"
2018,4,20,3,6,2623,110,"20180420","2018042006"
2018,4,20,3,7,2624,110,"20180420","2018042007"
2018,4,20,3,8,2625,110,"20180420","2018042008"
2018,4,20,3,9,2626,110,"20180420","2018042009"
2018,4,20,3,10,2627,110,"20180420","2018042010"
2018,4,20,3,11,2628,110,"20180420","2018042011"
2018,4,20,3,12,2629,110,"20180420","2018042012"
2018,4,20,3,13,2630,110,"20180420","2018042013"
2018,4,20,3,14,2631,110,"20180420","2018042014"
2018,4,20,3,15,2632,110,"20180420","2018042015"
2018,4,20,3,16,2633,110,"20180420","2018042016"
2018,4,20,3,17,2634,110,"20180420","2018042017"
2018,4,20,3,18,2635,110,"20180420","2018042018"
2018,4,20,3,19,2636,110,"20180420","2018042019"
2018,4,20,3,20,2637,110,"20180420","2018042020"
2018,4,20,3,21,2638,110,"20180420","2018042021"
2018,4,20,3,22,2639,110,"20180420","2018042022"
2018,4,20,3,23,2640,110,"20180420","2018042023"
2018,4,21,4,0,2641,111,"20180421","2018042100"
2018,4,21,4,1,2642,111,"20180421","2018042101"
2018,4,21,4,2,2643,111,"20180421","2018042102"
2018,4,21,4,3,2644,111,"20180421","2018042103"
2018,4,21,4,4,2645,111,"20180421","2018042104"
2018,4,21,4,5,2646,111,"20180421","2018042105"
2018,4,21,4,6,2647,111,"20180421","2018042106"
2018,4,21,4,7,2648,111,"20180421","2018042107"
2018,4,21,4,8,2649,111,"20180421","2018042108"
2018,4,21,4,9,2650,111,"20180421","2018042109"
2018,4,21,4,10,2651,111,"20180421","2018042110"
2018,4,21,4,11,2652,111,"20180421","2018042111"
2018,4,21,4,12,2653,111,"20180421","2018042112"
2018,4,21,4,13,2654,111,"20180421","2018042113"
2018,4,21,4,14,2655,111,"20180421","2018042114"
2018,4,21,4,15,2656,111,"20180421","2018042115"
2018,4,21,4,16,2657,111,"20180421","2018042116"
2018,4,21,4,17,2658,111,"20180421","2018042117"
2018,4,21,4,18,2659,111,"20180421","2018042118"
2018,4,21,4,19,2660,111,"20180421","2018042119"
2018,4,21,4,20,2661,111,"20180421","2018042120"
2018,4,21,4,21,2662,111,"20180421","2018042121"
2018,4,21,4,22,2663,111,"20180421","2018042122"
2018,4,21,4,23,2664,111,"20180421","2018042123"
2018,4,22,5,0,2665,112,"20180422","2018042200"
2018,4,22,5,1,2666,112,"20180422","2018042201"
2018,4,22,5,2,2667,112,"20180422","2018042202"
2018,4,22,5,3,2668,112,"20180422","2018042203"
2018,4,22,5,4,2669,112,"20180422","2018042204"
2018,4,22,5,5,2670,112,"20180422","2018042205"
2018,4,22,5,6,2671,112,"20180422","2018042206"
2018,4,22,5,7,2672,112,"20180422","2018042207"
2018,4,22,5,8,2673,112,"20180422","2018042208"
2018,4,22,5,9,2674,112,"20180422","2018042209"
2018,4,22,5,10,2675,112,"20180422","2018042210"
2018,4,22,5,11,2676,112,"20180422","2018042211"
2018,4,22,5,12,2677,112,"20180422","2018042212"
2018,4,22,5,13,2678,112,"20180422","2018042213"
2018,4,22,5,14,2679,112,"20180422","2018042214"
2018,4,22,5,15,2680,112,"20180422","2018042215"
2018,4,22,5,16,2681,112,"20180422","2018042216"
2018,4,22,5,17,2682,112,"20180422","2018042217"
2018,4,22,5,18,2683,112,"20180422","2018042218"
2018,4,22,5,19,2684,112,"20180422","2018042219"
2018,4,22,5,20,2685,112,"20180422","2018042220"
2018,4,22,5,21,2686,112,"20180422","2018042221"
2018,4,22,5,22,2687,112,"20180422","2018042222"
2018,4,22,5,23,2688,112,"20180422","2018042223"
2018,4,23,6,0,2689,113,"20180423","2018042300"
2018,4,23,6,1,2690,113,"20180423","2018042301"
2018,4,23,6,2,2691,113,"20180423","2018042302"
2018,4,23,6,3,2692,113,"20180423","2018042303"
2018,4,23,6,4,2693,113,"20180423","2018042304"
2018,4,23,6,5,2694,113,"20180423","2018042305"
2018,4,23,6,6,2695,113,"20180423","2018042306"
2018,4,23,6,7,2696,113,"20180423","2018042307"
2018,4,23,6,8,2697,113,"20180423","2018042308"
2018,4,23,6,9,2698,113,"20180423","2018042309"
2018,4,23,6,10,2699,113,"20180423","2018042310"
2018,4,23,6,11,2700,113,"20180423","2018042311"
2018,4,23,6,12,2701,113,"20180423","2018042312"
2018,4,23,6,13,2702,113,"20180423","2018042313"
2018,4,23,6,14,2703,113,"20180423","2018042314"
2018,4,23,6,15,2704,113,"20180423","2018042315"
2018,4,23,6,16,2705,113,"20180423","2018042316"
2018,4,23,6,17,2706,113,"20180423","2018042317"
2018,4,23,6,18,2707,113,"20180423","2018042318"
2018,4,23,6,19,2708,113,"20180423","2018042319"
2018,4,23,6,20,2709,113,"20180423","2018042320"
2018,4,23,6,21,2710,113,"20180423","2018042321"
2018,4,23,6,22,2711,113,"20180423","2018042322"
2018,4,23,6,23,2712,113,"20180423","2018042323"
2018,4,24,7,0,2713,114,"20180424","2018042400"
2018,4,24,7,1,2714,114,"20180424","2018042401"
2018,4,24,7,2,2715,114,"20180424","2018042402"
2018,4,24,7,3,2716,114,"20180424","2018042403"
2018,4,24,7,4,2717,114,"20180424","2018042404"
2018,4,24,7,5,2718,114,"20180424","2018042405"
2018,4,24,7,6,2719,114,"20180424","2018042406"
2018,4,24,7,7,2720,114,"20180424","2018042407"
2018,4,24,7,8,2721,114,"20180424","2018042408"
2018,4,24,7,9,2722,114,"20180424","2018042409"
2018,4,24,7,10,2723,114,"20180424","2018042410"
2018,4,24,7,11,2724,114,"20180424","2018042411"
2018,4,24,7,12,2725,114,"20180424","2018042412"
2018,4,24,7,13,2726,114,"20180424","2018042413"
2018,4,24,7,14,2727,114,"20180424","2018042414"
2018,4,24,7,15,2728,114,"20180424","2018042415"
2018,4,24,7,16,2729,114,"20180424","2018042416"
2018,4,24,7,17,2730,114,"20180424","2018042417"
2018,4,24,7,18,2731,114,"20180424","2018042418"
2018,4,24,7,19,2732,114,"20180424","2018042419"
2018,4,24,7,20,2733,114,"20180424","2018042420"
2018,4,24,7,21,2734,114,"20180424","2018042421"
2018,4,24,7,22,2735,114,"20180424","2018042422"
2018,4,24,7,23,2736,114,"20180424","2018042423"
2018,4,25,1,0,2737,115,"20180425","2018042500"
2018,4,25,1,1,2738,115,"20180425","2018042501"
2018,4,25,1,2,2739,115,"20180425","2018042502"
2018,4,25,1,3,2740,115,"20180425","2018042503"
2018,4,25,1,4,2741,115,"20180425","2018042504"
2018,4,25,1,5,2742,115,"20180425","2018042505"
2018,4,25,1,6,2743,115,"20180425","2018042506"
2018,4,25,1,7,2744,115,"20180425","2018042507"
2018,4,25,1,8,2745,115,"20180425","2018042508"
2018,4,25,1,9,2746,115,"20180425","2018042509"
2018,4,25,1,10,2747,115,"20180425","2018042510"
2018,4,25,1,11,2748,115,"20180425","2018042511"
2018,4,25,1,12,2749,115,"20180425","2018042512"
2018,4,25,1,13,2750,115,"20180425","2018042513"
2018,4,25,1,14,2751,115,"20180425","2018042514"
2018,4,25,1,15,2752,115,"20180425","2018042515"
2018,4,25,1,16,2753,115,"20180425","2018042516"
2018,4,25,1,17,2754,115,"20180425","2018042517"
2018,4,25,1,18,2755,115,"20180425","2018042518"
2018,4,25,1,19,2756,115,"20180425","2018042519"
2018,4,25,1,20,2757,115,"20180425","2018042520"
2018,4,25,1,21,2758,115,"20180425","2018042521"
2018,4,25,1,22,2759,115,"20180425","2018042522"
2018,4,25,1,23,2760,115,"20180425","2018042523"
2018,4,26,2,0,2761,116,"20180426","2018042600"
2018,4,26,2,1,2762,116,"20180426","2018042601"
2018,4,26,2,2,2763,116,"20180426","2018042602"
2018,4,26,2,3,2764,116,"20180426","2018042603"
2018,4,26,2,4,2765,116,"20180426","2018042604"
2018,4,26,2,5,2766,116,"20180426","2018042605"
2018,4,26,2,6,2767,116,"20180426","2018042606"
2018,4,26,2,7,2768,116,"20180426","2018042607"
2018,4,26,2,8,2769,116,"20180426","2018042608"
2018,4,26,2,9,2770,116,"20180426","2018042609"
2018,4,26,2,10,2771,116,"20180426","2018042610"
2018,4,26,2,11,2772,116,"20180426","2018042611"
2018,4,26,2,12,2773,116,"20180426","2018042612"
2018,4,26,2,13,2774,116,"20180426","2018042613"
2018,4,26,2,14,2775,116,"20180426","2018042614"
2018,4,26,2,15,2776,116,"20180426","2018042615"
2018,4,26,2,16,2777,116,"20180426","2018042616"
2018,4,26,2,17,2778,116,"20180426","2018042617"
2018,4,26,2,18,2779,116,"20180426","2018042618"
2018,4,26,2,19,2780,116,"20180426","2018042619"
2018,4,26,2,20,2781,116,"20180426","2018042620"
2018,4,26,2,21,2782,116,"20180426","2018042621"
2018,4,26,2,22,2783,116,"20180426","2018042622"
2018,4,26,2,23,2784,116,"20180426","2018042623"
2018,4,27,3,0,2785,117,"20180427","2018042700"
2018,4,27,3,1,2786,117,"20180427","2018042701"
2018,4,27,3,2,2787,117,"20180427","2018042702"
2018,4,27,3,3,2788,117,"20180427","2018042703"
2018,4,27,3,4,2789,117,"20180427","2018042704"
2018,4,27,3,5,2790,117,"20180427","2018042705"
2018,4,27,3,6,2791,117,"20180427","2018042706"
2018,4,27,3,7,2792,117,"20180427","2018042707"
2018,4,27,3,8,2793,117,"20180427","2018042708"
2018,4,27,3,9,2794,117,"20180427","2018042709"
2018,4,27,3,10,2795,117,"20180427","2018042710"
2018,4,27,3,11,2796,117,"20180427","2018042711"
2018,4,27,3,12,2797,117,"20180427","2018042712"
2018,4,27,3,13,2798,117,"20180427","2018042713"
2018,4,27,3,14,2799,117,"20180427","2018042714"
2018,4,27,3,15,2800,117,"20180427","2018042715"
2018,4,27,3,16,2801,117,"20180427","2018042716"
2018,4,27,3,17,2802,117,"20180427","2018042717"
2018,4,27,3,18,2803,117,"20180427","2018042718"
2018,4,27,3,19,2804,117,"20180427","2018042719"
2018,4,27,3,20,2805,117,"20180427","2018042720"
2018,4,27,3,21,2806,117,"20180427","2018042721"
2018,4,27,3,22,2807,117,"20180427","2018042722"
2018,4,27,3,23,2808,117,"20180427","2018042723"
2018,4,28,4,0,2809,118,"20180428","2018042800"
2018,4,28,4,1,2810,118,"20180428","2018042801"
2018,4,28,4,2,2811,118,"20180428","2018042802"
2018,4,28,4,3,2812,118,"20180428","2018042803"
2018,4,28,4,4,2813,118,"20180428","2018042804"
2018,4,28,4,5,2814,118,"20180428","2018042805"
2018,4,28,4,6,2815,118,"20180428","2018042806"
2018,4,28,4,7,2816,118,"20180428","2018042807"
2018,4,28,4,8,2817,118,"20180428","2018042808"
2018,4,28,4,9,2818,118,"20180428","2018042809"
2018,4,28,4,10,2819,118,"20180428","2018042810"
2018,4,28,4,11,2820,118,"20180428","2018042811"
2018,4,28,4,12,2821,118,"20180428","2018042812"
2018,4,28,4,13,2822,118,"20180428","2018042813"
2018,4,28,4,14,2823,118,"20180428","2018042814"
2018,4,28,4,15,2824,118,"20180428","2018042815"
2018,4,28,4,16,2825,118,"20180428","2018042816"
2018,4,28,4,17,2826,118,"20180428","2018042817"
2018,4,28,4,18,2827,118,"20180428","2018042818"
2018,4,28,4,19,2828,118,"20180428","2018042819"
2018,4,28,4,20,2829,118,"20180428","2018042820"
2018,4,28,4,21,2830,118,"20180428","2018042821"
2018,4,28,4,22,2831,118,"20180428","2018042822"
2018,4,28,4,23,2832,118,"20180428","2018042823"
2018,4,29,5,0,2833,119,"20180429","2018042900"
2018,4,29,5,1,2834,119,"20180429","2018042901"
2018,4,29,5,2,2835,119,"20180429","2018042902"
2018,4,29,5,3,2836,119,"20180429","2018042903"
2018,4,29,5,4,2837,119,"20180429","2018042904"
2018,4,29,5,5,2838,119,"20180429","2018042905"
2018,4,29,5,6,2839,119,"20180429","2018042906"
2018,4,29,5,7,2840,119,"20180429","2018042907"
2018,4,29,5,8,2841,119,"20180429","2018042908"
2018,4,29,5,9,2842,119,"20180429","2018042909"
2018,4,29,5,10,2843,119,"20180429","2018042910"
2018,4,29,5,11,2844,119,"20180429","2018042911"
2018,4,29,5,12,2845,119,"20180429","2018042912"
2018,4,29,5,13,2846,119,"20180429","2018042913"
2018,4,29,5,14,2847,119,"20180429","2018042914"
2018,4,29,5,15,2848,119,"20180429","2018042915"
2018,4,29,5,16,2849,119,"20180429","2018042916"
2018,4,29,5,17,2850,119,"20180429","2018042917"
2018,4,29,5,18,2851,119,"20180429","2018042918"
2018,4,29,5,19,2852,119,"20180429","2018042919"
2018,4,29,5,20,2853,119,"20180429","2018042920"
2018,4,29,5,21,2854,119,"20180429","2018042921"
2018,4,29,5,22,2855,119,"20180429","2018042922"
2018,4,29,5,23,2856,119,"20180429","2018042923"
2018,4,30,6,0,2857,120,"20180430","2018043000"
2018,4,30,6,1,2858,120,"20180430","2018043001"
2018,4,30,6,2,2859,120,"20180430","2018043002"
2018,4,30,6,3,2860,120,"20180430","2018043003"
2018,4,30,6,4,2861,120,"20180430","2018043004"
2018,4,30,6,5,2862,120,"20180430","2018043005"
2018,4,30,6,6,2863,120,"20180430","2018043006"
2018,4,30,6,7,2864,120,"20180430","2018043007"
2018,4,30,6,8,2865,120,"20180430","2018043008"
2018,4,30,6,9,2866,120,"20180430","2018043009"
2018,4,30,6,10,2867,120,"20180430","2018043010"
2018,4,30,6,11,2868,120,"20180430","2018043011"
2018,4,30,6,12,2869,120,"20180430","2018043012"
2018,4,30,6,13,2870,120,"20180430","2018043013"
2018,4,30,6,14,2871,120,"20180430","2018043014"
2018,4,30,6,15,2872,120,"20180430","2018043015"
2018,4,30,6,16,2873,120,"20180430","2018043016"
2018,4,30,6,17,2874,120,"20180430","2018043017"
2018,4,30,6,18,2875,120,"20180430","2018043018"
2018,4,30,6,19,2876,120,"20180430","2018043019"
2018,4,30,6,20,2877,120,"20180430","2018043020"
2018,4,30,6,21,2878,120,"20180430","2018043021"
2018,4,30,6,22,2879,120,"20180430","2018043022"
2018,4,30,6,23,2880,120,"20180430","2018043023"
2018,5,1,7,0,2881,121,"20180501","2018050100"
2018,5,1,7,1,2882,121,"20180501","2018050101"
2018,5,1,7,2,2883,121,"20180501","2018050102"
2018,5,1,7,3,2884,121,"20180501","2018050103"
2018,5,1,7,4,2885,121,"20180501","2018050104"
2018,5,1,7,5,2886,121,"20180501","2018050105"
2018,5,1,7,6,2887,121,"20180501","2018050106"
2018,5,1,7,7,2888,121,"20180501","2018050107"
2018,5,1,7,8,2889,121,"20180501","2018050108"
2018,5,1,7,9,2890,121,"20180501","2018050109"
2018,5,1,7,10,2891,121,"20180501","2018050110"
2018,5,1,7,11,2892,121,"20180501","2018050111"
2018,5,1,7,12,2893,121,"20180501","2018050112"
2018,5,1,7,13,2894,121,"20180501","2018050113"
2018,5,1,7,14,2895,121,"20180501","2018050114"
2018,5,1,7,15,2896,121,"20180501","2018050115"
2018,5,1,7,16,2897,121,"20180501","2018050116"
2018,5,1,7,17,2898,121,"20180501","2018050117"
2018,5,1,7,18,2899,121,"20180501","2018050118"
2018,5,1,7,19,2900,121,"20180501","2018050119"
2018,5,1,7,20,2901,121,"20180501","2018050120"
2018,5,1,7,21,2902,121,"20180501","2018050121"
2018,5,1,7,22,2903,121,"20180501","2018050122"
2018,5,1,7,23,2904,121,"20180501","2018050123"
2018,5,2,1,0,2905,122,"20180502","2018050200"
2018,5,2,1,1,2906,122,"20180502","2018050201"
2018,5,2,1,2,2907,122,"20180502","2018050202"
2018,5,2,1,3,2908,122,"20180502","2018050203"
2018,5,2,1,4,2909,122,"20180502","2018050204"
2018,5,2,1,5,2910,122,"20180502","2018050205"
2018,5,2,1,6,2911,122,"20180502","2018050206"
2018,5,2,1,7,2912,122,"20180502","2018050207"
2018,5,2,1,8,2913,122,"20180502","2018050208"
2018,5,2,1,9,2914,122,"20180502","2018050209"
2018,5,2,1,10,2915,122,"20180502","2018050210"
2018,5,2,1,11,2916,122,"20180502","2018050211"
2018,5,2,1,12,2917,122,"20180502","2018050212"
2018,5,2,1,13,2918,122,"20180502","2018050213"
2018,5,2,1,14,2919,122,"20180502","2018050214"
2018,5,2,1,15,2920,122,"20180502","2018050215"
2018,5,2,1,16,2921,122,"20180502","2018050216"
2018,5,2,1,17,2922,122,"20180502","2018050217"
2018,5,2,1,18,2923,122,"20180502","2018050218"
2018,5,2,1,19,2924,122,"20180502","2018050219"
2018,5,2,1,20,2925,122,"20180502","2018050220"
2018,5,2,1,21,2926,122,"20180502","2018050221"
2018,5,2,1,22,2927,122,"20180502","2018050222"
2018,5,2,1,23,2928,122,"20180502","2018050223"
2018,5,3,2,0,2929,123,"20180503","2018050300"
2018,5,3,2,1,2930,123,"20180503","2018050301"
2018,5,3,2,2,2931,123,"20180503","2018050302"
2018,5,3,2,3,2932,123,"20180503","2018050303"
2018,5,3,2,4,2933,123,"20180503","2018050304"
2018,5,3,2,5,2934,123,"20180503","2018050305"
2018,5,3,2,6,2935,123,"20180503","2018050306"
2018,5,3,2,7,2936,123,"20180503","2018050307"
2018,5,3,2,8,2937,123,"20180503","2018050308"
2018,5,3,2,9,2938,123,"20180503","2018050309"
2018,5,3,2,10,2939,123,"20180503","2018050310"
2018,5,3,2,11,2940,123,"20180503","2018050311"
2018,5,3,2,12,2941,123,"20180503","2018050312"
2018,5,3,2,13,2942,123,"20180503","2018050313"
2018,5,3,2,14,2943,123,"20180503","2018050314"
2018,5,3,2,15,2944,123,"20180503","2018050315"
2018,5,3,2,16,2945,123,"20180503","2018050316"
2018,5,3,2,17,2946,123,"20180503","2018050317"
2018,5,3,2,18,2947,123,"20180503","2018050318"
2018,5,3,2,19,2948,123,"20180503","2018050319"
2018,5,3,2,20,2949,123,"20180503","2018050320"
2018,5,3,2,21,2950,123,"20180503","2018050321"
2018,5,3,2,22,2951,123,"20180503","2018050322"
2018,5,3,2,23,2952,123,"20180503","2018050323"
2018,5,4,3,0,2953,124,"20180504","2018050400"
2018,5,4,3,1,2954,124,"20180504","2018050401"
2018,5,4,3,2,2955,124,"20180504","2018050402"
2018,5,4,3,3,2956,124,"20180504","2018050403"
2018,5,4,3,4,2957,124,"20180504","2018050404"
2018,5,4,3,5,2958,124,"20180504","2018050405"
2018,5,4,3,6,2959,124,"20180504","2018050406"
2018,5,4,3,7,2960,124,"20180504","2018050407"
2018,5,4,3,8,2961,124,"20180504","2018050408"
2018,5,4,3,9,2962,124,"20180504","2018050409"
2018,5,4,3,10,2963,124,"20180504","2018050410"
2018,5,4,3,11,2964,124,"20180504","2018050411"
2018,5,4,3,12,2965,124,"20180504","2018050412"
2018,5,4,3,13,2966,124,"20180504","2018050413"
2018,5,4,3,14,2967,124,"20180504","2018050414"
2018,5,4,3,15,2968,124,"20180504","2018050415"
2018,5,4,3,16,2969,124,"20180504","2018050416"
2018,5,4,3,17,2970,124,"20180504","2018050417"
2018,5,4,3,18,2971,124,"20180504","2018050418"
2018,5,4,3,19,2972,124,"20180504","2018050419"
2018,5,4,3,20,2973,124,"20180504","2018050420"
2018,5,4,3,21,2974,124,"20180504","2018050421"
2018,5,4,3,22,2975,124,"20180504","2018050422"
2018,5,4,3,23,2976,124,"20180504","2018050423"
2018,5,5,4,0,2977,125,"20180505","2018050500"
2018,5,5,4,1,2978,125,"20180505","2018050501"
2018,5,5,4,2,2979,125,"20180505","2018050502"
2018,5,5,4,3,2980,125,"20180505","2018050503"
2018,5,5,4,4,2981,125,"20180505","2018050504"
2018,5,5,4,5,2982,125,"20180505","2018050505"
2018,5,5,4,6,2983,125,"20180505","2018050506"
2018,5,5,4,7,2984,125,"20180505","2018050507"
2018,5,5,4,8,2985,125,"20180505","2018050508"
2018,5,5,4,9,2986,125,"20180505","2018050509"
2018,5,5,4,10,2987,125,"20180505","2018050510"
2018,5,5,4,11,2988,125,"20180505","2018050511"
2018,5,5,4,12,2989,125,"20180505","2018050512"
2018,5,5,4,13,2990,125,"20180505","2018050513"
2018,5,5,4,14,2991,125,"20180505","2018050514"
2018,5,5,4,15,2992,125,"20180505","2018050515"
2018,5,5,4,16,2993,125,"20180505","2018050516"
2018,5,5,4,17,2994,125,"20180505","2018050517"
2018,5,5,4,18,2995,125,"20180505","2018050518"
2018,5,5,4,19,2996,125,"20180505","2018050519"
2018,5,5,4,20,2997,125,"20180505","2018050520"
2018,5,5,4,21,2998,125,"20180505","2018050521"
2018,5,5,4,22,2999,125,"20180505","2018050522"
2018,5,5,4,23,3000,125,"20180505","2018050523"
2018,5,6,5,0,3001,126,"20180506","2018050600"
2018,5,6,5,1,3002,126,"20180506","2018050601"
2018,5,6,5,2,3003,126,"20180506","2018050602"
2018,5,6,5,3,3004,126,"20180506","2018050603"
2018,5,6,5,4,3005,126,"20180506","2018050604"
2018,5,6,5,5,3006,126,"20180506","2018050605"
2018,5,6,5,6,3007,126,"20180506","2018050606"
2018,5,6,5,7,3008,126,"20180506","2018050607"
2018,5,6,5,8,3009,126,"20180506","2018050608"
2018,5,6,5,9,3010,126,"20180506","2018050609"
2018,5,6,5,10,3011,126,"20180506","2018050610"
2018,5,6,5,11,3012,126,"20180506","2018050611"
2018,5,6,5,12,3013,126,"20180506","2018050612"
2018,5,6,5,13,3014,126,"20180506","2018050613"
2018,5,6,5,14,3015,126,"20180506","2018050614"
2018,5,6,5,15,3016,126,"20180506","2018050615"
2018,5,6,5,16,3017,126,"20180506","2018050616"
2018,5,6,5,17,3018,126,"20180506","2018050617"
2018,5,6,5,18,3019,126,"20180506","2018050618"
2018,5,6,5,19,3020,126,"20180506","2018050619"
2018,5,6,5,20,3021,126,"20180506","2018050620"
2018,5,6,5,21,3022,126,"20180506","2018050621"
2018,5,6,5,22,3023,126,"20180506","2018050622"
2018,5,6,5,23,3024,126,"20180506","2018050623"
2018,5,7,6,0,3025,127,"20180507","2018050700"
2018,5,7,6,1,3026,127,"20180507","2018050701"
2018,5,7,6,2,3027,127,"20180507","2018050702"
2018,5,7,6,3,3028,127,"20180507","2018050703"
2018,5,7,6,4,3029,127,"20180507","2018050704"
2018,5,7,6,5,3030,127,"20180507","2018050705"
2018,5,7,6,6,3031,127,"20180507","2018050706"
2018,5,7,6,7,3032,127,"20180507","2018050707"
2018,5,7,6,8,3033,127,"20180507","2018050708"
2018,5,7,6,9,3034,127,"20180507","2018050709"
2018,5,7,6,10,3035,127,"20180507","2018050710"
2018,5,7,6,11,3036,127,"20180507","2018050711"
2018,5,7,6,12,3037,127,"20180507","2018050712"
2018,5,7,6,13,3038,127,"20180507","2018050713"
2018,5,7,6,14,3039,127,"20180507","2018050714"
2018,5,7,6,15,3040,127,"20180507","2018050715"
2018,5,7,6,16,3041,127,"20180507","2018050716"
2018,5,7,6,17,3042,127,"20180507","2018050717"
2018,5,7,6,18,3043,127,"20180507","2018050718"
2018,5,7,6,19,3044,127,"20180507","2018050719"
2018,5,7,6,20,3045,127,"20180507","2018050720"
2018,5,7,6,21,3046,127,"20180507","2018050721"
2018,5,7,6,22,3047,127,"20180507","2018050722"
2018,5,7,6,23,3048,127,"20180507","2018050723"
2018,5,8,7,0,3049,128,"20180508","2018050800"
2018,5,8,7,1,3050,128,"20180508","2018050801"
2018,5,8,7,2,3051,128,"20180508","2018050802"
2018,5,8,7,3,3052,128,"20180508","2018050803"
2018,5,8,7,4,3053,128,"20180508","2018050804"
2018,5,8,7,5,3054,128,"20180508","2018050805"
2018,5,8,7,6,3055,128,"20180508","2018050806"
2018,5,8,7,7,3056,128,"20180508","2018050807"
2018,5,8,7,8,3057,128,"20180508","2018050808"
2018,5,8,7,9,3058,128,"20180508","2018050809"
2018,5,8,7,10,3059,128,"20180508","2018050810"
2018,5,8,7,11,3060,128,"20180508","2018050811"
2018,5,8,7,12,3061,128,"20180508","2018050812"
2018,5,8,7,13,3062,128,"20180508","2018050813"
2018,5,8,7,14,3063,128,"20180508","2018050814"
2018,5,8,7,15,3064,128,"20180508","2018050815"
2018,5,8,7,16,3065,128,"20180508","2018050816"
2018,5,8,7,17,3066,128,"20180508","2018050817"
2018,5,8,7,18,3067,128,"20180508","2018050818"
2018,5,8,7,19,3068,128,"20180508","2018050819"
2018,5,8,7,20,3069,128,"20180508","2018050820"
2018,5,8,7,21,3070,128,"20180508","2018050821"
2018,5,8,7,22,3071,128,"20180508","2018050822"
2018,5,8,7,23,3072,128,"20180508","2018050823"
2018,5,9,1,0,3073,129,"20180509","2018050900"
2018,5,9,1,1,3074,129,"20180509","2018050901"
2018,5,9,1,2,3075,129,"20180509","2018050902"
2018,5,9,1,3,3076,129,"20180509","2018050903"
2018,5,9,1,4,3077,129,"20180509","2018050904"
2018,5,9,1,5,3078,129,"20180509","2018050905"
2018,5,9,1,6,3079,129,"20180509","2018050906"
2018,5,9,1,7,3080,129,"20180509","2018050907"
2018,5,9,1,8,3081,129,"20180509","2018050908"
2018,5,9,1,9,3082,129,"20180509","2018050909"
2018,5,9,1,10,3083,129,"20180509","2018050910"
2018,5,9,1,11,3084,129,"20180509","2018050911"
2018,5,9,1,12,3085,129,"20180509","2018050912"
2018,5,9,1,13,3086,129,"20180509","2018050913"
2018,5,9,1,14,3087,129,"20180509","2018050914"
2018,5,9,1,15,3088,129,"20180509","2018050915"
2018,5,9,1,16,3089,129,"20180509","2018050916"
2018,5,9,1,17,3090,129,"20180509","2018050917"
2018,5,9,1,18,3091,129,"20180509","2018050918"
2018,5,9,1,19,3092,129,"20180509","2018050919"
2018,5,9,1,20,3093,129,"20180509","2018050920"
2018,5,9,1,21,3094,129,"20180509","2018050921"
2018,5,9,1,22,3095,129,"20180509","2018050922"
2018,5,9,1,23,3096,129,"20180509","2018050923"
2018,5,10,2,0,3097,130,"20180510","2018051000"
2018,5,10,2,1,3098,130,"20180510","2018051001"
2018,5,10,2,2,3099,130,"20180510","2018051002"
2018,5,10,2,3,3100,130,"20180510","2018051003"
2018,5,10,2,4,3101,130,"20180510","2018051004"
2018,5,10,2,5,3102,130,"20180510","2018051005"
2018,5,10,2,6,3103,130,"20180510","2018051006"
2018,5,10,2,7,3104,130,"20180510","2018051007"
2018,5,10,2,8,3105,130,"20180510","2018051008"
2018,5,10,2,9,3106,130,"20180510","2018051009"
2018,5,10,2,10,3107,130,"20180510","2018051010"
2018,5,10,2,11,3108,130,"20180510","2018051011"
2018,5,10,2,12,3109,130,"20180510","2018051012"
2018,5,10,2,13,3110,130,"20180510","2018051013"
2018,5,10,2,14,3111,130,"20180510","2018051014"
2018,5,10,2,15,3112,130,"20180510","2018051015"
2018,5,10,2,16,3113,130,"20180510","2018051016"
2018,5,10,2,17,3114,130,"20180510","2018051017"
2018,5,10,2,18,3115,130,"20180510","2018051018"
2018,5,10,2,19,3116,130,"20180510","2018051019"
2018,5,10,2,20,3117,130,"20180510","2018051020"
2018,5,10,2,21,3118,130,"20180510","2018051021"
2018,5,10,2,22,3119,130,"20180510","2018051022"
2018,5,10,2,23,3120,130,"20180510","2018051023"
2018,5,11,3,0,3121,131,"20180511","2018051100"
2018,5,11,3,1,3122,131,"20180511","2018051101"
2018,5,11,3,2,3123,131,"20180511","2018051102"
2018,5,11,3,3,3124,131,"20180511","2018051103"
2018,5,11,3,4,3125,131,"20180511","2018051104"
2018,5,11,3,5,3126,131,"20180511","2018051105"
2018,5,11,3,6,3127,131,"20180511","2018051106"
2018,5,11,3,7,3128,131,"20180511","2018051107"
2018,5,11,3,8,3129,131,"20180511","2018051108"
2018,5,11,3,9,3130,131,"20180511","2018051109"
2018,5,11,3,10,3131,131,"20180511","2018051110"
2018,5,11,3,11,3132,131,"20180511","2018051111"
2018,5,11,3,12,3133,131,"20180511","2018051112"
2018,5,11,3,13,3134,131,"20180511","2018051113"
2018,5,11,3,14,3135,131,"20180511","2018051114"
2018,5,11,3,15,3136,131,"20180511","2018051115"
2018,5,11,3,16,3137,131,"20180511","2018051116"
2018,5,11,3,17,3138,131,"20180511","2018051117"
2018,5,11,3,18,3139,131,"20180511","2018051118"
2018,5,11,3,19,3140,131,"20180511","2018051119"
2018,5,11,3,20,3141,131,"20180511","2018051120"
2018,5,11,3,21,3142,131,"20180511","2018051121"
2018,5,11,3,22,3143,131,"20180511","2018051122"
2018,5,11,3,23,3144,131,"20180511","2018051123"
2018,5,12,4,0,3145,132,"20180512","2018051200"
2018,5,12,4,1,3146,132,"20180512","2018051201"
2018,5,12,4,2,3147,132,"20180512","2018051202"
2018,5,12,4,3,3148,132,"20180512","2018051203"
2018,5,12,4,4,3149,132,"20180512","2018051204"
2018,5,12,4,5,3150,132,"20180512","2018051205"
2018,5,12,4,6,3151,132,"20180512","2018051206"
2018,5,12,4,7,3152,132,"20180512","2018051207"
2018,5,12,4,8,3153,132,"20180512","2018051208"
2018,5,12,4,9,3154,132,"20180512","2018051209"
2018,5,12,4,10,3155,132,"20180512","2018051210"
2018,5,12,4,11,3156,132,"20180512","2018051211"
2018,5,12,4,12,3157,132,"20180512","2018051212"
2018,5,12,4,13,3158,132,"20180512","2018051213"
2018,5,12,4,14,3159,132,"20180512","2018051214"
2018,5,12,4,15,3160,132,"20180512","2018051215"
2018,5,12,4,16,3161,132,"20180512","2018051216"
2018,5,12,4,17,3162,132,"20180512","2018051217"
2018,5,12,4,18,3163,132,"20180512","2018051218"
2018,5,12,4,19,3164,132,"20180512","2018051219"
2018,5,12,4,20,3165,132,"20180512","2018051220"
2018,5,12,4,21,3166,132,"20180512","2018051221"
2018,5,12,4,22,3167,132,"20180512","2018051222"
2018,5,12,4,23,3168,132,"20180512","2018051223"
2018,5,13,5,0,3169,133,"20180513","2018051300"
2018,5,13,5,1,3170,133,"20180513","2018051301"
2018,5,13,5,2,3171,133,"20180513","2018051302"
2018,5,13,5,3,3172,133,"20180513","2018051303"
2018,5,13,5,4,3173,133,"20180513","2018051304"
2018,5,13,5,5,3174,133,"20180513","2018051305"
2018,5,13,5,6,3175,133,"20180513","2018051306"
2018,5,13,5,7,3176,133,"20180513","2018051307"
2018,5,13,5,8,3177,133,"20180513","2018051308"
2018,5,13,5,9,3178,133,"20180513","2018051309"
2018,5,13,5,10,3179,133,"20180513","2018051310"
2018,5,13,5,11,3180,133,"20180513","2018051311"
2018,5,13,5,12,3181,133,"20180513","2018051312"
2018,5,13,5,13,3182,133,"20180513","2018051313"
2018,5,13,5,14,3183,133,"20180513","2018051314"
2018,5,13,5,15,3184,133,"20180513","2018051315"
2018,5,13,5,16,3185,133,"20180513","2018051316"
2018,5,13,5,17,3186,133,"20180513","2018051317"
2018,5,13,5,18,3187,133,"20180513","2018051318"
2018,5,13,5,19,3188,133,"20180513","2018051319"
2018,5,13,5,20,3189,133,"20180513","2018051320"
2018,5,13,5,21,3190,133,"20180513","2018051321"
2018,5,13,5,22,3191,133,"20180513","2018051322"
2018,5,13,5,23,3192,133,"20180513","2018051323"
2018,5,14,6,0,3193,134,"20180514","2018051400"
2018,5,14,6,1,3194,134,"20180514","2018051401"
2018,5,14,6,2,3195,134,"20180514","2018051402"
2018,5,14,6,3,3196,134,"20180514","2018051403"
2018,5,14,6,4,3197,134,"20180514","2018051404"
2018,5,14,6,5,3198,134,"20180514","2018051405"
2018,5,14,6,6,3199,134,"20180514","2018051406"
2018,5,14,6,7,3200,134,"20180514","2018051407"
2018,5,14,6,8,3201,134,"20180514","2018051408"
2018,5,14,6,9,3202,134,"20180514","2018051409"
2018,5,14,6,10,3203,134,"20180514","2018051410"
2018,5,14,6,11,3204,134,"20180514","2018051411"
2018,5,14,6,12,3205,134,"20180514","2018051412"
2018,5,14,6,13,3206,134,"20180514","2018051413"
2018,5,14,6,14,3207,134,"20180514","2018051414"
2018,5,14,6,15,3208,134,"20180514","2018051415"
2018,5,14,6,16,3209,134,"20180514","2018051416"
2018,5,14,6,17,3210,134,"20180514","2018051417"
2018,5,14,6,18,3211,134,"20180514","2018051418"
2018,5,14,6,19,3212,134,"20180514","2018051419"
2018,5,14,6,20,3213,134,"20180514","2018051420"
2018,5,14,6,21,3214,134,"20180514","2018051421"
2018,5,14,6,22,3215,134,"20180514","2018051422"
2018,5,14,6,23,3216,134,"20180514","2018051423"
2018,5,15,7,0,3217,135,"20180515","2018051500"
2018,5,15,7,1,3218,135,"20180515","2018051501"
2018,5,15,7,2,3219,135,"20180515","2018051502"
2018,5,15,7,3,3220,135,"20180515","2018051503"
2018,5,15,7,4,3221,135,"20180515","2018051504"
2018,5,15,7,5,3222,135,"20180515","2018051505"
2018,5,15,7,6,3223,135,"20180515","2018051506"
2018,5,15,7,7,3224,135,"20180515","2018051507"
2018,5,15,7,8,3225,135,"20180515","2018051508"
2018,5,15,7,9,3226,135,"20180515","2018051509"
2018,5,15,7,10,3227,135,"20180515","2018051510"
2018,5,15,7,11,3228,135,"20180515","2018051511"
2018,5,15,7,12,3229,135,"20180515","2018051512"
2018,5,15,7,13,3230,135,"20180515","2018051513"
2018,5,15,7,14,3231,135,"20180515","2018051514"
2018,5,15,7,15,3232,135,"20180515","2018051515"
2018,5,15,7,16,3233,135,"20180515","2018051516"
2018,5,15,7,17,3234,135,"20180515","2018051517"
2018,5,15,7,18,3235,135,"20180515","2018051518"
2018,5,15,7,19,3236,135,"20180515","2018051519"
2018,5,15,7,20,3237,135,"20180515","2018051520"
2018,5,15,7,21,3238,135,"20180515","2018051521"
2018,5,15,7,22,3239,135,"20180515","2018051522"
2018,5,15,7,23,3240,135,"20180515","2018051523"
2018,5,16,1,0,3241,136,"20180516","2018051600"
2018,5,16,1,1,3242,136,"20180516","2018051601"
2018,5,16,1,2,3243,136,"20180516","2018051602"
2018,5,16,1,3,3244,136,"20180516","2018051603"
2018,5,16,1,4,3245,136,"20180516","2018051604"
2018,5,16,1,5,3246,136,"20180516","2018051605"
2018,5,16,1,6,3247,136,"20180516","2018051606"
2018,5,16,1,7,3248,136,"20180516","2018051607"
2018,5,16,1,8,3249,136,"20180516","2018051608"
2018,5,16,1,9,3250,136,"20180516","2018051609"
2018,5,16,1,10,3251,136,"20180516","2018051610"
2018,5,16,1,11,3252,136,"20180516","2018051611"
2018,5,16,1,12,3253,136,"20180516","2018051612"
2018,5,16,1,13,3254,136,"20180516","2018051613"
2018,5,16,1,14,3255,136,"20180516","2018051614"
2018,5,16,1,15,3256,136,"20180516","2018051615"
2018,5,16,1,16,3257,136,"20180516","2018051616"
2018,5,16,1,17,3258,136,"20180516","2018051617"
2018,5,16,1,18,3259,136,"20180516","2018051618"
2018,5,16,1,19,3260,136,"20180516","2018051619"
2018,5,16,1,20,3261,136,"20180516","2018051620"
2018,5,16,1,21,3262,136,"20180516","2018051621"
2018,5,16,1,22,3263,136,"20180516","2018051622"
2018,5,16,1,23,3264,136,"20180516","2018051623"
2018,5,17,2,0,3265,137,"20180517","2018051700"
2018,5,17,2,1,3266,137,"20180517","2018051701"
2018,5,17,2,2,3267,137,"20180517","2018051702"
2018,5,17,2,3,3268,137,"20180517","2018051703"
2018,5,17,2,4,3269,137,"20180517","2018051704"
2018,5,17,2,5,3270,137,"20180517","2018051705"
2018,5,17,2,6,3271,137,"20180517","2018051706"
2018,5,17,2,7,3272,137,"20180517","2018051707"
2018,5,17,2,8,3273,137,"20180517","2018051708"
2018,5,17,2,9,3274,137,"20180517","2018051709"
2018,5,17,2,10,3275,137,"20180517","2018051710"
2018,5,17,2,11,3276,137,"20180517","2018051711"
2018,5,17,2,12,3277,137,"20180517","2018051712"
2018,5,17,2,13,3278,137,"20180517","2018051713"
2018,5,17,2,14,3279,137,"20180517","2018051714"
2018,5,17,2,15,3280,137,"20180517","2018051715"
2018,5,17,2,16,3281,137,"20180517","2018051716"
2018,5,17,2,17,3282,137,"20180517","2018051717"
2018,5,17,2,18,3283,137,"20180517","2018051718"
2018,5,17,2,19,3284,137,"20180517","2018051719"
2018,5,17,2,20,3285,137,"20180517","2018051720"
2018,5,17,2,21,3286,137,"20180517","2018051721"
2018,5,17,2,22,3287,137,"20180517","2018051722"
2018,5,17,2,23,3288,137,"20180517","2018051723"
2018,5,18,3,0,3289,138,"20180518","2018051800"
2018,5,18,3,1,3290,138,"20180518","2018051801"
2018,5,18,3,2,3291,138,"20180518","2018051802"
2018,5,18,3,3,3292,138,"20180518","2018051803"
2018,5,18,3,4,3293,138,"20180518","2018051804"
2018,5,18,3,5,3294,138,"20180518","2018051805"
2018,5,18,3,6,3295,138,"20180518","2018051806"
2018,5,18,3,7,3296,138,"20180518","2018051807"
2018,5,18,3,8,3297,138,"20180518","2018051808"
2018,5,18,3,9,3298,138,"20180518","2018051809"
2018,5,18,3,10,3299,138,"20180518","2018051810"
2018,5,18,3,11,3300,138,"20180518","2018051811"
2018,5,18,3,12,3301,138,"20180518","2018051812"
2018,5,18,3,13,3302,138,"20180518","2018051813"
2018,5,18,3,14,3303,138,"20180518","2018051814"
2018,5,18,3,15,3304,138,"20180518","2018051815"
2018,5,18,3,16,3305,138,"20180518","2018051816"
2018,5,18,3,17,3306,138,"20180518","2018051817"
2018,5,18,3,18,3307,138,"20180518","2018051818"
2018,5,18,3,19,3308,138,"20180518","2018051819"
2018,5,18,3,20,3309,138,"20180518","2018051820"
2018,5,18,3,21,3310,138,"20180518","2018051821"
2018,5,18,3,22,3311,138,"20180518","2018051822"
2018,5,18,3,23,3312,138,"20180518","2018051823"
2018,5,19,4,0,3313,139,"20180519","2018051900"
2018,5,19,4,1,3314,139,"20180519","2018051901"
2018,5,19,4,2,3315,139,"20180519","2018051902"
2018,5,19,4,3,3316,139,"20180519","2018051903"
2018,5,19,4,4,3317,139,"20180519","2018051904"
2018,5,19,4,5,3318,139,"20180519","2018051905"
2018,5,19,4,6,3319,139,"20180519","2018051906"
2018,5,19,4,7,3320,139,"20180519","2018051907"
2018,5,19,4,8,3321,139,"20180519","2018051908"
2018,5,19,4,9,3322,139,"20180519","2018051909"
2018,5,19,4,10,3323,139,"20180519","2018051910"
2018,5,19,4,11,3324,139,"20180519","2018051911"
2018,5,19,4,12,3325,139,"20180519","2018051912"
2018,5,19,4,13,3326,139,"20180519","2018051913"
2018,5,19,4,14,3327,139,"20180519","2018051914"
2018,5,19,4,15,3328,139,"20180519","2018051915"
2018,5,19,4,16,3329,139,"20180519","2018051916"
2018,5,19,4,17,3330,139,"20180519","2018051917"
2018,5,19,4,18,3331,139,"20180519","2018051918"
2018,5,19,4,19,3332,139,"20180519","2018051919"
2018,5,19,4,20,3333,139,"20180519","2018051920"
2018,5,19,4,21,3334,139,"20180519","2018051921"
2018,5,19,4,22,3335,139,"20180519","2018051922"
2018,5,19,4,23,3336,139,"20180519","2018051923"
2018,5,20,5,0,3337,140,"20180520","2018052000"
2018,5,20,5,1,3338,140,"20180520","2018052001"
2018,5,20,5,2,3339,140,"20180520","2018052002"
2018,5,20,5,3,3340,140,"20180520","2018052003"
2018,5,20,5,4,3341,140,"20180520","2018052004"
2018,5,20,5,5,3342,140,"20180520","2018052005"
2018,5,20,5,6,3343,140,"20180520","2018052006"
2018,5,20,5,7,3344,140,"20180520","2018052007"
2018,5,20,5,8,3345,140,"20180520","2018052008"
2018,5,20,5,9,3346,140,"20180520","2018052009"
2018,5,20,5,10,3347,140,"20180520","2018052010"
2018,5,20,5,11,3348,140,"20180520","2018052011"
2018,5,20,5,12,3349,140,"20180520","2018052012"
2018,5,20,5,13,3350,140,"20180520","2018052013"
2018,5,20,5,14,3351,140,"20180520","2018052014"
2018,5,20,5,15,3352,140,"20180520","2018052015"
2018,5,20,5,16,3353,140,"20180520","2018052016"
2018,5,20,5,17,3354,140,"20180520","2018052017"
2018,5,20,5,18,3355,140,"20180520","2018052018"
2018,5,20,5,19,3356,140,"20180520","2018052019"
2018,5,20,5,20,3357,140,"20180520","2018052020"
2018,5,20,5,21,3358,140,"20180520","2018052021"
2018,5,20,5,22,3359,140,"20180520","2018052022"
2018,5,20,5,23,3360,140,"20180520","2018052023"
2018,5,21,6,0,3361,141,"20180521","2018052100"
2018,5,21,6,1,3362,141,"20180521","2018052101"
2018,5,21,6,2,3363,141,"20180521","2018052102"
2018,5,21,6,3,3364,141,"20180521","2018052103"
2018,5,21,6,4,3365,141,"20180521","2018052104"
2018,5,21,6,5,3366,141,"20180521","2018052105"
2018,5,21,6,6,3367,141,"20180521","2018052106"
2018,5,21,6,7,3368,141,"20180521","2018052107"
2018,5,21,6,8,3369,141,"20180521","2018052108"
2018,5,21,6,9,3370,141,"20180521","2018052109"
2018,5,21,6,10,3371,141,"20180521","2018052110"
2018,5,21,6,11,3372,141,"20180521","2018052111"
2018,5,21,6,12,3373,141,"20180521","2018052112"
2018,5,21,6,13,3374,141,"20180521","2018052113"
2018,5,21,6,14,3375,141,"20180521","2018052114"
2018,5,21,6,15,3376,141,"20180521","2018052115"
2018,5,21,6,16,3377,141,"20180521","2018052116"
2018,5,21,6,17,3378,141,"20180521","2018052117"
2018,5,21,6,18,3379,141,"20180521","2018052118"
2018,5,21,6,19,3380,141,"20180521","2018052119"
2018,5,21,6,20,3381,141,"20180521","2018052120"
2018,5,21,6,21,3382,141,"20180521","2018052121"
2018,5,21,6,22,3383,141,"20180521","2018052122"
2018,5,21,6,23,3384,141,"20180521","2018052123"
2018,5,22,7,0,3385,142,"20180522","2018052200"
2018,5,22,7,1,3386,142,"20180522","2018052201"
2018,5,22,7,2,3387,142,"20180522","2018052202"
2018,5,22,7,3,3388,142,"20180522","2018052203"
2018,5,22,7,4,3389,142,"20180522","2018052204"
2018,5,22,7,5,3390,142,"20180522","2018052205"
2018,5,22,7,6,3391,142,"20180522","2018052206"
2018,5,22,7,7,3392,142,"20180522","2018052207"
2018,5,22,7,8,3393,142,"20180522","2018052208"
2018,5,22,7,9,3394,142,"20180522","2018052209"
2018,5,22,7,10,3395,142,"20180522","2018052210"
2018,5,22,7,11,3396,142,"20180522","2018052211"
2018,5,22,7,12,3397,142,"20180522","2018052212"
2018,5,22,7,13,3398,142,"20180522","2018052213"
2018,5,22,7,14,3399,142,"20180522","2018052214"
2018,5,22,7,15,3400,142,"20180522","2018052215"
2018,5,22,7,16,3401,142,"20180522","2018052216"
2018,5,22,7,17,3402,142,"20180522","2018052217"
2018,5,22,7,18,3403,142,"20180522","2018052218"
2018,5,22,7,19,3404,142,"20180522","2018052219"
2018,5,22,7,20,3405,142,"20180522","2018052220"
2018,5,22,7,21,3406,142,"20180522","2018052221"
2018,5,22,7,22,3407,142,"20180522","2018052222"
2018,5,22,7,23,3408,142,"20180522","2018052223"
2018,5,23,1,0,3409,143,"20180523","2018052300"
2018,5,23,1,1,3410,143,"20180523","2018052301"
2018,5,23,1,2,3411,143,"20180523","2018052302"
2018,5,23,1,3,3412,143,"20180523","2018052303"
2018,5,23,1,4,3413,143,"20180523","2018052304"
2018,5,23,1,5,3414,143,"20180523","2018052305"
2018,5,23,1,6,3415,143,"20180523","2018052306"
2018,5,23,1,7,3416,143,"20180523","2018052307"
2018,5,23,1,8,3417,143,"20180523","2018052308"
2018,5,23,1,9,3418,143,"20180523","2018052309"
2018,5,23,1,10,3419,143,"20180523","2018052310"
2018,5,23,1,11,3420,143,"20180523","2018052311"
2018,5,23,1,12,3421,143,"20180523","2018052312"
2018,5,23,1,13,3422,143,"20180523","2018052313"
2018,5,23,1,14,3423,143,"20180523","2018052314"
2018,5,23,1,15,3424,143,"20180523","2018052315"
2018,5,23,1,16,3425,143,"20180523","2018052316"
2018,5,23,1,17,3426,143,"20180523","2018052317"
2018,5,23,1,18,3427,143,"20180523","2018052318"
2018,5,23,1,19,3428,143,"20180523","2018052319"
2018,5,23,1,20,3429,143,"20180523","2018052320"
2018,5,23,1,21,3430,143,"20180523","2018052321"
2018,5,23,1,22,3431,143,"20180523","2018052322"
2018,5,23,1,23,3432,143,"20180523","2018052323"
2018,5,24,2,0,3433,144,"20180524","2018052400"
2018,5,24,2,1,3434,144,"20180524","2018052401"
2018,5,24,2,2,3435,144,"20180524","2018052402"
2018,5,24,2,3,3436,144,"20180524","2018052403"
2018,5,24,2,4,3437,144,"20180524","2018052404"
2018,5,24,2,5,3438,144,"20180524","2018052405"
2018,5,24,2,6,3439,144,"20180524","2018052406"
2018,5,24,2,7,3440,144,"20180524","2018052407"
2018,5,24,2,8,3441,144,"20180524","2018052408"
2018,5,24,2,9,3442,144,"20180524","2018052409"
2018,5,24,2,10,3443,144,"20180524","2018052410"
2018,5,24,2,11,3444,144,"20180524","2018052411"
2018,5,24,2,12,3445,144,"20180524","2018052412"
2018,5,24,2,13,3446,144,"20180524","2018052413"
2018,5,24,2,14,3447,144,"20180524","2018052414"
2018,5,24,2,15,3448,144,"20180524","2018052415"
2018,5,24,2,16,3449,144,"20180524","2018052416"
2018,5,24,2,17,3450,144,"20180524","2018052417"
2018,5,24,2,18,3451,144,"20180524","2018052418"
2018,5,24,2,19,3452,144,"20180524","2018052419"
2018,5,24,2,20,3453,144,"20180524","2018052420"
2018,5,24,2,21,3454,144,"20180524","2018052421"
2018,5,24,2,22,3455,144,"20180524","2018052422"
2018,5,24,2,23,3456,144,"20180524","2018052423"
2018,5,25,3,0,3457,145,"20180525","2018052500"
2018,5,25,3,1,3458,145,"20180525","2018052501"
2018,5,25,3,2,3459,145,"20180525","2018052502"
2018,5,25,3,3,3460,145,"20180525","2018052503"
2018,5,25,3,4,3461,145,"20180525","2018052504"
2018,5,25,3,5,3462,145,"20180525","2018052505"
2018,5,25,3,6,3463,145,"20180525","2018052506"
2018,5,25,3,7,3464,145,"20180525","2018052507"
2018,5,25,3,8,3465,145,"20180525","2018052508"
2018,5,25,3,9,3466,145,"20180525","2018052509"
2018,5,25,3,10,3467,145,"20180525","2018052510"
2018,5,25,3,11,3468,145,"20180525","2018052511"
2018,5,25,3,12,3469,145,"20180525","2018052512"
2018,5,25,3,13,3470,145,"20180525","2018052513"
2018,5,25,3,14,3471,145,"20180525","2018052514"
2018,5,25,3,15,3472,145,"20180525","2018052515"
2018,5,25,3,16,3473,145,"20180525","2018052516"
2018,5,25,3,17,3474,145,"20180525","2018052517"
2018,5,25,3,18,3475,145,"20180525","2018052518"
2018,5,25,3,19,3476,145,"20180525","2018052519"
2018,5,25,3,20,3477,145,"20180525","2018052520"
2018,5,25,3,21,3478,145,"20180525","2018052521"
2018,5,25,3,22,3479,145,"20180525","2018052522"
2018,5,25,3,23,3480,145,"20180525","2018052523"
2018,5,26,4,0,3481,146,"20180526","2018052600"
2018,5,26,4,1,3482,146,"20180526","2018052601"
2018,5,26,4,2,3483,146,"20180526","2018052602"
2018,5,26,4,3,3484,146,"20180526","2018052603"
2018,5,26,4,4,3485,146,"20180526","2018052604"
2018,5,26,4,5,3486,146,"20180526","2018052605"
2018,5,26,4,6,3487,146,"20180526","2018052606"
2018,5,26,4,7,3488,146,"20180526","2018052607"
2018,5,26,4,8,3489,146,"20180526","2018052608"
2018,5,26,4,9,3490,146,"20180526","2018052609"
2018,5,26,4,10,3491,146,"20180526","2018052610"
2018,5,26,4,11,3492,146,"20180526","2018052611"
2018,5,26,4,12,3493,146,"20180526","2018052612"
2018,5,26,4,13,3494,146,"20180526","2018052613"
2018,5,26,4,14,3495,146,"20180526","2018052614"
2018,5,26,4,15,3496,146,"20180526","2018052615"
2018,5,26,4,16,3497,146,"20180526","2018052616"
2018,5,26,4,17,3498,146,"20180526","2018052617"
2018,5,26,4,18,3499,146,"20180526","2018052618"
2018,5,26,4,19,3500,146,"20180526","2018052619"
2018,5,26,4,20,3501,146,"20180526","2018052620"
2018,5,26,4,21,3502,146,"20180526","2018052621"
2018,5,26,4,22,3503,146,"20180526","2018052622"
2018,5,26,4,23,3504,146,"20180526","2018052623"
2018,5,27,5,0,3505,147,"20180527","2018052700"
2018,5,27,5,1,3506,147,"20180527","2018052701"
2018,5,27,5,2,3507,147,"20180527","2018052702"
2018,5,27,5,3,3508,147,"20180527","2018052703"
2018,5,27,5,4,3509,147,"20180527","2018052704"
2018,5,27,5,5,3510,147,"20180527","2018052705"
2018,5,27,5,6,3511,147,"20180527","2018052706"
2018,5,27,5,7,3512,147,"20180527","2018052707"
2018,5,27,5,8,3513,147,"20180527","2018052708"
2018,5,27,5,9,3514,147,"20180527","2018052709"
2018,5,27,5,10,3515,147,"20180527","2018052710"
2018,5,27,5,11,3516,147,"20180527","2018052711"
2018,5,27,5,12,3517,147,"20180527","2018052712"
2018,5,27,5,13,3518,147,"20180527","2018052713"
2018,5,27,5,14,3519,147,"20180527","2018052714"
2018,5,27,5,15,3520,147,"20180527","2018052715"
2018,5,27,5,16,3521,147,"20180527","2018052716"
2018,5,27,5,17,3522,147,"20180527","2018052717"
2018,5,27,5,18,3523,147,"20180527","2018052718"
2018,5,27,5,19,3524,147,"20180527","2018052719"
2018,5,27,5,20,3525,147,"20180527","2018052720"
2018,5,27,5,21,3526,147,"20180527","2018052721"
2018,5,27,5,22,3527,147,"20180527","2018052722"
2018,5,27,5,23,3528,147,"20180527","2018052723"
2018,5,28,6,0,3529,148,"20180528","2018052800"
2018,5,28,6,1,3530,148,"20180528","2018052801"
2018,5,28,6,2,3531,148,"20180528","2018052802"
2018,5,28,6,3,3532,148,"20180528","2018052803"
2018,5,28,6,4,3533,148,"20180528","2018052804"
2018,5,28,6,5,3534,148,"20180528","2018052805"
2018,5,28,6,6,3535,148,"20180528","2018052806"
2018,5,28,6,7,3536,148,"20180528","2018052807"
2018,5,28,6,8,3537,148,"20180528","2018052808"
2018,5,28,6,9,3538,148,"20180528","2018052809"
2018,5,28,6,10,3539,148,"20180528","2018052810"
2018,5,28,6,11,3540,148,"20180528","2018052811"
2018,5,28,6,12,3541,148,"20180528","2018052812"
2018,5,28,6,13,3542,148,"20180528","2018052813"
2018,5,28,6,14,3543,148,"20180528","2018052814"
2018,5,28,6,15,3544,148,"20180528","2018052815"
2018,5,28,6,16,3545,148,"20180528","2018052816"
2018,5,28,6,17,3546,148,"20180528","2018052817"
2018,5,28,6,18,3547,148,"20180528","2018052818"
2018,5,28,6,19,3548,148,"20180528","2018052819"
2018,5,28,6,20,3549,148,"20180528","2018052820"
2018,5,28,6,21,3550,148,"20180528","2018052821"
2018,5,28,6,22,3551,148,"20180528","2018052822"
2018,5,28,6,23,3552,148,"20180528","2018052823"
2018,5,29,7,0,3553,149,"20180529","2018052900"
2018,5,29,7,1,3554,149,"20180529","2018052901"
2018,5,29,7,2,3555,149,"20180529","2018052902"
2018,5,29,7,3,3556,149,"20180529","2018052903"
2018,5,29,7,4,3557,149,"20180529","2018052904"
2018,5,29,7,5,3558,149,"20180529","2018052905"
2018,5,29,7,6,3559,149,"20180529","2018052906"
2018,5,29,7,7,3560,149,"20180529","2018052907"
2018,5,29,7,8,3561,149,"20180529","2018052908"
2018,5,29,7,9,3562,149,"20180529","2018052909"
2018,5,29,7,10,3563,149,"20180529","2018052910"
2018,5,29,7,11,3564,149,"20180529","2018052911"
2018,5,29,7,12,3565,149,"20180529","2018052912"
2018,5,29,7,13,3566,149,"20180529","2018052913"
2018,5,29,7,14,3567,149,"20180529","2018052914"
2018,5,29,7,15,3568,149,"20180529","2018052915"
2018,5,29,7,16,3569,149,"20180529","2018052916"
2018,5,29,7,17,3570,149,"20180529","2018052917"
2018,5,29,7,18,3571,149,"20180529","2018052918"
2018,5,29,7,19,3572,149,"20180529","2018052919"
2018,5,29,7,20,3573,149,"20180529","2018052920"
2018,5,29,7,21,3574,149,"20180529","2018052921"
2018,5,29,7,22,3575,149,"20180529","2018052922"
2018,5,29,7,23,3576,149,"20180529","2018052923"
2018,5,30,1,0,3577,150,"20180530","2018053000"
2018,5,30,1,1,3578,150,"20180530","2018053001"
2018,5,30,1,2,3579,150,"20180530","2018053002"
2018,5,30,1,3,3580,150,"20180530","2018053003"
2018,5,30,1,4,3581,150,"20180530","2018053004"
2018,5,30,1,5,3582,150,"20180530","2018053005"
2018,5,30,1,6,3583,150,"20180530","2018053006"
2018,5,30,1,7,3584,150,"20180530","2018053007"
2018,5,30,1,8,3585,150,"20180530","2018053008"
2018,5,30,1,9,3586,150,"20180530","2018053009"
2018,5,30,1,10,3587,150,"20180530","2018053010"
2018,5,30,1,11,3588,150,"20180530","2018053011"
2018,5,30,1,12,3589,150,"20180530","2018053012"
2018,5,30,1,13,3590,150,"20180530","2018053013"
2018,5,30,1,14,3591,150,"20180530","2018053014"
2018,5,30,1,15,3592,150,"20180530","2018053015"
2018,5,30,1,16,3593,150,"20180530","2018053016"
2018,5,30,1,17,3594,150,"20180530","2018053017"
2018,5,30,1,18,3595,150,"20180530","2018053018"
2018,5,30,1,19,3596,150,"20180530","2018053019"
2018,5,30,1,20,3597,150,"20180530","2018053020"
2018,5,30,1,21,3598,150,"20180530","2018053021"
2018,5,30,1,22,3599,150,"20180530","2018053022"
2018,5,30,1,23,3600,150,"20180530","2018053023"
2018,5,31,2,0,3601,151,"20180531","2018053100"
2018,5,31,2,1,3602,151,"20180531","2018053101"
2018,5,31,2,2,3603,151,"20180531","2018053102"
2018,5,31,2,3,3604,151,"20180531","2018053103"
2018,5,31,2,4,3605,151,"20180531","2018053104"
2018,5,31,2,5,3606,151,"20180531","2018053105"
2018,5,31,2,6,3607,151,"20180531","2018053106"
2018,5,31,2,7,3608,151,"20180531","2018053107"
2018,5,31,2,8,3609,151,"20180531","2018053108"
2018,5,31,2,9,3610,151,"20180531","2018053109"
2018,5,31,2,10,3611,151,"20180531","2018053110"
2018,5,31,2,11,3612,151,"20180531","2018053111"
2018,5,31,2,12,3613,151,"20180531","2018053112"
2018,5,31,2,13,3614,151,"20180531","2018053113"
2018,5,31,2,14,3615,151,"20180531","2018053114"
2018,5,31,2,15,3616,151,"20180531","2018053115"
2018,5,31,2,16,3617,151,"20180531","2018053116"
2018,5,31,2,17,3618,151,"20180531","2018053117"
2018,5,31,2,18,3619,151,"20180531","2018053118"
2018,5,31,2,19,3620,151,"20180531","2018053119"
2018,5,31,2,20,3621,151,"20180531","2018053120"
2018,5,31,2,21,3622,151,"20180531","2018053121"
2018,5,31,2,22,3623,151,"20180531","2018053122"
2018,5,31,2,23,3624,151,"20180531","2018053123"
2018,6,1,3,0,3625,152,"20180601","2018060100"
2018,6,1,3,1,3626,152,"20180601","2018060101"
2018,6,1,3,2,3627,152,"20180601","2018060102"
2018,6,1,3,3,3628,152,"20180601","2018060103"
2018,6,1,3,4,3629,152,"20180601","2018060104"
2018,6,1,3,5,3630,152,"20180601","2018060105"
2018,6,1,3,6,3631,152,"20180601","2018060106"
2018,6,1,3,7,3632,152,"20180601","2018060107"
2018,6,1,3,8,3633,152,"20180601","2018060108"
2018,6,1,3,9,3634,152,"20180601","2018060109"
2018,6,1,3,10,3635,152,"20180601","2018060110"
2018,6,1,3,11,3636,152,"20180601","2018060111"
2018,6,1,3,12,3637,152,"20180601","2018060112"
2018,6,1,3,13,3638,152,"20180601","2018060113"
2018,6,1,3,14,3639,152,"20180601","2018060114"
2018,6,1,3,15,3640,152,"20180601","2018060115"
2018,6,1,3,16,3641,152,"20180601","2018060116"
2018,6,1,3,17,3642,152,"20180601","2018060117"
2018,6,1,3,18,3643,152,"20180601","2018060118"
2018,6,1,3,19,3644,152,"20180601","2018060119"
2018,6,1,3,20,3645,152,"20180601","2018060120"
2018,6,1,3,21,3646,152,"20180601","2018060121"
2018,6,1,3,22,3647,152,"20180601","2018060122"
2018,6,1,3,23,3648,152,"20180601","2018060123"
2018,6,2,4,0,3649,153,"20180602","2018060200"
2018,6,2,4,1,3650,153,"20180602","2018060201"
2018,6,2,4,2,3651,153,"20180602","2018060202"
2018,6,2,4,3,3652,153,"20180602","2018060203"
2018,6,2,4,4,3653,153,"20180602","2018060204"
2018,6,2,4,5,3654,153,"20180602","2018060205"
2018,6,2,4,6,3655,153,"20180602","2018060206"
2018,6,2,4,7,3656,153,"20180602","2018060207"
2018,6,2,4,8,3657,153,"20180602","2018060208"
2018,6,2,4,9,3658,153,"20180602","2018060209"
2018,6,2,4,10,3659,153,"20180602","2018060210"
2018,6,2,4,11,3660,153,"20180602","2018060211"
2018,6,2,4,12,3661,153,"20180602","2018060212"
2018,6,2,4,13,3662,153,"20180602","2018060213"
2018,6,2,4,14,3663,153,"20180602","2018060214"
2018,6,2,4,15,3664,153,"20180602","2018060215"
2018,6,2,4,16,3665,153,"20180602","2018060216"
2018,6,2,4,17,3666,153,"20180602","2018060217"
2018,6,2,4,18,3667,153,"20180602","2018060218"
2018,6,2,4,19,3668,153,"20180602","2018060219"
2018,6,2,4,20,3669,153,"20180602","2018060220"
2018,6,2,4,21,3670,153,"20180602","2018060221"
2018,6,2,4,22,3671,153,"20180602","2018060222"
2018,6,2,4,23,3672,153,"20180602","2018060223"
2018,6,3,5,0,3673,154,"20180603","2018060300"
2018,6,3,5,1,3674,154,"20180603","2018060301"
2018,6,3,5,2,3675,154,"20180603","2018060302"
2018,6,3,5,3,3676,154,"20180603","2018060303"
2018,6,3,5,4,3677,154,"20180603","2018060304"
2018,6,3,5,5,3678,154,"20180603","2018060305"
2018,6,3,5,6,3679,154,"20180603","2018060306"
2018,6,3,5,7,3680,154,"20180603","2018060307"
2018,6,3,5,8,3681,154,"20180603","2018060308"
2018,6,3,5,9,3682,154,"20180603","2018060309"
2018,6,3,5,10,3683,154,"20180603","2018060310"
2018,6,3,5,11,3684,154,"20180603","2018060311"
2018,6,3,5,12,3685,154,"20180603","2018060312"
2018,6,3,5,13,3686,154,"20180603","2018060313"
2018,6,3,5,14,3687,154,"20180603","2018060314"
2018,6,3,5,15,3688,154,"20180603","2018060315"
2018,6,3,5,16,3689,154,"20180603","2018060316"
2018,6,3,5,17,3690,154,"20180603","2018060317"
2018,6,3,5,18,3691,154,"20180603","2018060318"
2018,6,3,5,19,3692,154,"20180603","2018060319"
2018,6,3,5,20,3693,154,"20180603","2018060320"
2018,6,3,5,21,3694,154,"20180603","2018060321"
2018,6,3,5,22,3695,154,"20180603","2018060322"
2018,6,3,5,23,3696,154,"20180603","2018060323"
2018,6,4,6,0,3697,155,"20180604","2018060400"
2018,6,4,6,1,3698,155,"20180604","2018060401"
2018,6,4,6,2,3699,155,"20180604","2018060402"
2018,6,4,6,3,3700,155,"20180604","2018060403"
2018,6,4,6,4,3701,155,"20180604","2018060404"
2018,6,4,6,5,3702,155,"20180604","2018060405"
2018,6,4,6,6,3703,155,"20180604","2018060406"
2018,6,4,6,7,3704,155,"20180604","2018060407"
2018,6,4,6,8,3705,155,"20180604","2018060408"
2018,6,4,6,9,3706,155,"20180604","2018060409"
2018,6,4,6,10,3707,155,"20180604","2018060410"
2018,6,4,6,11,3708,155,"20180604","2018060411"
2018,6,4,6,12,3709,155,"20180604","2018060412"
2018,6,4,6,13,3710,155,"20180604","2018060413"
2018,6,4,6,14,3711,155,"20180604","2018060414"
2018,6,4,6,15,3712,155,"20180604","2018060415"
2018,6,4,6,16,3713,155,"20180604","2018060416"
2018,6,4,6,17,3714,155,"20180604","2018060417"
2018,6,4,6,18,3715,155,"20180604","2018060418"
2018,6,4,6,19,3716,155,"20180604","2018060419"
2018,6,4,6,20,3717,155,"20180604","2018060420"
2018,6,4,6,21,3718,155,"20180604","2018060421"
2018,6,4,6,22,3719,155,"20180604","2018060422"
2018,6,4,6,23,3720,155,"20180604","2018060423"
2018,6,5,7,0,3721,156,"20180605","2018060500"
2018,6,5,7,1,3722,156,"20180605","2018060501"
2018,6,5,7,2,3723,156,"20180605","2018060502"
2018,6,5,7,3,3724,156,"20180605","2018060503"
2018,6,5,7,4,3725,156,"20180605","2018060504"
2018,6,5,7,5,3726,156,"20180605","2018060505"
2018,6,5,7,6,3727,156,"20180605","2018060506"
2018,6,5,7,7,3728,156,"20180605","2018060507"
2018,6,5,7,8,3729,156,"20180605","2018060508"
2018,6,5,7,9,3730,156,"20180605","2018060509"
2018,6,5,7,10,3731,156,"20180605","2018060510"
2018,6,5,7,11,3732,156,"20180605","2018060511"
2018,6,5,7,12,3733,156,"20180605","2018060512"
2018,6,5,7,13,3734,156,"20180605","2018060513"
2018,6,5,7,14,3735,156,"20180605","2018060514"
2018,6,5,7,15,3736,156,"20180605","2018060515"
2018,6,5,7,16,3737,156,"20180605","2018060516"
2018,6,5,7,17,3738,156,"20180605","2018060517"
2018,6,5,7,18,3739,156,"20180605","2018060518"
2018,6,5,7,19,3740,156,"20180605","2018060519"
2018,6,5,7,20,3741,156,"20180605","2018060520"
2018,6,5,7,21,3742,156,"20180605","2018060521"
2018,6,5,7,22,3743,156,"20180605","2018060522"
2018,6,5,7,23,3744,156,"20180605","2018060523"
2018,6,6,1,0,3745,157,"20180606","2018060600"
2018,6,6,1,1,3746,157,"20180606","2018060601"
2018,6,6,1,2,3747,157,"20180606","2018060602"
2018,6,6,1,3,3748,157,"20180606","2018060603"
2018,6,6,1,4,3749,157,"20180606","2018060604"
2018,6,6,1,5,3750,157,"20180606","2018060605"
2018,6,6,1,6,3751,157,"20180606","2018060606"
2018,6,6,1,7,3752,157,"20180606","2018060607"
2018,6,6,1,8,3753,157,"20180606","2018060608"
2018,6,6,1,9,3754,157,"20180606","2018060609"
2018,6,6,1,10,3755,157,"20180606","2018060610"
2018,6,6,1,11,3756,157,"20180606","2018060611"
2018,6,6,1,12,3757,157,"20180606","2018060612"
2018,6,6,1,13,3758,157,"20180606","2018060613"
2018,6,6,1,14,3759,157,"20180606","2018060614"
2018,6,6,1,15,3760,157,"20180606","2018060615"
2018,6,6,1,16,3761,157,"20180606","2018060616"
2018,6,6,1,17,3762,157,"20180606","2018060617"
2018,6,6,1,18,3763,157,"20180606","2018060618"
2018,6,6,1,19,3764,157,"20180606","2018060619"
2018,6,6,1,20,3765,157,"20180606","2018060620"
2018,6,6,1,21,3766,157,"20180606","2018060621"
2018,6,6,1,22,3767,157,"20180606","2018060622"
2018,6,6,1,23,3768,157,"20180606","2018060623"
2018,6,7,2,0,3769,158,"20180607","2018060700"
2018,6,7,2,1,3770,158,"20180607","2018060701"
2018,6,7,2,2,3771,158,"20180607","2018060702"
2018,6,7,2,3,3772,158,"20180607","2018060703"
2018,6,7,2,4,3773,158,"20180607","2018060704"
2018,6,7,2,5,3774,158,"20180607","2018060705"
2018,6,7,2,6,3775,158,"20180607","2018060706"
2018,6,7,2,7,3776,158,"20180607","2018060707"
2018,6,7,2,8,3777,158,"20180607","2018060708"
2018,6,7,2,9,3778,158,"20180607","2018060709"
2018,6,7,2,10,3779,158,"20180607","2018060710"
2018,6,7,2,11,3780,158,"20180607","2018060711"
2018,6,7,2,12,3781,158,"20180607","2018060712"
2018,6,7,2,13,3782,158,"20180607","2018060713"
2018,6,7,2,14,3783,158,"20180607","2018060714"
2018,6,7,2,15,3784,158,"20180607","2018060715"
2018,6,7,2,16,3785,158,"20180607","2018060716"
2018,6,7,2,17,3786,158,"20180607","2018060717"
2018,6,7,2,18,3787,158,"20180607","2018060718"
2018,6,7,2,19,3788,158,"20180607","2018060719"
2018,6,7,2,20,3789,158,"20180607","2018060720"
2018,6,7,2,21,3790,158,"20180607","2018060721"
2018,6,7,2,22,3791,158,"20180607","2018060722"
2018,6,7,2,23,3792,158,"20180607","2018060723"
2018,6,8,3,0,3793,159,"20180608","2018060800"
2018,6,8,3,1,3794,159,"20180608","2018060801"
2018,6,8,3,2,3795,159,"20180608","2018060802"
2018,6,8,3,3,3796,159,"20180608","2018060803"
2018,6,8,3,4,3797,159,"20180608","2018060804"
2018,6,8,3,5,3798,159,"20180608","2018060805"
2018,6,8,3,6,3799,159,"20180608","2018060806"
2018,6,8,3,7,3800,159,"20180608","2018060807"
2018,6,8,3,8,3801,159,"20180608","2018060808"
2018,6,8,3,9,3802,159,"20180608","2018060809"
2018,6,8,3,10,3803,159,"20180608","2018060810"
2018,6,8,3,11,3804,159,"20180608","2018060811"
2018,6,8,3,12,3805,159,"20180608","2018060812"
2018,6,8,3,13,3806,159,"20180608","2018060813"
2018,6,8,3,14,3807,159,"20180608","2018060814"
2018,6,8,3,15,3808,159,"20180608","2018060815"
2018,6,8,3,16,3809,159,"20180608","2018060816"
2018,6,8,3,17,3810,159,"20180608","2018060817"
2018,6,8,3,18,3811,159,"20180608","2018060818"
2018,6,8,3,19,3812,159,"20180608","2018060819"
2018,6,8,3,20,3813,159,"20180608","2018060820"
2018,6,8,3,21,3814,159,"20180608","2018060821"
2018,6,8,3,22,3815,159,"20180608","2018060822"
2018,6,8,3,23,3816,159,"20180608","2018060823"
2018,6,9,4,0,3817,160,"20180609","2018060900"
2018,6,9,4,1,3818,160,"20180609","2018060901"
2018,6,9,4,2,3819,160,"20180609","2018060902"
2018,6,9,4,3,3820,160,"20180609","2018060903"
2018,6,9,4,4,3821,160,"20180609","2018060904"
2018,6,9,4,5,3822,160,"20180609","2018060905"
2018,6,9,4,6,3823,160,"20180609","2018060906"
2018,6,9,4,7,3824,160,"20180609","2018060907"
2018,6,9,4,8,3825,160,"20180609","2018060908"
2018,6,9,4,9,3826,160,"20180609","2018060909"
2018,6,9,4,10,3827,160,"20180609","2018060910"
2018,6,9,4,11,3828,160,"20180609","2018060911"
2018,6,9,4,12,3829,160,"20180609","2018060912"
2018,6,9,4,13,3830,160,"20180609","2018060913"
2018,6,9,4,14,3831,160,"20180609","2018060914"
2018,6,9,4,15,3832,160,"20180609","2018060915"
2018,6,9,4,16,3833,160,"20180609","2018060916"
2018,6,9,4,17,3834,160,"20180609","2018060917"
2018,6,9,4,18,3835,160,"20180609","2018060918"
2018,6,9,4,19,3836,160,"20180609","2018060919"
2018,6,9,4,20,3837,160,"20180609","2018060920"
2018,6,9,4,21,3838,160,"20180609","2018060921"
2018,6,9,4,22,3839,160,"20180609","2018060922"
2018,6,9,4,23,3840,160,"20180609","2018060923"
2018,6,10,5,0,3841,161,"20180610","2018061000"
2018,6,10,5,1,3842,161,"20180610","2018061001"
2018,6,10,5,2,3843,161,"20180610","2018061002"
2018,6,10,5,3,3844,161,"20180610","2018061003"
2018,6,10,5,4,3845,161,"20180610","2018061004"
2018,6,10,5,5,3846,161,"20180610","2018061005"
2018,6,10,5,6,3847,161,"20180610","2018061006"
2018,6,10,5,7,3848,161,"20180610","2018061007"
2018,6,10,5,8,3849,161,"20180610","2018061008"
2018,6,10,5,9,3850,161,"20180610","2018061009"
2018,6,10,5,10,3851,161,"20180610","2018061010"
2018,6,10,5,11,3852,161,"20180610","2018061011"
2018,6,10,5,12,3853,161,"20180610","2018061012"
2018,6,10,5,13,3854,161,"20180610","2018061013"
2018,6,10,5,14,3855,161,"20180610","2018061014"
2018,6,10,5,15,3856,161,"20180610","2018061015"
2018,6,10,5,16,3857,161,"20180610","2018061016"
2018,6,10,5,17,3858,161,"20180610","2018061017"
2018,6,10,5,18,3859,161,"20180610","2018061018"
2018,6,10,5,19,3860,161,"20180610","2018061019"
2018,6,10,5,20,3861,161,"20180610","2018061020"
2018,6,10,5,21,3862,161,"20180610","2018061021"
2018,6,10,5,22,3863,161,"20180610","2018061022"
2018,6,10,5,23,3864,161,"20180610","2018061023"
2018,6,11,6,0,3865,162,"20180611","2018061100"
2018,6,11,6,1,3866,162,"20180611","2018061101"
2018,6,11,6,2,3867,162,"20180611","2018061102"
2018,6,11,6,3,3868,162,"20180611","2018061103"
2018,6,11,6,4,3869,162,"20180611","2018061104"
2018,6,11,6,5,3870,162,"20180611","2018061105"
2018,6,11,6,6,3871,162,"20180611","2018061106"
2018,6,11,6,7,3872,162,"20180611","2018061107"
2018,6,11,6,8,3873,162,"20180611","2018061108"
2018,6,11,6,9,3874,162,"20180611","2018061109"
2018,6,11,6,10,3875,162,"20180611","2018061110"
2018,6,11,6,11,3876,162,"20180611","2018061111"
2018,6,11,6,12,3877,162,"20180611","2018061112"
2018,6,11,6,13,3878,162,"20180611","2018061113"
2018,6,11,6,14,3879,162,"20180611","2018061114"
2018,6,11,6,15,3880,162,"20180611","2018061115"
2018,6,11,6,16,3881,162,"20180611","2018061116"
2018,6,11,6,17,3882,162,"20180611","2018061117"
2018,6,11,6,18,3883,162,"20180611","2018061118"
2018,6,11,6,19,3884,162,"20180611","2018061119"
2018,6,11,6,20,3885,162,"20180611","2018061120"
2018,6,11,6,21,3886,162,"20180611","2018061121"
2018,6,11,6,22,3887,162,"20180611","2018061122"
2018,6,11,6,23,3888,162,"20180611","2018061123"
2018,6,12,7,0,3889,163,"20180612","2018061200"
2018,6,12,7,1,3890,163,"20180612","2018061201"
2018,6,12,7,2,3891,163,"20180612","2018061202"
2018,6,12,7,3,3892,163,"20180612","2018061203"
2018,6,12,7,4,3893,163,"20180612","2018061204"
2018,6,12,7,5,3894,163,"20180612","2018061205"
2018,6,12,7,6,3895,163,"20180612","2018061206"
2018,6,12,7,7,3896,163,"20180612","2018061207"
2018,6,12,7,8,3897,163,"20180612","2018061208"
2018,6,12,7,9,3898,163,"20180612","2018061209"
2018,6,12,7,10,3899,163,"20180612","2018061210"
2018,6,12,7,11,3900,163,"20180612","2018061211"
2018,6,12,7,12,3901,163,"20180612","2018061212"
2018,6,12,7,13,3902,163,"20180612","2018061213"
2018,6,12,7,14,3903,163,"20180612","2018061214"
2018,6,12,7,15,3904,163,"20180612","2018061215"
2018,6,12,7,16,3905,163,"20180612","2018061216"
2018,6,12,7,17,3906,163,"20180612","2018061217"
2018,6,12,7,18,3907,163,"20180612","2018061218"
2018,6,12,7,19,3908,163,"20180612","2018061219"
2018,6,12,7,20,3909,163,"20180612","2018061220"
2018,6,12,7,21,3910,163,"20180612","2018061221"
2018,6,12,7,22,3911,163,"20180612","2018061222"
2018,6,12,7,23,3912,163,"20180612","2018061223"
2018,6,13,1,0,3913,164,"20180613","2018061300"
2018,6,13,1,1,3914,164,"20180613","2018061301"
2018,6,13,1,2,3915,164,"20180613","2018061302"
2018,6,13,1,3,3916,164,"20180613","2018061303"
2018,6,13,1,4,3917,164,"20180613","2018061304"
2018,6,13,1,5,3918,164,"20180613","2018061305"
2018,6,13,1,6,3919,164,"20180613","2018061306"
2018,6,13,1,7,3920,164,"20180613","2018061307"
2018,6,13,1,8,3921,164,"20180613","2018061308"
2018,6,13,1,9,3922,164,"20180613","2018061309"
2018,6,13,1,10,3923,164,"20180613","2018061310"
2018,6,13,1,11,3924,164,"20180613","2018061311"
2018,6,13,1,12,3925,164,"20180613","2018061312"
2018,6,13,1,13,3926,164,"20180613","2018061313"
2018,6,13,1,14,3927,164,"20180613","2018061314"
2018,6,13,1,15,3928,164,"20180613","2018061315"
2018,6,13,1,16,3929,164,"20180613","2018061316"
2018,6,13,1,17,3930,164,"20180613","2018061317"
2018,6,13,1,18,3931,164,"20180613","2018061318"
2018,6,13,1,19,3932,164,"20180613","2018061319"
2018,6,13,1,20,3933,164,"20180613","2018061320"
2018,6,13,1,21,3934,164,"20180613","2018061321"
2018,6,13,1,22,3935,164,"20180613","2018061322"
2018,6,13,1,23,3936,164,"20180613","2018061323"
2018,6,14,2,0,3937,165,"20180614","2018061400"
2018,6,14,2,1,3938,165,"20180614","2018061401"
2018,6,14,2,2,3939,165,"20180614","2018061402"
2018,6,14,2,3,3940,165,"20180614","2018061403"
2018,6,14,2,4,3941,165,"20180614","2018061404"
2018,6,14,2,5,3942,165,"20180614","2018061405"
2018,6,14,2,6,3943,165,"20180614","2018061406"
2018,6,14,2,7,3944,165,"20180614","2018061407"
2018,6,14,2,8,3945,165,"20180614","2018061408"
2018,6,14,2,9,3946,165,"20180614","2018061409"
2018,6,14,2,10,3947,165,"20180614","2018061410"
2018,6,14,2,11,3948,165,"20180614","2018061411"
2018,6,14,2,12,3949,165,"20180614","2018061412"
2018,6,14,2,13,3950,165,"20180614","2018061413"
2018,6,14,2,14,3951,165,"20180614","2018061414"
2018,6,14,2,15,3952,165,"20180614","2018061415"
2018,6,14,2,16,3953,165,"20180614","2018061416"
2018,6,14,2,17,3954,165,"20180614","2018061417"
2018,6,14,2,18,3955,165,"20180614","2018061418"
2018,6,14,2,19,3956,165,"20180614","2018061419"
2018,6,14,2,20,3957,165,"20180614","2018061420"
2018,6,14,2,21,3958,165,"20180614","2018061421"
2018,6,14,2,22,3959,165,"20180614","2018061422"
2018,6,14,2,23,3960,165,"20180614","2018061423"
2018,6,15,3,0,3961,166,"20180615","2018061500"
2018,6,15,3,1,3962,166,"20180615","2018061501"
2018,6,15,3,2,3963,166,"20180615","2018061502"
2018,6,15,3,3,3964,166,"20180615","2018061503"
2018,6,15,3,4,3965,166,"20180615","2018061504"
2018,6,15,3,5,3966,166,"20180615","2018061505"
2018,6,15,3,6,3967,166,"20180615","2018061506"
2018,6,15,3,7,3968,166,"20180615","2018061507"
2018,6,15,3,8,3969,166,"20180615","2018061508"
2018,6,15,3,9,3970,166,"20180615","2018061509"
2018,6,15,3,10,3971,166,"20180615","2018061510"
2018,6,15,3,11,3972,166,"20180615","2018061511"
2018,6,15,3,12,3973,166,"20180615","2018061512"
2018,6,15,3,13,3974,166,"20180615","2018061513"
2018,6,15,3,14,3975,166,"20180615","2018061514"
2018,6,15,3,15,3976,166,"20180615","2018061515"
2018,6,15,3,16,3977,166,"20180615","2018061516"
2018,6,15,3,17,3978,166,"20180615","2018061517"
2018,6,15,3,18,3979,166,"20180615","2018061518"
2018,6,15,3,19,3980,166,"20180615","2018061519"
2018,6,15,3,20,3981,166,"20180615","2018061520"
2018,6,15,3,21,3982,166,"20180615","2018061521"
2018,6,15,3,22,3983,166,"20180615","2018061522"
2018,6,15,3,23,3984,166,"20180615","2018061523"
2018,6,16,4,0,3985,167,"20180616","2018061600"
2018,6,16,4,1,3986,167,"20180616","2018061601"
2018,6,16,4,2,3987,167,"20180616","2018061602"
2018,6,16,4,3,3988,167,"20180616","2018061603"
2018,6,16,4,4,3989,167,"20180616","2018061604"
2018,6,16,4,5,3990,167,"20180616","2018061605"
2018,6,16,4,6,3991,167,"20180616","2018061606"
2018,6,16,4,7,3992,167,"20180616","2018061607"
2018,6,16,4,8,3993,167,"20180616","2018061608"
2018,6,16,4,9,3994,167,"20180616","2018061609"
2018,6,16,4,10,3995,167,"20180616","2018061610"
2018,6,16,4,11,3996,167,"20180616","2018061611"
2018,6,16,4,12,3997,167,"20180616","2018061612"
2018,6,16,4,13,3998,167,"20180616","2018061613"
2018,6,16,4,14,3999,167,"20180616","2018061614"
2018,6,16,4,15,4000,167,"20180616","2018061615"
2018,6,16,4,16,4001,167,"20180616","2018061616"
2018,6,16,4,17,4002,167,"20180616","2018061617"
2018,6,16,4,18,4003,167,"20180616","2018061618"
2018,6,16,4,19,4004,167,"20180616","2018061619"
2018,6,16,4,20,4005,167,"20180616","2018061620"
2018,6,16,4,21,4006,167,"20180616","2018061621"
2018,6,16,4,22,4007,167,"20180616","2018061622"
2018,6,16,4,23,4008,167,"20180616","2018061623"
2018,6,17,5,0,4009,168,"20180617","2018061700"
2018,6,17,5,1,4010,168,"20180617","2018061701"
2018,6,17,5,2,4011,168,"20180617","2018061702"
2018,6,17,5,3,4012,168,"20180617","2018061703"
2018,6,17,5,4,4013,168,"20180617","2018061704"
2018,6,17,5,5,4014,168,"20180617","2018061705"
2018,6,17,5,6,4015,168,"20180617","2018061706"
2018,6,17,5,7,4016,168,"20180617","2018061707"
2018,6,17,5,8,4017,168,"20180617","2018061708"
2018,6,17,5,9,4018,168,"20180617","2018061709"
2018,6,17,5,10,4019,168,"20180617","2018061710"
2018,6,17,5,11,4020,168,"20180617","2018061711"
2018,6,17,5,12,4021,168,"20180617","2018061712"
2018,6,17,5,13,4022,168,"20180617","2018061713"
2018,6,17,5,14,4023,168,"20180617","2018061714"
2018,6,17,5,15,4024,168,"20180617","2018061715"
2018,6,17,5,16,4025,168,"20180617","2018061716"
2018,6,17,5,17,4026,168,"20180617","2018061717"
2018,6,17,5,18,4027,168,"20180617","2018061718"
2018,6,17,5,19,4028,168,"20180617","2018061719"
2018,6,17,5,20,4029,168,"20180617","2018061720"
2018,6,17,5,21,4030,168,"20180617","2018061721"
2018,6,17,5,22,4031,168,"20180617","2018061722"
2018,6,17,5,23,4032,168,"20180617","2018061723"
2018,6,18,6,0,4033,169,"20180618","2018061800"
2018,6,18,6,1,4034,169,"20180618","2018061801"
2018,6,18,6,2,4035,169,"20180618","2018061802"
2018,6,18,6,3,4036,169,"20180618","2018061803"
2018,6,18,6,4,4037,169,"20180618","2018061804"
2018,6,18,6,5,4038,169,"20180618","2018061805"
2018,6,18,6,6,4039,169,"20180618","2018061806"
2018,6,18,6,7,4040,169,"20180618","2018061807"
2018,6,18,6,8,4041,169,"20180618","2018061808"
2018,6,18,6,9,4042,169,"20180618","2018061809"
2018,6,18,6,10,4043,169,"20180618","2018061810"
2018,6,18,6,11,4044,169,"20180618","2018061811"
2018,6,18,6,12,4045,169,"20180618","2018061812"
2018,6,18,6,13,4046,169,"20180618","2018061813"
2018,6,18,6,14,4047,169,"20180618","2018061814"
2018,6,18,6,15,4048,169,"20180618","2018061815"
2018,6,18,6,16,4049,169,"20180618","2018061816"
2018,6,18,6,17,4050,169,"20180618","2018061817"
2018,6,18,6,18,4051,169,"20180618","2018061818"
2018,6,18,6,19,4052,169,"20180618","2018061819"
2018,6,18,6,20,4053,169,"20180618","2018061820"
2018,6,18,6,21,4054,169,"20180618","2018061821"
2018,6,18,6,22,4055,169,"20180618","2018061822"
2018,6,18,6,23,4056,169,"20180618","2018061823"
2018,6,19,7,0,4057,170,"20180619","2018061900"
2018,6,19,7,1,4058,170,"20180619","2018061901"
2018,6,19,7,2,4059,170,"20180619","2018061902"
2018,6,19,7,3,4060,170,"20180619","2018061903"
2018,6,19,7,4,4061,170,"20180619","2018061904"
2018,6,19,7,5,4062,170,"20180619","2018061905"
2018,6,19,7,6,4063,170,"20180619","2018061906"
2018,6,19,7,7,4064,170,"20180619","2018061907"
2018,6,19,7,8,4065,170,"20180619","2018061908"
2018,6,19,7,9,4066,170,"20180619","2018061909"
2018,6,19,7,10,4067,170,"20180619","2018061910"
2018,6,19,7,11,4068,170,"20180619","2018061911"
2018,6,19,7,12,4069,170,"20180619","2018061912"
2018,6,19,7,13,4070,170,"20180619","2018061913"
2018,6,19,7,14,4071,170,"20180619","2018061914"
2018,6,19,7,15,4072,170,"20180619","2018061915"
2018,6,19,7,16,4073,170,"20180619","2018061916"
2018,6,19,7,17,4074,170,"20180619","2018061917"
2018,6,19,7,18,4075,170,"20180619","2018061918"
2018,6,19,7,19,4076,170,"20180619","2018061919"
2018,6,19,7,20,4077,170,"20180619","2018061920"
2018,6,19,7,21,4078,170,"20180619","2018061921"
2018,6,19,7,22,4079,170,"20180619","2018061922"
2018,6,19,7,23,4080,170,"20180619","2018061923"
2018,6,20,1,0,4081,171,"20180620","2018062000"
2018,6,20,1,1,4082,171,"20180620","2018062001"
2018,6,20,1,2,4083,171,"20180620","2018062002"
2018,6,20,1,3,4084,171,"20180620","2018062003"
2018,6,20,1,4,4085,171,"20180620","2018062004"
2018,6,20,1,5,4086,171,"20180620","2018062005"
2018,6,20,1,6,4087,171,"20180620","2018062006"
2018,6,20,1,7,4088,171,"20180620","2018062007"
2018,6,20,1,8,4089,171,"20180620","2018062008"
2018,6,20,1,9,4090,171,"20180620","2018062009"
2018,6,20,1,10,4091,171,"20180620","2018062010"
2018,6,20,1,11,4092,171,"20180620","2018062011"
2018,6,20,1,12,4093,171,"20180620","2018062012"
2018,6,20,1,13,4094,171,"20180620","2018062013"
2018,6,20,1,14,4095,171,"20180620","2018062014"
2018,6,20,1,15,4096,171,"20180620","2018062015"
2018,6,20,1,16,4097,171,"20180620","2018062016"
2018,6,20,1,17,4098,171,"20180620","2018062017"
2018,6,20,1,18,4099,171,"20180620","2018062018"
2018,6,20,1,19,4100,171,"20180620","2018062019"
2018,6,20,1,20,4101,171,"20180620","2018062020"
2018,6,20,1,21,4102,171,"20180620","2018062021"
2018,6,20,1,22,4103,171,"20180620","2018062022"
2018,6,20,1,23,4104,171,"20180620","2018062023"
2018,6,21,2,0,4105,172,"20180621","2018062100"
2018,6,21,2,1,4106,172,"20180621","2018062101"
2018,6,21,2,2,4107,172,"20180621","2018062102"
2018,6,21,2,3,4108,172,"20180621","2018062103"
2018,6,21,2,4,4109,172,"20180621","2018062104"
2018,6,21,2,5,4110,172,"20180621","2018062105"
2018,6,21,2,6,4111,172,"20180621","2018062106"
2018,6,21,2,7,4112,172,"20180621","2018062107"
2018,6,21,2,8,4113,172,"20180621","2018062108"
2018,6,21,2,9,4114,172,"20180621","2018062109"
2018,6,21,2,10,4115,172,"20180621","2018062110"
2018,6,21,2,11,4116,172,"20180621","2018062111"
2018,6,21,2,12,4117,172,"20180621","2018062112"
2018,6,21,2,13,4118,172,"20180621","2018062113"
2018,6,21,2,14,4119,172,"20180621","2018062114"
2018,6,21,2,15,4120,172,"20180621","2018062115"
2018,6,21,2,16,4121,172,"20180621","2018062116"
2018,6,21,2,17,4122,172,"20180621","2018062117"
2018,6,21,2,18,4123,172,"20180621","2018062118"
2018,6,21,2,19,4124,172,"20180621","2018062119"
2018,6,21,2,20,4125,172,"20180621","2018062120"
2018,6,21,2,21,4126,172,"20180621","2018062121"
2018,6,21,2,22,4127,172,"20180621","2018062122"
2018,6,21,2,23,4128,172,"20180621","2018062123"
2018,6,22,3,0,4129,173,"20180622","2018062200"
2018,6,22,3,1,4130,173,"20180622","2018062201"
2018,6,22,3,2,4131,173,"20180622","2018062202"
2018,6,22,3,3,4132,173,"20180622","2018062203"
2018,6,22,3,4,4133,173,"20180622","2018062204"
2018,6,22,3,5,4134,173,"20180622","2018062205"
2018,6,22,3,6,4135,173,"20180622","2018062206"
2018,6,22,3,7,4136,173,"20180622","2018062207"
2018,6,22,3,8,4137,173,"20180622","2018062208"
2018,6,22,3,9,4138,173,"20180622","2018062209"
2018,6,22,3,10,4139,173,"20180622","2018062210"
2018,6,22,3,11,4140,173,"20180622","2018062211"
2018,6,22,3,12,4141,173,"20180622","2018062212"
2018,6,22,3,13,4142,173,"20180622","2018062213"
2018,6,22,3,14,4143,173,"20180622","2018062214"
2018,6,22,3,15,4144,173,"20180622","2018062215"
2018,6,22,3,16,4145,173,"20180622","2018062216"
2018,6,22,3,17,4146,173,"20180622","2018062217"
2018,6,22,3,18,4147,173,"20180622","2018062218"
2018,6,22,3,19,4148,173,"20180622","2018062219"
2018,6,22,3,20,4149,173,"20180622","2018062220"
2018,6,22,3,21,4150,173,"20180622","2018062221"
2018,6,22,3,22,4151,173,"20180622","2018062222"
2018,6,22,3,23,4152,173,"20180622","2018062223"
2018,6,23,4,0,4153,174,"20180623","2018062300"
2018,6,23,4,1,4154,174,"20180623","2018062301"
2018,6,23,4,2,4155,174,"20180623","2018062302"
2018,6,23,4,3,4156,174,"20180623","2018062303"
2018,6,23,4,4,4157,174,"20180623","2018062304"
2018,6,23,4,5,4158,174,"20180623","2018062305"
2018,6,23,4,6,4159,174,"20180623","2018062306"
2018,6,23,4,7,4160,174,"20180623","2018062307"
2018,6,23,4,8,4161,174,"20180623","2018062308"
2018,6,23,4,9,4162,174,"20180623","2018062309"
2018,6,23,4,10,4163,174,"20180623","2018062310"
2018,6,23,4,11,4164,174,"20180623","2018062311"
2018,6,23,4,12,4165,174,"20180623","2018062312"
2018,6,23,4,13,4166,174,"20180623","2018062313"
2018,6,23,4,14,4167,174,"20180623","2018062314"
2018,6,23,4,15,4168,174,"20180623","2018062315"
2018,6,23,4,16,4169,174,"20180623","2018062316"
2018,6,23,4,17,4170,174,"20180623","2018062317"
2018,6,23,4,18,4171,174,"20180623","2018062318"
2018,6,23,4,19,4172,174,"20180623","2018062319"
2018,6,23,4,20,4173,174,"20180623","2018062320"
2018,6,23,4,21,4174,174,"20180623","2018062321"
2018,6,23,4,22,4175,174,"20180623","2018062322"
2018,6,23,4,23,4176,174,"20180623","2018062323"
2018,6,24,5,0,4177,175,"20180624","2018062400"
2018,6,24,5,1,4178,175,"20180624","2018062401"
2018,6,24,5,2,4179,175,"20180624","2018062402"
2018,6,24,5,3,4180,175,"20180624","2018062403"
2018,6,24,5,4,4181,175,"20180624","2018062404"
2018,6,24,5,5,4182,175,"20180624","2018062405"
2018,6,24,5,6,4183,175,"20180624","2018062406"
2018,6,24,5,7,4184,175,"20180624","2018062407"
2018,6,24,5,8,4185,175,"20180624","2018062408"
2018,6,24,5,9,4186,175,"20180624","2018062409"
2018,6,24,5,10,4187,175,"20180624","2018062410"
2018,6,24,5,11,4188,175,"20180624","2018062411"
2018,6,24,5,12,4189,175,"20180624","2018062412"
2018,6,24,5,13,4190,175,"20180624","2018062413"
2018,6,24,5,14,4191,175,"20180624","2018062414"
2018,6,24,5,15,4192,175,"20180624","2018062415"
2018,6,24,5,16,4193,175,"20180624","2018062416"
2018,6,24,5,17,4194,175,"20180624","2018062417"
2018,6,24,5,18,4195,175,"20180624","2018062418"
2018,6,24,5,19,4196,175,"20180624","2018062419"
2018,6,24,5,20,4197,175,"20180624","2018062420"
2018,6,24,5,21,4198,175,"20180624","2018062421"
2018,6,24,5,22,4199,175,"20180624","2018062422"
2018,6,24,5,23,4200,175,"20180624","2018062423"
2018,6,25,6,0,4201,176,"20180625","2018062500"
2018,6,25,6,1,4202,176,"20180625","2018062501"
2018,6,25,6,2,4203,176,"20180625","2018062502"
2018,6,25,6,3,4204,176,"20180625","2018062503"
2018,6,25,6,4,4205,176,"20180625","2018062504"
2018,6,25,6,5,4206,176,"20180625","2018062505"
2018,6,25,6,6,4207,176,"20180625","2018062506"
2018,6,25,6,7,4208,176,"20180625","2018062507"
2018,6,25,6,8,4209,176,"20180625","2018062508"
2018,6,25,6,9,4210,176,"20180625","2018062509"
2018,6,25,6,10,4211,176,"20180625","2018062510"
2018,6,25,6,11,4212,176,"20180625","2018062511"
2018,6,25,6,12,4213,176,"20180625","2018062512"
2018,6,25,6,13,4214,176,"20180625","2018062513"
2018,6,25,6,14,4215,176,"20180625","2018062514"
2018,6,25,6,15,4216,176,"20180625","2018062515"
2018,6,25,6,16,4217,176,"20180625","2018062516"
2018,6,25,6,17,4218,176,"20180625","2018062517"
2018,6,25,6,18,4219,176,"20180625","2018062518"
2018,6,25,6,19,4220,176,"20180625","2018062519"
2018,6,25,6,20,4221,176,"20180625","2018062520"
2018,6,25,6,21,4222,176,"20180625","2018062521"
2018,6,25,6,22,4223,176,"20180625","2018062522"
2018,6,25,6,23,4224,176,"20180625","2018062523"
2018,6,26,7,0,4225,177,"20180626","2018062600"
2018,6,26,7,1,4226,177,"20180626","2018062601"
2018,6,26,7,2,4227,177,"20180626","2018062602"
2018,6,26,7,3,4228,177,"20180626","2018062603"
2018,6,26,7,4,4229,177,"20180626","2018062604"
2018,6,26,7,5,4230,177,"20180626","2018062605"
2018,6,26,7,6,4231,177,"20180626","2018062606"
2018,6,26,7,7,4232,177,"20180626","2018062607"
2018,6,26,7,8,4233,177,"20180626","2018062608"
2018,6,26,7,9,4234,177,"20180626","2018062609"
2018,6,26,7,10,4235,177,"20180626","2018062610"
2018,6,26,7,11,4236,177,"20180626","2018062611"
2018,6,26,7,12,4237,177,"20180626","2018062612"
2018,6,26,7,13,4238,177,"20180626","2018062613"
2018,6,26,7,14,4239,177,"20180626","2018062614"
2018,6,26,7,15,4240,177,"20180626","2018062615"
2018,6,26,7,16,4241,177,"20180626","2018062616"
2018,6,26,7,17,4242,177,"20180626","2018062617"
2018,6,26,7,18,4243,177,"20180626","2018062618"
2018,6,26,7,19,4244,177,"20180626","2018062619"
2018,6,26,7,20,4245,177,"20180626","2018062620"
2018,6,26,7,21,4246,177,"20180626","2018062621"
2018,6,26,7,22,4247,177,"20180626","2018062622"
2018,6,26,7,23,4248,177,"20180626","2018062623"
2018,6,27,1,0,4249,178,"20180627","2018062700"
2018,6,27,1,1,4250,178,"20180627","2018062701"
2018,6,27,1,2,4251,178,"20180627","2018062702"
2018,6,27,1,3,4252,178,"20180627","2018062703"
2018,6,27,1,4,4253,178,"20180627","2018062704"
2018,6,27,1,5,4254,178,"20180627","2018062705"
2018,6,27,1,6,4255,178,"20180627","2018062706"
2018,6,27,1,7,4256,178,"20180627","2018062707"
2018,6,27,1,8,4257,178,"20180627","2018062708"
2018,6,27,1,9,4258,178,"20180627","2018062709"
2018,6,27,1,10,4259,178,"20180627","2018062710"
2018,6,27,1,11,4260,178,"20180627","2018062711"
2018,6,27,1,12,4261,178,"20180627","2018062712"
2018,6,27,1,13,4262,178,"20180627","2018062713"
2018,6,27,1,14,4263,178,"20180627","2018062714"
2018,6,27,1,15,4264,178,"20180627","2018062715"
2018,6,27,1,16,4265,178,"20180627","2018062716"
2018,6,27,1,17,4266,178,"20180627","2018062717"
2018,6,27,1,18,4267,178,"20180627","2018062718"
2018,6,27,1,19,4268,178,"20180627","2018062719"
2018,6,27,1,20,4269,178,"20180627","2018062720"
2018,6,27,1,21,4270,178,"20180627","2018062721"
2018,6,27,1,22,4271,178,"20180627","2018062722"
2018,6,27,1,23,4272,178,"20180627","2018062723"
2018,6,28,2,0,4273,179,"20180628","2018062800"
2018,6,28,2,1,4274,179,"20180628","2018062801"
2018,6,28,2,2,4275,179,"20180628","2018062802"
2018,6,28,2,3,4276,179,"20180628","2018062803"
2018,6,28,2,4,4277,179,"20180628","2018062804"
2018,6,28,2,5,4278,179,"20180628","2018062805"
2018,6,28,2,6,4279,179,"20180628","2018062806"
2018,6,28,2,7,4280,179,"20180628","2018062807"
2018,6,28,2,8,4281,179,"20180628","2018062808"
2018,6,28,2,9,4282,179,"20180628","2018062809"
2018,6,28,2,10,4283,179,"20180628","2018062810"
2018,6,28,2,11,4284,179,"20180628","2018062811"
2018,6,28,2,12,4285,179,"20180628","2018062812"
2018,6,28,2,13,4286,179,"20180628","2018062813"
2018,6,28,2,14,4287,179,"20180628","2018062814"
2018,6,28,2,15,4288,179,"20180628","2018062815"
2018,6,28,2,16,4289,179,"20180628","2018062816"
2018,6,28,2,17,4290,179,"20180628","2018062817"
2018,6,28,2,18,4291,179,"20180628","2018062818"
2018,6,28,2,19,4292,179,"20180628","2018062819"
2018,6,28,2,20,4293,179,"20180628","2018062820"
2018,6,28,2,21,4294,179,"20180628","2018062821"
2018,6,28,2,22,4295,179,"20180628","2018062822"
2018,6,28,2,23,4296,179,"20180628","2018062823"
2018,6,29,3,0,4297,180,"20180629","2018062900"
2018,6,29,3,1,4298,180,"20180629","2018062901"
2018,6,29,3,2,4299,180,"20180629","2018062902"
2018,6,29,3,3,4300,180,"20180629","2018062903"
2018,6,29,3,4,4301,180,"20180629","2018062904"
2018,6,29,3,5,4302,180,"20180629","2018062905"
2018,6,29,3,6,4303,180,"20180629","2018062906"
2018,6,29,3,7,4304,180,"20180629","2018062907"
2018,6,29,3,8,4305,180,"20180629","2018062908"
2018,6,29,3,9,4306,180,"20180629","2018062909"
2018,6,29,3,10,4307,180,"20180629","2018062910"
2018,6,29,3,11,4308,180,"20180629","2018062911"
2018,6,29,3,12,4309,180,"20180629","2018062912"
2018,6,29,3,13,4310,180,"20180629","2018062913"
2018,6,29,3,14,4311,180,"20180629","2018062914"
2018,6,29,3,15,4312,180,"20180629","2018062915"
2018,6,29,3,16,4313,180,"20180629","2018062916"
2018,6,29,3,17,4314,180,"20180629","2018062917"
2018,6,29,3,18,4315,180,"20180629","2018062918"
2018,6,29,3,19,4316,180,"20180629","2018062919"
2018,6,29,3,20,4317,180,"20180629","2018062920"
2018,6,29,3,21,4318,180,"20180629","2018062921"
2018,6,29,3,22,4319,180,"20180629","2018062922"
2018,6,29,3,23,4320,180,"20180629","2018062923"
2018,6,30,4,0,4321,181,"20180630","2018063000"
2018,6,30,4,1,4322,181,"20180630","2018063001"
2018,6,30,4,2,4323,181,"20180630","2018063002"
2018,6,30,4,3,4324,181,"20180630","2018063003"
2018,6,30,4,4,4325,181,"20180630","2018063004"
2018,6,30,4,5,4326,181,"20180630","2018063005"
2018,6,30,4,6,4327,181,"20180630","2018063006"
2018,6,30,4,7,4328,181,"20180630","2018063007"
2018,6,30,4,8,4329,181,"20180630","2018063008"
2018,6,30,4,9,4330,181,"20180630","2018063009"
2018,6,30,4,10,4331,181,"20180630","2018063010"
2018,6,30,4,11,4332,181,"20180630","2018063011"
2018,6,30,4,12,4333,181,"20180630","2018063012"
2018,6,30,4,13,4334,181,"20180630","2018063013"
2018,6,30,4,14,4335,181,"20180630","2018063014"
2018,6,30,4,15,4336,181,"20180630","2018063015"
2018,6,30,4,16,4337,181,"20180630","2018063016"
2018,6,30,4,17,4338,181,"20180630","2018063017"
2018,6,30,4,18,4339,181,"20180630","2018063018"
2018,6,30,4,19,4340,181,"20180630","2018063019"
2018,6,30,4,20,4341,181,"20180630","2018063020"
2018,6,30,4,21,4342,181,"20180630","2018063021"
2018,6,30,4,22,4343,181,"20180630","2018063022"
2018,6,30,4,23,4344,181,"20180630","2018063023"
2018,7,1,5,0,4345,182,"20180701","2018070100"
2018,7,1,5,1,4346,182,"20180701","2018070101"
2018,7,1,5,2,4347,182,"20180701","2018070102"
2018,7,1,5,3,4348,182,"20180701","2018070103"
2018,7,1,5,4,4349,182,"20180701","2018070104"
2018,7,1,5,5,4350,182,"20180701","2018070105"
2018,7,1,5,6,4351,182,"20180701","2018070106"
2018,7,1,5,7,4352,182,"20180701","2018070107"
2018,7,1,5,8,4353,182,"20180701","2018070108"
2018,7,1,5,9,4354,182,"20180701","2018070109"
2018,7,1,5,10,4355,182,"20180701","2018070110"
2018,7,1,5,11,4356,182,"20180701","2018070111"
2018,7,1,5,12,4357,182,"20180701","2018070112"
2018,7,1,5,13,4358,182,"20180701","2018070113"
2018,7,1,5,14,4359,182,"20180701","2018070114"
2018,7,1,5,15,4360,182,"20180701","2018070115"
2018,7,1,5,16,4361,182,"20180701","2018070116"
2018,7,1,5,17,4362,182,"20180701","2018070117"
2018,7,1,5,18,4363,182,"20180701","2018070118"
2018,7,1,5,19,4364,182,"20180701","2018070119"
2018,7,1,5,20,4365,182,"20180701","2018070120"
2018,7,1,5,21,4366,182,"20180701","2018070121"
2018,7,1,5,22,4367,182,"20180701","2018070122"
2018,7,1,5,23,4368,182,"20180701","2018070123"
2018,7,2,6,0,4369,183,"20180702","2018070200"
2018,7,2,6,1,4370,183,"20180702","2018070201"
2018,7,2,6,2,4371,183,"20180702","2018070202"
2018,7,2,6,3,4372,183,"20180702","2018070203"
2018,7,2,6,4,4373,183,"20180702","2018070204"
2018,7,2,6,5,4374,183,"20180702","2018070205"
2018,7,2,6,6,4375,183,"20180702","2018070206"
2018,7,2,6,7,4376,183,"20180702","2018070207"
2018,7,2,6,8,4377,183,"20180702","2018070208"
2018,7,2,6,9,4378,183,"20180702","2018070209"
2018,7,2,6,10,4379,183,"20180702","2018070210"
2018,7,2,6,11,4380,183,"20180702","2018070211"
2018,7,2,6,12,4381,183,"20180702","2018070212"
2018,7,2,6,13,4382,183,"20180702","2018070213"
2018,7,2,6,14,4383,183,"20180702","2018070214"
2018,7,2,6,15,4384,183,"20180702","2018070215"
2018,7,2,6,16,4385,183,"20180702","2018070216"
2018,7,2,6,17,4386,183,"20180702","2018070217"
2018,7,2,6,18,4387,183,"20180702","2018070218"
2018,7,2,6,19,4388,183,"20180702","2018070219"
2018,7,2,6,20,4389,183,"20180702","2018070220"
2018,7,2,6,21,4390,183,"20180702","2018070221"
2018,7,2,6,22,4391,183,"20180702","2018070222"
2018,7,2,6,23,4392,183,"20180702","2018070223"
2018,7,3,7,0,4393,184,"20180703","2018070300"
2018,7,3,7,1,4394,184,"20180703","2018070301"
2018,7,3,7,2,4395,184,"20180703","2018070302"
2018,7,3,7,3,4396,184,"20180703","2018070303"
2018,7,3,7,4,4397,184,"20180703","2018070304"
2018,7,3,7,5,4398,184,"20180703","2018070305"
2018,7,3,7,6,4399,184,"20180703","2018070306"
2018,7,3,7,7,4400,184,"20180703","2018070307"
2018,7,3,7,8,4401,184,"20180703","2018070308"
2018,7,3,7,9,4402,184,"20180703","2018070309"
2018,7,3,7,10,4403,184,"20180703","2018070310"
2018,7,3,7,11,4404,184,"20180703","2018070311"
2018,7,3,7,12,4405,184,"20180703","2018070312"
2018,7,3,7,13,4406,184,"20180703","2018070313"
2018,7,3,7,14,4407,184,"20180703","2018070314"
2018,7,3,7,15,4408,184,"20180703","2018070315"
2018,7,3,7,16,4409,184,"20180703","2018070316"
2018,7,3,7,17,4410,184,"20180703","2018070317"
2018,7,3,7,18,4411,184,"20180703","2018070318"
2018,7,3,7,19,4412,184,"20180703","2018070319"
2018,7,3,7,20,4413,184,"20180703","2018070320"
2018,7,3,7,21,4414,184,"20180703","2018070321"
2018,7,3,7,22,4415,184,"20180703","2018070322"
2018,7,3,7,23,4416,184,"20180703","2018070323"
2018,7,4,1,0,4417,185,"20180704","2018070400"
2018,7,4,1,1,4418,185,"20180704","2018070401"
2018,7,4,1,2,4419,185,"20180704","2018070402"
2018,7,4,1,3,4420,185,"20180704","2018070403"
2018,7,4,1,4,4421,185,"20180704","2018070404"
2018,7,4,1,5,4422,185,"20180704","2018070405"
2018,7,4,1,6,4423,185,"20180704","2018070406"
2018,7,4,1,7,4424,185,"20180704","2018070407"
2018,7,4,1,8,4425,185,"20180704","2018070408"
2018,7,4,1,9,4426,185,"20180704","2018070409"
2018,7,4,1,10,4427,185,"20180704","2018070410"
2018,7,4,1,11,4428,185,"20180704","2018070411"
2018,7,4,1,12,4429,185,"20180704","2018070412"
2018,7,4,1,13,4430,185,"20180704","2018070413"
2018,7,4,1,14,4431,185,"20180704","2018070414"
2018,7,4,1,15,4432,185,"20180704","2018070415"
2018,7,4,1,16,4433,185,"20180704","2018070416"
2018,7,4,1,17,4434,185,"20180704","2018070417"
2018,7,4,1,18,4435,185,"20180704","2018070418"
2018,7,4,1,19,4436,185,"20180704","2018070419"
2018,7,4,1,20,4437,185,"20180704","2018070420"
2018,7,4,1,21,4438,185,"20180704","2018070421"
2018,7,4,1,22,4439,185,"20180704","2018070422"
2018,7,4,1,23,4440,185,"20180704","2018070423"
2018,7,5,2,0,4441,186,"20180705","2018070500"
2018,7,5,2,1,4442,186,"20180705","2018070501"
2018,7,5,2,2,4443,186,"20180705","2018070502"
2018,7,5,2,3,4444,186,"20180705","2018070503"
2018,7,5,2,4,4445,186,"20180705","2018070504"
2018,7,5,2,5,4446,186,"20180705","2018070505"
2018,7,5,2,6,4447,186,"20180705","2018070506"
2018,7,5,2,7,4448,186,"20180705","2018070507"
2018,7,5,2,8,4449,186,"20180705","2018070508"
2018,7,5,2,9,4450,186,"20180705","2018070509"
2018,7,5,2,10,4451,186,"20180705","2018070510"
2018,7,5,2,11,4452,186,"20180705","2018070511"
2018,7,5,2,12,4453,186,"20180705","2018070512"
2018,7,5,2,13,4454,186,"20180705","2018070513"
2018,7,5,2,14,4455,186,"20180705","2018070514"
2018,7,5,2,15,4456,186,"20180705","2018070515"
2018,7,5,2,16,4457,186,"20180705","2018070516"
2018,7,5,2,17,4458,186,"20180705","2018070517"
2018,7,5,2,18,4459,186,"20180705","2018070518"
2018,7,5,2,19,4460,186,"20180705","2018070519"
2018,7,5,2,20,4461,186,"20180705","2018070520"
2018,7,5,2,21,4462,186,"20180705","2018070521"
2018,7,5,2,22,4463,186,"20180705","2018070522"
2018,7,5,2,23,4464,186,"20180705","2018070523"
2018,7,6,3,0,4465,187,"20180706","2018070600"
2018,7,6,3,1,4466,187,"20180706","2018070601"
2018,7,6,3,2,4467,187,"20180706","2018070602"
2018,7,6,3,3,4468,187,"20180706","2018070603"
2018,7,6,3,4,4469,187,"20180706","2018070604"
2018,7,6,3,5,4470,187,"20180706","2018070605"
2018,7,6,3,6,4471,187,"20180706","2018070606"
2018,7,6,3,7,4472,187,"20180706","2018070607"
2018,7,6,3,8,4473,187,"20180706","2018070608"
2018,7,6,3,9,4474,187,"20180706","2018070609"
2018,7,6,3,10,4475,187,"20180706","2018070610"
2018,7,6,3,11,4476,187,"20180706","2018070611"
2018,7,6,3,12,4477,187,"20180706","2018070612"
2018,7,6,3,13,4478,187,"20180706","2018070613"
2018,7,6,3,14,4479,187,"20180706","2018070614"
2018,7,6,3,15,4480,187,"20180706","2018070615"
2018,7,6,3,16,4481,187,"20180706","2018070616"
2018,7,6,3,17,4482,187,"20180706","2018070617"
2018,7,6,3,18,4483,187,"20180706","2018070618"
2018,7,6,3,19,4484,187,"20180706","2018070619"
2018,7,6,3,20,4485,187,"20180706","2018070620"
2018,7,6,3,21,4486,187,"20180706","2018070621"
2018,7,6,3,22,4487,187,"20180706","2018070622"
2018,7,6,3,23,4488,187,"20180706","2018070623"
2018,7,7,4,0,4489,188,"20180707","2018070700"
2018,7,7,4,1,4490,188,"20180707","2018070701"
2018,7,7,4,2,4491,188,"20180707","2018070702"
2018,7,7,4,3,4492,188,"20180707","2018070703"
2018,7,7,4,4,4493,188,"20180707","2018070704"
2018,7,7,4,5,4494,188,"20180707","2018070705"
2018,7,7,4,6,4495,188,"20180707","2018070706"
2018,7,7,4,7,4496,188,"20180707","2018070707"
2018,7,7,4,8,4497,188,"20180707","2018070708"
2018,7,7,4,9,4498,188,"20180707","2018070709"
2018,7,7,4,10,4499,188,"20180707","2018070710"
2018,7,7,4,11,4500,188,"20180707","2018070711"
2018,7,7,4,12,4501,188,"20180707","2018070712"
2018,7,7,4,13,4502,188,"20180707","2018070713"
2018,7,7,4,14,4503,188,"20180707","2018070714"
2018,7,7,4,15,4504,188,"20180707","2018070715"
2018,7,7,4,16,4505,188,"20180707","2018070716"
2018,7,7,4,17,4506,188,"20180707","2018070717"
2018,7,7,4,18,4507,188,"20180707","2018070718"
2018,7,7,4,19,4508,188,"20180707","2018070719"
2018,7,7,4,20,4509,188,"20180707","2018070720"
2018,7,7,4,21,4510,188,"20180707","2018070721"
2018,7,7,4,22,4511,188,"20180707","2018070722"
2018,7,7,4,23,4512,188,"20180707","2018070723"
2018,7,8,5,0,4513,189,"20180708","2018070800"
2018,7,8,5,1,4514,189,"20180708","2018070801"
2018,7,8,5,2,4515,189,"20180708","2018070802"
2018,7,8,5,3,4516,189,"20180708","2018070803"
2018,7,8,5,4,4517,189,"20180708","2018070804"
2018,7,8,5,5,4518,189,"20180708","2018070805"
2018,7,8,5,6,4519,189,"20180708","2018070806"
2018,7,8,5,7,4520,189,"20180708","2018070807"
2018,7,8,5,8,4521,189,"20180708","2018070808"
2018,7,8,5,9,4522,189,"20180708","2018070809"
2018,7,8,5,10,4523,189,"20180708","2018070810"
2018,7,8,5,11,4524,189,"20180708","2018070811"
2018,7,8,5,12,4525,189,"20180708","2018070812"
2018,7,8,5,13,4526,189,"20180708","2018070813"
2018,7,8,5,14,4527,189,"20180708","2018070814"
2018,7,8,5,15,4528,189,"20180708","2018070815"
2018,7,8,5,16,4529,189,"20180708","2018070816"
2018,7,8,5,17,4530,189,"20180708","2018070817"
2018,7,8,5,18,4531,189,"20180708","2018070818"
2018,7,8,5,19,4532,189,"20180708","2018070819"
2018,7,8,5,20,4533,189,"20180708","2018070820"
2018,7,8,5,21,4534,189,"20180708","2018070821"
2018,7,8,5,22,4535,189,"20180708","2018070822"
2018,7,8,5,23,4536,189,"20180708","2018070823"
2018,7,9,6,0,4537,190,"20180709","2018070900"
2018,7,9,6,1,4538,190,"20180709","2018070901"
2018,7,9,6,2,4539,190,"20180709","2018070902"
2018,7,9,6,3,4540,190,"20180709","2018070903"
2018,7,9,6,4,4541,190,"20180709","2018070904"
2018,7,9,6,5,4542,190,"20180709","2018070905"
2018,7,9,6,6,4543,190,"20180709","2018070906"
2018,7,9,6,7,4544,190,"20180709","2018070907"
2018,7,9,6,8,4545,190,"20180709","2018070908"
2018,7,9,6,9,4546,190,"20180709","2018070909"
2018,7,9,6,10,4547,190,"20180709","2018070910"
2018,7,9,6,11,4548,190,"20180709","2018070911"
2018,7,9,6,12,4549,190,"20180709","2018070912"
2018,7,9,6,13,4550,190,"20180709","2018070913"
2018,7,9,6,14,4551,190,"20180709","2018070914"
2018,7,9,6,15,4552,190,"20180709","2018070915"
2018,7,9,6,16,4553,190,"20180709","2018070916"
2018,7,9,6,17,4554,190,"20180709","2018070917"
2018,7,9,6,18,4555,190,"20180709","2018070918"
2018,7,9,6,19,4556,190,"20180709","2018070919"
2018,7,9,6,20,4557,190,"20180709","2018070920"
2018,7,9,6,21,4558,190,"20180709","2018070921"
2018,7,9,6,22,4559,190,"20180709","2018070922"
2018,7,9,6,23,4560,190,"20180709","2018070923"
2018,7,10,7,0,4561,191,"20180710","2018071000"
2018,7,10,7,1,4562,191,"20180710","2018071001"
2018,7,10,7,2,4563,191,"20180710","2018071002"
2018,7,10,7,3,4564,191,"20180710","2018071003"
2018,7,10,7,4,4565,191,"20180710","2018071004"
2018,7,10,7,5,4566,191,"20180710","2018071005"
2018,7,10,7,6,4567,191,"20180710","2018071006"
2018,7,10,7,7,4568,191,"20180710","2018071007"
2018,7,10,7,8,4569,191,"20180710","2018071008"
2018,7,10,7,9,4570,191,"20180710","2018071009"
2018,7,10,7,10,4571,191,"20180710","2018071010"
2018,7,10,7,11,4572,191,"20180710","2018071011"
2018,7,10,7,12,4573,191,"20180710","2018071012"
2018,7,10,7,13,4574,191,"20180710","2018071013"
2018,7,10,7,14,4575,191,"20180710","2018071014"
2018,7,10,7,15,4576,191,"20180710","2018071015"
2018,7,10,7,16,4577,191,"20180710","2018071016"
2018,7,10,7,17,4578,191,"20180710","2018071017"
2018,7,10,7,18,4579,191,"20180710","2018071018"
2018,7,10,7,19,4580,191,"20180710","2018071019"
2018,7,10,7,20,4581,191,"20180710","2018071020"
2018,7,10,7,21,4582,191,"20180710","2018071021"
2018,7,10,7,22,4583,191,"20180710","2018071022"
2018,7,10,7,23,4584,191,"20180710","2018071023"
2018,7,11,1,0,4585,192,"20180711","2018071100"
2018,7,11,1,1,4586,192,"20180711","2018071101"
2018,7,11,1,2,4587,192,"20180711","2018071102"
2018,7,11,1,3,4588,192,"20180711","2018071103"
2018,7,11,1,4,4589,192,"20180711","2018071104"
2018,7,11,1,5,4590,192,"20180711","2018071105"
2018,7,11,1,6,4591,192,"20180711","2018071106"
2018,7,11,1,7,4592,192,"20180711","2018071107"
2018,7,11,1,8,4593,192,"20180711","2018071108"
2018,7,11,1,9,4594,192,"20180711","2018071109"
2018,7,11,1,10,4595,192,"20180711","2018071110"
2018,7,11,1,11,4596,192,"20180711","2018071111"
2018,7,11,1,12,4597,192,"20180711","2018071112"
2018,7,11,1,13,4598,192,"20180711","2018071113"
2018,7,11,1,14,4599,192,"20180711","2018071114"
2018,7,11,1,15,4600,192,"20180711","2018071115"
2018,7,11,1,16,4601,192,"20180711","2018071116"
2018,7,11,1,17,4602,192,"20180711","2018071117"
2018,7,11,1,18,4603,192,"20180711","2018071118"
2018,7,11,1,19,4604,192,"20180711","2018071119"
2018,7,11,1,20,4605,192,"20180711","2018071120"
2018,7,11,1,21,4606,192,"20180711","2018071121"
2018,7,11,1,22,4607,192,"20180711","2018071122"
2018,7,11,1,23,4608,192,"20180711","2018071123"
2018,7,12,2,0,4609,193,"20180712","2018071200"
2018,7,12,2,1,4610,193,"20180712","2018071201"
2018,7,12,2,2,4611,193,"20180712","2018071202"
2018,7,12,2,3,4612,193,"20180712","2018071203"
2018,7,12,2,4,4613,193,"20180712","2018071204"
2018,7,12,2,5,4614,193,"20180712","2018071205"
2018,7,12,2,6,4615,193,"20180712","2018071206"
2018,7,12,2,7,4616,193,"20180712","2018071207"
2018,7,12,2,8,4617,193,"20180712","2018071208"
2018,7,12,2,9,4618,193,"20180712","2018071209"
2018,7,12,2,10,4619,193,"20180712","2018071210"
2018,7,12,2,11,4620,193,"20180712","2018071211"
2018,7,12,2,12,4621,193,"20180712","2018071212"
2018,7,12,2,13,4622,193,"20180712","2018071213"
2018,7,12,2,14,4623,193,"20180712","2018071214"
2018,7,12,2,15,4624,193,"20180712","2018071215"
2018,7,12,2,16,4625,193,"20180712","2018071216"
2018,7,12,2,17,4626,193,"20180712","2018071217"
2018,7,12,2,18,4627,193,"20180712","2018071218"
2018,7,12,2,19,4628,193,"20180712","2018071219"
2018,7,12,2,20,4629,193,"20180712","2018071220"
2018,7,12,2,21,4630,193,"20180712","2018071221"
2018,7,12,2,22,4631,193,"20180712","2018071222"
2018,7,12,2,23,4632,193,"20180712","2018071223"
2018,7,13,3,0,4633,194,"20180713","2018071300"
2018,7,13,3,1,4634,194,"20180713","2018071301"
2018,7,13,3,2,4635,194,"20180713","2018071302"
2018,7,13,3,3,4636,194,"20180713","2018071303"
2018,7,13,3,4,4637,194,"20180713","2018071304"
2018,7,13,3,5,4638,194,"20180713","2018071305"
2018,7,13,3,6,4639,194,"20180713","2018071306"
2018,7,13,3,7,4640,194,"20180713","2018071307"
2018,7,13,3,8,4641,194,"20180713","2018071308"
2018,7,13,3,9,4642,194,"20180713","2018071309"
2018,7,13,3,10,4643,194,"20180713","2018071310"
2018,7,13,3,11,4644,194,"20180713","2018071311"
2018,7,13,3,12,4645,194,"20180713","2018071312"
2018,7,13,3,13,4646,194,"20180713","2018071313"
2018,7,13,3,14,4647,194,"20180713","2018071314"
2018,7,13,3,15,4648,194,"20180713","2018071315"
2018,7,13,3,16,4649,194,"20180713","2018071316"
2018,7,13,3,17,4650,194,"20180713","2018071317"
2018,7,13,3,18,4651,194,"20180713","2018071318"
2018,7,13,3,19,4652,194,"20180713","2018071319"
2018,7,13,3,20,4653,194,"20180713","2018071320"
2018,7,13,3,21,4654,194,"20180713","2018071321"
2018,7,13,3,22,4655,194,"20180713","2018071322"
2018,7,13,3,23,4656,194,"20180713","2018071323"
2018,7,14,4,0,4657,195,"20180714","2018071400"
2018,7,14,4,1,4658,195,"20180714","2018071401"
2018,7,14,4,2,4659,195,"20180714","2018071402"
2018,7,14,4,3,4660,195,"20180714","2018071403"
2018,7,14,4,4,4661,195,"20180714","2018071404"
2018,7,14,4,5,4662,195,"20180714","2018071405"
2018,7,14,4,6,4663,195,"20180714","2018071406"
2018,7,14,4,7,4664,195,"20180714","2018071407"
2018,7,14,4,8,4665,195,"20180714","2018071408"
2018,7,14,4,9,4666,195,"20180714","2018071409"
2018,7,14,4,10,4667,195,"20180714","2018071410"
2018,7,14,4,11,4668,195,"20180714","2018071411"
2018,7,14,4,12,4669,195,"20180714","2018071412"
2018,7,14,4,13,4670,195,"20180714","2018071413"
2018,7,14,4,14,4671,195,"20180714","2018071414"
2018,7,14,4,15,4672,195,"20180714","2018071415"
2018,7,14,4,16,4673,195,"20180714","2018071416"
2018,7,14,4,17,4674,195,"20180714","2018071417"
2018,7,14,4,18,4675,195,"20180714","2018071418"
2018,7,14,4,19,4676,195,"20180714","2018071419"
2018,7,14,4,20,4677,195,"20180714","2018071420"
2018,7,14,4,21,4678,195,"20180714","2018071421"
2018,7,14,4,22,4679,195,"20180714","2018071422"
2018,7,14,4,23,4680,195,"20180714","2018071423"
2018,7,15,5,0,4681,196,"20180715","2018071500"
2018,7,15,5,1,4682,196,"20180715","2018071501"
2018,7,15,5,2,4683,196,"20180715","2018071502"
2018,7,15,5,3,4684,196,"20180715","2018071503"
2018,7,15,5,4,4685,196,"20180715","2018071504"
2018,7,15,5,5,4686,196,"20180715","2018071505"
2018,7,15,5,6,4687,196,"20180715","2018071506"
2018,7,15,5,7,4688,196,"20180715","2018071507"
2018,7,15,5,8,4689,196,"20180715","2018071508"
2018,7,15,5,9,4690,196,"20180715","2018071509"
2018,7,15,5,10,4691,196,"20180715","2018071510"
2018,7,15,5,11,4692,196,"20180715","2018071511"
2018,7,15,5,12,4693,196,"20180715","2018071512"
2018,7,15,5,13,4694,196,"20180715","2018071513"
2018,7,15,5,14,4695,196,"20180715","2018071514"
2018,7,15,5,15,4696,196,"20180715","2018071515"
2018,7,15,5,16,4697,196,"20180715","2018071516"
2018,7,15,5,17,4698,196,"20180715","2018071517"
2018,7,15,5,18,4699,196,"20180715","2018071518"
2018,7,15,5,19,4700,196,"20180715","2018071519"
2018,7,15,5,20,4701,196,"20180715","2018071520"
2018,7,15,5,21,4702,196,"20180715","2018071521"
2018,7,15,5,22,4703,196,"20180715","2018071522"
2018,7,15,5,23,4704,196,"20180715","2018071523"
2018,7,16,6,0,4705,197,"20180716","2018071600"
2018,7,16,6,1,4706,197,"20180716","2018071601"
2018,7,16,6,2,4707,197,"20180716","2018071602"
2018,7,16,6,3,4708,197,"20180716","2018071603"
2018,7,16,6,4,4709,197,"20180716","2018071604"
2018,7,16,6,5,4710,197,"20180716","2018071605"
2018,7,16,6,6,4711,197,"20180716","2018071606"
2018,7,16,6,7,4712,197,"20180716","2018071607"
2018,7,16,6,8,4713,197,"20180716","2018071608"
2018,7,16,6,9,4714,197,"20180716","2018071609"
2018,7,16,6,10,4715,197,"20180716","2018071610"
2018,7,16,6,11,4716,197,"20180716","2018071611"
2018,7,16,6,12,4717,197,"20180716","2018071612"
2018,7,16,6,13,4718,197,"20180716","2018071613"
2018,7,16,6,14,4719,197,"20180716","2018071614"
2018,7,16,6,15,4720,197,"20180716","2018071615"
2018,7,16,6,16,4721,197,"20180716","2018071616"
2018,7,16,6,17,4722,197,"20180716","2018071617"
2018,7,16,6,18,4723,197,"20180716","2018071618"
2018,7,16,6,19,4724,197,"20180716","2018071619"
2018,7,16,6,20,4725,197,"20180716","2018071620"
2018,7,16,6,21,4726,197,"20180716","2018071621"
2018,7,16,6,22,4727,197,"20180716","2018071622"
2018,7,16,6,23,4728,197,"20180716","2018071623"
2018,7,17,7,0,4729,198,"20180717","2018071700"
2018,7,17,7,1,4730,198,"20180717","2018071701"
2018,7,17,7,2,4731,198,"20180717","2018071702"
2018,7,17,7,3,4732,198,"20180717","2018071703"
2018,7,17,7,4,4733,198,"20180717","2018071704"
2018,7,17,7,5,4734,198,"20180717","2018071705"
2018,7,17,7,6,4735,198,"20180717","2018071706"
2018,7,17,7,7,4736,198,"20180717","2018071707"
2018,7,17,7,8,4737,198,"20180717","2018071708"
2018,7,17,7,9,4738,198,"20180717","2018071709"
2018,7,17,7,10,4739,198,"20180717","2018071710"
2018,7,17,7,11,4740,198,"20180717","2018071711"
2018,7,17,7,12,4741,198,"20180717","2018071712"
2018,7,17,7,13,4742,198,"20180717","2018071713"
2018,7,17,7,14,4743,198,"20180717","2018071714"
2018,7,17,7,15,4744,198,"20180717","2018071715"
2018,7,17,7,16,4745,198,"20180717","2018071716"
2018,7,17,7,17,4746,198,"20180717","2018071717"
2018,7,17,7,18,4747,198,"20180717","2018071718"
2018,7,17,7,19,4748,198,"20180717","2018071719"
2018,7,17,7,20,4749,198,"20180717","2018071720"
2018,7,17,7,21,4750,198,"20180717","2018071721"
2018,7,17,7,22,4751,198,"20180717","2018071722"
2018,7,17,7,23,4752,198,"20180717","2018071723"
2018,7,18,1,0,4753,199,"20180718","2018071800"
2018,7,18,1,1,4754,199,"20180718","2018071801"
2018,7,18,1,2,4755,199,"20180718","2018071802"
2018,7,18,1,3,4756,199,"20180718","2018071803"
2018,7,18,1,4,4757,199,"20180718","2018071804"
2018,7,18,1,5,4758,199,"20180718","2018071805"
2018,7,18,1,6,4759,199,"20180718","2018071806"
2018,7,18,1,7,4760,199,"20180718","2018071807"
2018,7,18,1,8,4761,199,"20180718","2018071808"
2018,7,18,1,9,4762,199,"20180718","2018071809"
2018,7,18,1,10,4763,199,"20180718","2018071810"
2018,7,18,1,11,4764,199,"20180718","2018071811"
2018,7,18,1,12,4765,199,"20180718","2018071812"
2018,7,18,1,13,4766,199,"20180718","2018071813"
2018,7,18,1,14,4767,199,"20180718","2018071814"
2018,7,18,1,15,4768,199,"20180718","2018071815"
2018,7,18,1,16,4769,199,"20180718","2018071816"
2018,7,18,1,17,4770,199,"20180718","2018071817"
2018,7,18,1,18,4771,199,"20180718","2018071818"
2018,7,18,1,19,4772,199,"20180718","2018071819"
2018,7,18,1,20,4773,199,"20180718","2018071820"
2018,7,18,1,21,4774,199,"20180718","2018071821"
2018,7,18,1,22,4775,199,"20180718","2018071822"
2018,7,18,1,23,4776,199,"20180718","2018071823"
2018,7,19,2,0,4777,200,"20180719","2018071900"
2018,7,19,2,1,4778,200,"20180719","2018071901"
2018,7,19,2,2,4779,200,"20180719","2018071902"
2018,7,19,2,3,4780,200,"20180719","2018071903"
2018,7,19,2,4,4781,200,"20180719","2018071904"
2018,7,19,2,5,4782,200,"20180719","2018071905"
2018,7,19,2,6,4783,200,"20180719","2018071906"
2018,7,19,2,7,4784,200,"20180719","2018071907"
2018,7,19,2,8,4785,200,"20180719","2018071908"
2018,7,19,2,9,4786,200,"20180719","2018071909"
2018,7,19,2,10,4787,200,"20180719","2018071910"
2018,7,19,2,11,4788,200,"20180719","2018071911"
2018,7,19,2,12,4789,200,"20180719","2018071912"
2018,7,19,2,13,4790,200,"20180719","2018071913"
2018,7,19,2,14,4791,200,"20180719","2018071914"
2018,7,19,2,15,4792,200,"20180719","2018071915"
2018,7,19,2,16,4793,200,"20180719","2018071916"
2018,7,19,2,17,4794,200,"20180719","2018071917"
2018,7,19,2,18,4795,200,"20180719","2018071918"
2018,7,19,2,19,4796,200,"20180719","2018071919"
2018,7,19,2,20,4797,200,"20180719","2018071920"
2018,7,19,2,21,4798,200,"20180719","2018071921"
2018,7,19,2,22,4799,200,"20180719","2018071922"
2018,7,19,2,23,4800,200,"20180719","2018071923"
2018,7,20,3,0,4801,201,"20180720","2018072000"
2018,7,20,3,1,4802,201,"20180720","2018072001"
2018,7,20,3,2,4803,201,"20180720","2018072002"
2018,7,20,3,3,4804,201,"20180720","2018072003"
2018,7,20,3,4,4805,201,"20180720","2018072004"
2018,7,20,3,5,4806,201,"20180720","2018072005"
2018,7,20,3,6,4807,201,"20180720","2018072006"
2018,7,20,3,7,4808,201,"20180720","2018072007"
2018,7,20,3,8,4809,201,"20180720","2018072008"
2018,7,20,3,9,4810,201,"20180720","2018072009"
2018,7,20,3,10,4811,201,"20180720","2018072010"
2018,7,20,3,11,4812,201,"20180720","2018072011"
2018,7,20,3,12,4813,201,"20180720","2018072012"
2018,7,20,3,13,4814,201,"20180720","2018072013"
2018,7,20,3,14,4815,201,"20180720","2018072014"
2018,7,20,3,15,4816,201,"20180720","2018072015"
2018,7,20,3,16,4817,201,"20180720","2018072016"
2018,7,20,3,17,4818,201,"20180720","2018072017"
2018,7,20,3,18,4819,201,"20180720","2018072018"
2018,7,20,3,19,4820,201,"20180720","2018072019"
2018,7,20,3,20,4821,201,"20180720","2018072020"
2018,7,20,3,21,4822,201,"20180720","2018072021"
2018,7,20,3,22,4823,201,"20180720","2018072022"
2018,7,20,3,23,4824,201,"20180720","2018072023"
2018,7,21,4,0,4825,202,"20180721","2018072100"
2018,7,21,4,1,4826,202,"20180721","2018072101"
2018,7,21,4,2,4827,202,"20180721","2018072102"
2018,7,21,4,3,4828,202,"20180721","2018072103"
2018,7,21,4,4,4829,202,"20180721","2018072104"
2018,7,21,4,5,4830,202,"20180721","2018072105"
2018,7,21,4,6,4831,202,"20180721","2018072106"
2018,7,21,4,7,4832,202,"20180721","2018072107"
2018,7,21,4,8,4833,202,"20180721","2018072108"
2018,7,21,4,9,4834,202,"20180721","2018072109"
2018,7,21,4,10,4835,202,"20180721","2018072110"
2018,7,21,4,11,4836,202,"20180721","2018072111"
2018,7,21,4,12,4837,202,"20180721","2018072112"
2018,7,21,4,13,4838,202,"20180721","2018072113"
2018,7,21,4,14,4839,202,"20180721","2018072114"
2018,7,21,4,15,4840,202,"20180721","2018072115"
2018,7,21,4,16,4841,202,"20180721","2018072116"
2018,7,21,4,17,4842,202,"20180721","2018072117"
2018,7,21,4,18,4843,202,"20180721","2018072118"
2018,7,21,4,19,4844,202,"20180721","2018072119"
2018,7,21,4,20,4845,202,"20180721","2018072120"
2018,7,21,4,21,4846,202,"20180721","2018072121"
2018,7,21,4,22,4847,202,"20180721","2018072122"
2018,7,21,4,23,4848,202,"20180721","2018072123"
2018,7,22,5,0,4849,203,"20180722","2018072200"
2018,7,22,5,1,4850,203,"20180722","2018072201"
2018,7,22,5,2,4851,203,"20180722","2018072202"
2018,7,22,5,3,4852,203,"20180722","2018072203"
2018,7,22,5,4,4853,203,"20180722","2018072204"
2018,7,22,5,5,4854,203,"20180722","2018072205"
2018,7,22,5,6,4855,203,"20180722","2018072206"
2018,7,22,5,7,4856,203,"20180722","2018072207"
2018,7,22,5,8,4857,203,"20180722","2018072208"
2018,7,22,5,9,4858,203,"20180722","2018072209"
2018,7,22,5,10,4859,203,"20180722","2018072210"
2018,7,22,5,11,4860,203,"20180722","2018072211"
2018,7,22,5,12,4861,203,"20180722","2018072212"
2018,7,22,5,13,4862,203,"20180722","2018072213"
2018,7,22,5,14,4863,203,"20180722","2018072214"
2018,7,22,5,15,4864,203,"20180722","2018072215"
2018,7,22,5,16,4865,203,"20180722","2018072216"
2018,7,22,5,17,4866,203,"20180722","2018072217"
2018,7,22,5,18,4867,203,"20180722","2018072218"
2018,7,22,5,19,4868,203,"20180722","2018072219"
2018,7,22,5,20,4869,203,"20180722","2018072220"
2018,7,22,5,21,4870,203,"20180722","2018072221"
2018,7,22,5,22,4871,203,"20180722","2018072222"
2018,7,22,5,23,4872,203,"20180722","2018072223"
2018,7,23,6,0,4873,204,"20180723","2018072300"
2018,7,23,6,1,4874,204,"20180723","2018072301"
2018,7,23,6,2,4875,204,"20180723","2018072302"
2018,7,23,6,3,4876,204,"20180723","2018072303"
2018,7,23,6,4,4877,204,"20180723","2018072304"
2018,7,23,6,5,4878,204,"20180723","2018072305"
2018,7,23,6,6,4879,204,"20180723","2018072306"
2018,7,23,6,7,4880,204,"20180723","2018072307"
2018,7,23,6,8,4881,204,"20180723","2018072308"
2018,7,23,6,9,4882,204,"20180723","2018072309"
2018,7,23,6,10,4883,204,"20180723","2018072310"
2018,7,23,6,11,4884,204,"20180723","2018072311"
2018,7,23,6,12,4885,204,"20180723","2018072312"
2018,7,23,6,13,4886,204,"20180723","2018072313"
2018,7,23,6,14,4887,204,"20180723","2018072314"
2018,7,23,6,15,4888,204,"20180723","2018072315"
2018,7,23,6,16,4889,204,"20180723","2018072316"
2018,7,23,6,17,4890,204,"20180723","2018072317"
2018,7,23,6,18,4891,204,"20180723","2018072318"
2018,7,23,6,19,4892,204,"20180723","2018072319"
2018,7,23,6,20,4893,204,"20180723","2018072320"
2018,7,23,6,21,4894,204,"20180723","2018072321"
2018,7,23,6,22,4895,204,"20180723","2018072322"
2018,7,23,6,23,4896,204,"20180723","2018072323"
2018,7,24,7,0,4897,205,"20180724","2018072400"
2018,7,24,7,1,4898,205,"20180724","2018072401"
2018,7,24,7,2,4899,205,"20180724","2018072402"
2018,7,24,7,3,4900,205,"20180724","2018072403"
2018,7,24,7,4,4901,205,"20180724","2018072404"
2018,7,24,7,5,4902,205,"20180724","2018072405"
2018,7,24,7,6,4903,205,"20180724","2018072406"
2018,7,24,7,7,4904,205,"20180724","2018072407"
2018,7,24,7,8,4905,205,"20180724","2018072408"
2018,7,24,7,9,4906,205,"20180724","2018072409"
2018,7,24,7,10,4907,205,"20180724","2018072410"
2018,7,24,7,11,4908,205,"20180724","2018072411"
2018,7,24,7,12,4909,205,"20180724","2018072412"
2018,7,24,7,13,4910,205,"20180724","2018072413"
2018,7,24,7,14,4911,205,"20180724","2018072414"
2018,7,24,7,15,4912,205,"20180724","2018072415"
2018,7,24,7,16,4913,205,"20180724","2018072416"
2018,7,24,7,17,4914,205,"20180724","2018072417"
2018,7,24,7,18,4915,205,"20180724","2018072418"
2018,7,24,7,19,4916,205,"20180724","2018072419"
2018,7,24,7,20,4917,205,"20180724","2018072420"
2018,7,24,7,21,4918,205,"20180724","2018072421"
2018,7,24,7,22,4919,205,"20180724","2018072422"
2018,7,24,7,23,4920,205,"20180724","2018072423"
2018,7,25,1,0,4921,206,"20180725","2018072500"
2018,7,25,1,1,4922,206,"20180725","2018072501"
2018,7,25,1,2,4923,206,"20180725","2018072502"
2018,7,25,1,3,4924,206,"20180725","2018072503"
2018,7,25,1,4,4925,206,"20180725","2018072504"
2018,7,25,1,5,4926,206,"20180725","2018072505"
2018,7,25,1,6,4927,206,"20180725","2018072506"
2018,7,25,1,7,4928,206,"20180725","2018072507"
2018,7,25,1,8,4929,206,"20180725","2018072508"
2018,7,25,1,9,4930,206,"20180725","2018072509"
2018,7,25,1,10,4931,206,"20180725","2018072510"
2018,7,25,1,11,4932,206,"20180725","2018072511"
2018,7,25,1,12,4933,206,"20180725","2018072512"
2018,7,25,1,13,4934,206,"20180725","2018072513"
2018,7,25,1,14,4935,206,"20180725","2018072514"
2018,7,25,1,15,4936,206,"20180725","2018072515"
2018,7,25,1,16,4937,206,"20180725","2018072516"
2018,7,25,1,17,4938,206,"20180725","2018072517"
2018,7,25,1,18,4939,206,"20180725","2018072518"
2018,7,25,1,19,4940,206,"20180725","2018072519"
2018,7,25,1,20,4941,206,"20180725","2018072520"
2018,7,25,1,21,4942,206,"20180725","2018072521"
2018,7,25,1,22,4943,206,"20180725","2018072522"
2018,7,25,1,23,4944,206,"20180725","2018072523"
2018,7,26,2,0,4945,207,"20180726","2018072600"
2018,7,26,2,1,4946,207,"20180726","2018072601"
2018,7,26,2,2,4947,207,"20180726","2018072602"
2018,7,26,2,3,4948,207,"20180726","2018072603"
2018,7,26,2,4,4949,207,"20180726","2018072604"
2018,7,26,2,5,4950,207,"20180726","2018072605"
2018,7,26,2,6,4951,207,"20180726","2018072606"
2018,7,26,2,7,4952,207,"20180726","2018072607"
2018,7,26,2,8,4953,207,"20180726","2018072608"
2018,7,26,2,9,4954,207,"20180726","2018072609"
2018,7,26,2,10,4955,207,"20180726","2018072610"
2018,7,26,2,11,4956,207,"20180726","2018072611"
2018,7,26,2,12,4957,207,"20180726","2018072612"
2018,7,26,2,13,4958,207,"20180726","2018072613"
2018,7,26,2,14,4959,207,"20180726","2018072614"
2018,7,26,2,15,4960,207,"20180726","2018072615"
2018,7,26,2,16,4961,207,"20180726","2018072616"
2018,7,26,2,17,4962,207,"20180726","2018072617"
2018,7,26,2,18,4963,207,"20180726","2018072618"
2018,7,26,2,19,4964,207,"20180726","2018072619"
2018,7,26,2,20,4965,207,"20180726","2018072620"
2018,7,26,2,21,4966,207,"20180726","2018072621"
2018,7,26,2,22,4967,207,"20180726","2018072622"
2018,7,26,2,23,4968,207,"20180726","2018072623"
2018,7,27,3,0,4969,208,"20180727","2018072700"
2018,7,27,3,1,4970,208,"20180727","2018072701"
2018,7,27,3,2,4971,208,"20180727","2018072702"
2018,7,27,3,3,4972,208,"20180727","2018072703"
2018,7,27,3,4,4973,208,"20180727","2018072704"
2018,7,27,3,5,4974,208,"20180727","2018072705"
2018,7,27,3,6,4975,208,"20180727","2018072706"
2018,7,27,3,7,4976,208,"20180727","2018072707"
2018,7,27,3,8,4977,208,"20180727","2018072708"
2018,7,27,3,9,4978,208,"20180727","2018072709"
2018,7,27,3,10,4979,208,"20180727","2018072710"
2018,7,27,3,11,4980,208,"20180727","2018072711"
2018,7,27,3,12,4981,208,"20180727","2018072712"
2018,7,27,3,13,4982,208,"20180727","2018072713"
2018,7,27,3,14,4983,208,"20180727","2018072714"
2018,7,27,3,15,4984,208,"20180727","2018072715"
2018,7,27,3,16,4985,208,"20180727","2018072716"
2018,7,27,3,17,4986,208,"20180727","2018072717"
2018,7,27,3,18,4987,208,"20180727","2018072718"
2018,7,27,3,19,4988,208,"20180727","2018072719"
2018,7,27,3,20,4989,208,"20180727","2018072720"
2018,7,27,3,21,4990,208,"20180727","2018072721"
2018,7,27,3,22,4991,208,"20180727","2018072722"
2018,7,27,3,23,4992,208,"20180727","2018072723"
2018,7,28,4,0,4993,209,"20180728","2018072800"
2018,7,28,4,1,4994,209,"20180728","2018072801"
2018,7,28,4,2,4995,209,"20180728","2018072802"
2018,7,28,4,3,4996,209,"20180728","2018072803"
2018,7,28,4,4,4997,209,"20180728","2018072804"
2018,7,28,4,5,4998,209,"20180728","2018072805"
2018,7,28,4,6,4999,209,"20180728","2018072806"
2018,7,28,4,7,5000,209,"20180728","2018072807"
2018,7,28,4,8,5001,209,"20180728","2018072808"
2018,7,28,4,9,5002,209,"20180728","2018072809"
2018,7,28,4,10,5003,209,"20180728","2018072810"
2018,7,28,4,11,5004,209,"20180728","2018072811"
2018,7,28,4,12,5005,209,"20180728","2018072812"
2018,7,28,4,13,5006,209,"20180728","2018072813"
2018,7,28,4,14,5007,209,"20180728","2018072814"
2018,7,28,4,15,5008,209,"20180728","2018072815"
2018,7,28,4,16,5009,209,"20180728","2018072816"
2018,7,28,4,17,5010,209,"20180728","2018072817"
2018,7,28,4,18,5011,209,"20180728","2018072818"
2018,7,28,4,19,5012,209,"20180728","2018072819"
2018,7,28,4,20,5013,209,"20180728","2018072820"
2018,7,28,4,21,5014,209,"20180728","2018072821"
2018,7,28,4,22,5015,209,"20180728","2018072822"
2018,7,28,4,23,5016,209,"20180728","2018072823"
2018,7,29,5,0,5017,210,"20180729","2018072900"
2018,7,29,5,1,5018,210,"20180729","2018072901"
2018,7,29,5,2,5019,210,"20180729","2018072902"
2018,7,29,5,3,5020,210,"20180729","2018072903"
2018,7,29,5,4,5021,210,"20180729","2018072904"
2018,7,29,5,5,5022,210,"20180729","2018072905"
2018,7,29,5,6,5023,210,"20180729","2018072906"
2018,7,29,5,7,5024,210,"20180729","2018072907"
2018,7,29,5,8,5025,210,"20180729","2018072908"
2018,7,29,5,9,5026,210,"20180729","2018072909"
2018,7,29,5,10,5027,210,"20180729","2018072910"
2018,7,29,5,11,5028,210,"20180729","2018072911"
2018,7,29,5,12,5029,210,"20180729","2018072912"
2018,7,29,5,13,5030,210,"20180729","2018072913"
2018,7,29,5,14,5031,210,"20180729","2018072914"
2018,7,29,5,15,5032,210,"20180729","2018072915"
2018,7,29,5,16,5033,210,"20180729","2018072916"
2018,7,29,5,17,5034,210,"20180729","2018072917"
2018,7,29,5,18,5035,210,"20180729","2018072918"
2018,7,29,5,19,5036,210,"20180729","2018072919"
2018,7,29,5,20,5037,210,"20180729","2018072920"
2018,7,29,5,21,5038,210,"20180729","2018072921"
2018,7,29,5,22,5039,210,"20180729","2018072922"
2018,7,29,5,23,5040,210,"20180729","2018072923"
2018,7,30,6,0,5041,211,"20180730","2018073000"
2018,7,30,6,1,5042,211,"20180730","2018073001"
2018,7,30,6,2,5043,211,"20180730","2018073002"
2018,7,30,6,3,5044,211,"20180730","2018073003"
2018,7,30,6,4,5045,211,"20180730","2018073004"
2018,7,30,6,5,5046,211,"20180730","2018073005"
2018,7,30,6,6,5047,211,"20180730","2018073006"
2018,7,30,6,7,5048,211,"20180730","2018073007"
2018,7,30,6,8,5049,211,"20180730","2018073008"
2018,7,30,6,9,5050,211,"20180730","2018073009"
2018,7,30,6,10,5051,211,"20180730","2018073010"
2018,7,30,6,11,5052,211,"20180730","2018073011"
2018,7,30,6,12,5053,211,"20180730","2018073012"
2018,7,30,6,13,5054,211,"20180730","2018073013"
2018,7,30,6,14,5055,211,"20180730","2018073014"
2018,7,30,6,15,5056,211,"20180730","2018073015"
2018,7,30,6,16,5057,211,"20180730","2018073016"
2018,7,30,6,17,5058,211,"20180730","2018073017"
2018,7,30,6,18,5059,211,"20180730","2018073018"
2018,7,30,6,19,5060,211,"20180730","2018073019"
2018,7,30,6,20,5061,211,"20180730","2018073020"
2018,7,30,6,21,5062,211,"20180730","2018073021"
2018,7,30,6,22,5063,211,"20180730","2018073022"
2018,7,30,6,23,5064,211,"20180730","2018073023"
2018,7,31,7,0,5065,212,"20180731","2018073100"
2018,7,31,7,1,5066,212,"20180731","2018073101"
2018,7,31,7,2,5067,212,"20180731","2018073102"
2018,7,31,7,3,5068,212,"20180731","2018073103"
2018,7,31,7,4,5069,212,"20180731","2018073104"
2018,7,31,7,5,5070,212,"20180731","2018073105"
2018,7,31,7,6,5071,212,"20180731","2018073106"
2018,7,31,7,7,5072,212,"20180731","2018073107"
2018,7,31,7,8,5073,212,"20180731","2018073108"
2018,7,31,7,9,5074,212,"20180731","2018073109"
2018,7,31,7,10,5075,212,"20180731","2018073110"
2018,7,31,7,11,5076,212,"20180731","2018073111"
2018,7,31,7,12,5077,212,"20180731","2018073112"
2018,7,31,7,13,5078,212,"20180731","2018073113"
2018,7,31,7,14,5079,212,"20180731","2018073114"
2018,7,31,7,15,5080,212,"20180731","2018073115"
2018,7,31,7,16,5081,212,"20180731","2018073116"
2018,7,31,7,17,5082,212,"20180731","2018073117"
2018,7,31,7,18,5083,212,"20180731","2018073118"
2018,7,31,7,19,5084,212,"20180731","2018073119"
2018,7,31,7,20,5085,212,"20180731","2018073120"
2018,7,31,7,21,5086,212,"20180731","2018073121"
2018,7,31,7,22,5087,212,"20180731","2018073122"
2018,7,31,7,23,5088,212,"20180731","2018073123"
2018,8,1,1,0,5089,213,"20180801","2018080100"
2018,8,1,1,1,5090,213,"20180801","2018080101"
2018,8,1,1,2,5091,213,"20180801","2018080102"
2018,8,1,1,3,5092,213,"20180801","2018080103"
2018,8,1,1,4,5093,213,"20180801","2018080104"
2018,8,1,1,5,5094,213,"20180801","2018080105"
2018,8,1,1,6,5095,213,"20180801","2018080106"
2018,8,1,1,7,5096,213,"20180801","2018080107"
2018,8,1,1,8,5097,213,"20180801","2018080108"
2018,8,1,1,9,5098,213,"20180801","2018080109"
2018,8,1,1,10,5099,213,"20180801","2018080110"
2018,8,1,1,11,5100,213,"20180801","2018080111"
2018,8,1,1,12,5101,213,"20180801","2018080112"
2018,8,1,1,13,5102,213,"20180801","2018080113"
2018,8,1,1,14,5103,213,"20180801","2018080114"
2018,8,1,1,15,5104,213,"20180801","2018080115"
2018,8,1,1,16,5105,213,"20180801","2018080116"
2018,8,1,1,17,5106,213,"20180801","2018080117"
2018,8,1,1,18,5107,213,"20180801","2018080118"
2018,8,1,1,19,5108,213,"20180801","2018080119"
2018,8,1,1,20,5109,213,"20180801","2018080120"
2018,8,1,1,21,5110,213,"20180801","2018080121"
2018,8,1,1,22,5111,213,"20180801","2018080122"
2018,8,1,1,23,5112,213,"20180801","2018080123"
2018,8,2,2,0,5113,214,"20180802","2018080200"
2018,8,2,2,1,5114,214,"20180802","2018080201"
2018,8,2,2,2,5115,214,"20180802","2018080202"
2018,8,2,2,3,5116,214,"20180802","2018080203"
2018,8,2,2,4,5117,214,"20180802","2018080204"
2018,8,2,2,5,5118,214,"20180802","2018080205"
2018,8,2,2,6,5119,214,"20180802","2018080206"
2018,8,2,2,7,5120,214,"20180802","2018080207"
2018,8,2,2,8,5121,214,"20180802","2018080208"
2018,8,2,2,9,5122,214,"20180802","2018080209"
2018,8,2,2,10,5123,214,"20180802","2018080210"
2018,8,2,2,11,5124,214,"20180802","2018080211"
2018,8,2,2,12,5125,214,"20180802","2018080212"
2018,8,2,2,13,5126,214,"20180802","2018080213"
2018,8,2,2,14,5127,214,"20180802","2018080214"
2018,8,2,2,15,5128,214,"20180802","2018080215"
2018,8,2,2,16,5129,214,"20180802","2018080216"
2018,8,2,2,17,5130,214,"20180802","2018080217"
2018,8,2,2,18,5131,214,"20180802","2018080218"
2018,8,2,2,19,5132,214,"20180802","2018080219"
2018,8,2,2,20,5133,214,"20180802","2018080220"
2018,8,2,2,21,5134,214,"20180802","2018080221"
2018,8,2,2,22,5135,214,"20180802","2018080222"
2018,8,2,2,23,5136,214,"20180802","2018080223"
2018,8,3,3,0,5137,215,"20180803","2018080300"
2018,8,3,3,1,5138,215,"20180803","2018080301"
2018,8,3,3,2,5139,215,"20180803","2018080302"
2018,8,3,3,3,5140,215,"20180803","2018080303"
2018,8,3,3,4,5141,215,"20180803","2018080304"
2018,8,3,3,5,5142,215,"20180803","2018080305"
2018,8,3,3,6,5143,215,"20180803","2018080306"
2018,8,3,3,7,5144,215,"20180803","2018080307"
2018,8,3,3,8,5145,215,"20180803","2018080308"
2018,8,3,3,9,5146,215,"20180803","2018080309"
2018,8,3,3,10,5147,215,"20180803","2018080310"
2018,8,3,3,11,5148,215,"20180803","2018080311"
2018,8,3,3,12,5149,215,"20180803","2018080312"
2018,8,3,3,13,5150,215,"20180803","2018080313"
2018,8,3,3,14,5151,215,"20180803","2018080314"
2018,8,3,3,15,5152,215,"20180803","2018080315"
2018,8,3,3,16,5153,215,"20180803","2018080316"
2018,8,3,3,17,5154,215,"20180803","2018080317"
2018,8,3,3,18,5155,215,"20180803","2018080318"
2018,8,3,3,19,5156,215,"20180803","2018080319"
2018,8,3,3,20,5157,215,"20180803","2018080320"
2018,8,3,3,21,5158,215,"20180803","2018080321"
2018,8,3,3,22,5159,215,"20180803","2018080322"
2018,8,3,3,23,5160,215,"20180803","2018080323"
2018,8,4,4,0,5161,216,"20180804","2018080400"
2018,8,4,4,1,5162,216,"20180804","2018080401"
2018,8,4,4,2,5163,216,"20180804","2018080402"
2018,8,4,4,3,5164,216,"20180804","2018080403"
2018,8,4,4,4,5165,216,"20180804","2018080404"
2018,8,4,4,5,5166,216,"20180804","2018080405"
2018,8,4,4,6,5167,216,"20180804","2018080406"
2018,8,4,4,7,5168,216,"20180804","2018080407"
2018,8,4,4,8,5169,216,"20180804","2018080408"
2018,8,4,4,9,5170,216,"20180804","2018080409"
2018,8,4,4,10,5171,216,"20180804","2018080410"
2018,8,4,4,11,5172,216,"20180804","2018080411"
2018,8,4,4,12,5173,216,"20180804","2018080412"
2018,8,4,4,13,5174,216,"20180804","2018080413"
2018,8,4,4,14,5175,216,"20180804","2018080414"
2018,8,4,4,15,5176,216,"20180804","2018080415"
2018,8,4,4,16,5177,216,"20180804","2018080416"
2018,8,4,4,17,5178,216,"20180804","2018080417"
2018,8,4,4,18,5179,216,"20180804","2018080418"
2018,8,4,4,19,5180,216,"20180804","2018080419"
2018,8,4,4,20,5181,216,"20180804","2018080420"
2018,8,4,4,21,5182,216,"20180804","2018080421"
2018,8,4,4,22,5183,216,"20180804","2018080422"
2018,8,4,4,23,5184,216,"20180804","2018080423"
2018,8,5,5,0,5185,217,"20180805","2018080500"
2018,8,5,5,1,5186,217,"20180805","2018080501"
2018,8,5,5,2,5187,217,"20180805","2018080502"
2018,8,5,5,3,5188,217,"20180805","2018080503"
2018,8,5,5,4,5189,217,"20180805","2018080504"
2018,8,5,5,5,5190,217,"20180805","2018080505"
2018,8,5,5,6,5191,217,"20180805","2018080506"
2018,8,5,5,7,5192,217,"20180805","2018080507"
2018,8,5,5,8,5193,217,"20180805","2018080508"
2018,8,5,5,9,5194,217,"20180805","2018080509"
2018,8,5,5,10,5195,217,"20180805","2018080510"
2018,8,5,5,11,5196,217,"20180805","2018080511"
2018,8,5,5,12,5197,217,"20180805","2018080512"
2018,8,5,5,13,5198,217,"20180805","2018080513"
2018,8,5,5,14,5199,217,"20180805","2018080514"
2018,8,5,5,15,5200,217,"20180805","2018080515"
2018,8,5,5,16,5201,217,"20180805","2018080516"
2018,8,5,5,17,5202,217,"20180805","2018080517"
2018,8,5,5,18,5203,217,"20180805","2018080518"
2018,8,5,5,19,5204,217,"20180805","2018080519"
2018,8,5,5,20,5205,217,"20180805","2018080520"
2018,8,5,5,21,5206,217,"20180805","2018080521"
2018,8,5,5,22,5207,217,"20180805","2018080522"
2018,8,5,5,23,5208,217,"20180805","2018080523"
2018,8,6,6,0,5209,218,"20180806","2018080600"
2018,8,6,6,1,5210,218,"20180806","2018080601"
2018,8,6,6,2,5211,218,"20180806","2018080602"
2018,8,6,6,3,5212,218,"20180806","2018080603"
2018,8,6,6,4,5213,218,"20180806","2018080604"
2018,8,6,6,5,5214,218,"20180806","2018080605"
2018,8,6,6,6,5215,218,"20180806","2018080606"
2018,8,6,6,7,5216,218,"20180806","2018080607"
2018,8,6,6,8,5217,218,"20180806","2018080608"
2018,8,6,6,9,5218,218,"20180806","2018080609"
2018,8,6,6,10,5219,218,"20180806","2018080610"
2018,8,6,6,11,5220,218,"20180806","2018080611"
2018,8,6,6,12,5221,218,"20180806","2018080612"
2018,8,6,6,13,5222,218,"20180806","2018080613"
2018,8,6,6,14,5223,218,"20180806","2018080614"
2018,8,6,6,15,5224,218,"20180806","2018080615"
2018,8,6,6,16,5225,218,"20180806","2018080616"
2018,8,6,6,17,5226,218,"20180806","2018080617"
2018,8,6,6,18,5227,218,"20180806","2018080618"
2018,8,6,6,19,5228,218,"20180806","2018080619"
2018,8,6,6,20,5229,218,"20180806","2018080620"
2018,8,6,6,21,5230,218,"20180806","2018080621"
2018,8,6,6,22,5231,218,"20180806","2018080622"
2018,8,6,6,23,5232,218,"20180806","2018080623"
2018,8,7,7,0,5233,219,"20180807","2018080700"
2018,8,7,7,1,5234,219,"20180807","2018080701"
2018,8,7,7,2,5235,219,"20180807","2018080702"
2018,8,7,7,3,5236,219,"20180807","2018080703"
2018,8,7,7,4,5237,219,"20180807","2018080704"
2018,8,7,7,5,5238,219,"20180807","2018080705"
2018,8,7,7,6,5239,219,"20180807","2018080706"
2018,8,7,7,7,5240,219,"20180807","2018080707"
2018,8,7,7,8,5241,219,"20180807","2018080708"
2018,8,7,7,9,5242,219,"20180807","2018080709"
2018,8,7,7,10,5243,219,"20180807","2018080710"
2018,8,7,7,11,5244,219,"20180807","2018080711"
2018,8,7,7,12,5245,219,"20180807","2018080712"
2018,8,7,7,13,5246,219,"20180807","2018080713"
2018,8,7,7,14,5247,219,"20180807","2018080714"
2018,8,7,7,15,5248,219,"20180807","2018080715"
2018,8,7,7,16,5249,219,"20180807","2018080716"
2018,8,7,7,17,5250,219,"20180807","2018080717"
2018,8,7,7,18,5251,219,"20180807","2018080718"
2018,8,7,7,19,5252,219,"20180807","2018080719"
2018,8,7,7,20,5253,219,"20180807","2018080720"
2018,8,7,7,21,5254,219,"20180807","2018080721"
2018,8,7,7,22,5255,219,"20180807","2018080722"
2018,8,7,7,23,5256,219,"20180807","2018080723"
2018,8,8,1,0,5257,220,"20180808","2018080800"
2018,8,8,1,1,5258,220,"20180808","2018080801"
2018,8,8,1,2,5259,220,"20180808","2018080802"
2018,8,8,1,3,5260,220,"20180808","2018080803"
2018,8,8,1,4,5261,220,"20180808","2018080804"
2018,8,8,1,5,5262,220,"20180808","2018080805"
2018,8,8,1,6,5263,220,"20180808","2018080806"
2018,8,8,1,7,5264,220,"20180808","2018080807"
2018,8,8,1,8,5265,220,"20180808","2018080808"
2018,8,8,1,9,5266,220,"20180808","2018080809"
2018,8,8,1,10,5267,220,"20180808","2018080810"
2018,8,8,1,11,5268,220,"20180808","2018080811"
2018,8,8,1,12,5269,220,"20180808","2018080812"
2018,8,8,1,13,5270,220,"20180808","2018080813"
2018,8,8,1,14,5271,220,"20180808","2018080814"
2018,8,8,1,15,5272,220,"20180808","2018080815"
2018,8,8,1,16,5273,220,"20180808","2018080816"
2018,8,8,1,17,5274,220,"20180808","2018080817"
2018,8,8,1,18,5275,220,"20180808","2018080818"
2018,8,8,1,19,5276,220,"20180808","2018080819"
2018,8,8,1,20,5277,220,"20180808","2018080820"
2018,8,8,1,21,5278,220,"20180808","2018080821"
2018,8,8,1,22,5279,220,"20180808","2018080822"
2018,8,8,1,23,5280,220,"20180808","2018080823"
2018,8,9,2,0,5281,221,"20180809","2018080900"
2018,8,9,2,1,5282,221,"20180809","2018080901"
2018,8,9,2,2,5283,221,"20180809","2018080902"
2018,8,9,2,3,5284,221,"20180809","2018080903"
2018,8,9,2,4,5285,221,"20180809","2018080904"
2018,8,9,2,5,5286,221,"20180809","2018080905"
2018,8,9,2,6,5287,221,"20180809","2018080906"
2018,8,9,2,7,5288,221,"20180809","2018080907"
2018,8,9,2,8,5289,221,"20180809","2018080908"
2018,8,9,2,9,5290,221,"20180809","2018080909"
2018,8,9,2,10,5291,221,"20180809","2018080910"
2018,8,9,2,11,5292,221,"20180809","2018080911"
2018,8,9,2,12,5293,221,"20180809","2018080912"
2018,8,9,2,13,5294,221,"20180809","2018080913"
2018,8,9,2,14,5295,221,"20180809","2018080914"
2018,8,9,2,15,5296,221,"20180809","2018080915"
2018,8,9,2,16,5297,221,"20180809","2018080916"
2018,8,9,2,17,5298,221,"20180809","2018080917"
2018,8,9,2,18,5299,221,"20180809","2018080918"
2018,8,9,2,19,5300,221,"20180809","2018080919"
2018,8,9,2,20,5301,221,"20180809","2018080920"
2018,8,9,2,21,5302,221,"20180809","2018080921"
2018,8,9,2,22,5303,221,"20180809","2018080922"
2018,8,9,2,23,5304,221,"20180809","2018080923"
2018,8,10,3,0,5305,222,"20180810","2018081000"
2018,8,10,3,1,5306,222,"20180810","2018081001"
2018,8,10,3,2,5307,222,"20180810","2018081002"
2018,8,10,3,3,5308,222,"20180810","2018081003"
2018,8,10,3,4,5309,222,"20180810","2018081004"
2018,8,10,3,5,5310,222,"20180810","2018081005"
2018,8,10,3,6,5311,222,"20180810","2018081006"
2018,8,10,3,7,5312,222,"20180810","2018081007"
2018,8,10,3,8,5313,222,"20180810","2018081008"
2018,8,10,3,9,5314,222,"20180810","2018081009"
2018,8,10,3,10,5315,222,"20180810","2018081010"
2018,8,10,3,11,5316,222,"20180810","2018081011"
2018,8,10,3,12,5317,222,"20180810","2018081012"
2018,8,10,3,13,5318,222,"20180810","2018081013"
2018,8,10,3,14,5319,222,"20180810","2018081014"
2018,8,10,3,15,5320,222,"20180810","2018081015"
2018,8,10,3,16,5321,222,"20180810","2018081016"
2018,8,10,3,17,5322,222,"20180810","2018081017"
2018,8,10,3,18,5323,222,"20180810","2018081018"
2018,8,10,3,19,5324,222,"20180810","2018081019"
2018,8,10,3,20,5325,222,"20180810","2018081020"
2018,8,10,3,21,5326,222,"20180810","2018081021"
2018,8,10,3,22,5327,222,"20180810","2018081022"
2018,8,10,3,23,5328,222,"20180810","2018081023"
2018,8,11,4,0,5329,223,"20180811","2018081100"
2018,8,11,4,1,5330,223,"20180811","2018081101"
2018,8,11,4,2,5331,223,"20180811","2018081102"
2018,8,11,4,3,5332,223,"20180811","2018081103"
2018,8,11,4,4,5333,223,"20180811","2018081104"
2018,8,11,4,5,5334,223,"20180811","2018081105"
2018,8,11,4,6,5335,223,"20180811","2018081106"
2018,8,11,4,7,5336,223,"20180811","2018081107"
2018,8,11,4,8,5337,223,"20180811","2018081108"
2018,8,11,4,9,5338,223,"20180811","2018081109"
2018,8,11,4,10,5339,223,"20180811","2018081110"
2018,8,11,4,11,5340,223,"20180811","2018081111"
2018,8,11,4,12,5341,223,"20180811","2018081112"
2018,8,11,4,13,5342,223,"20180811","2018081113"
2018,8,11,4,14,5343,223,"20180811","2018081114"
2018,8,11,4,15,5344,223,"20180811","2018081115"
2018,8,11,4,16,5345,223,"20180811","2018081116"
2018,8,11,4,17,5346,223,"20180811","2018081117"
2018,8,11,4,18,5347,223,"20180811","2018081118"
2018,8,11,4,19,5348,223,"20180811","2018081119"
2018,8,11,4,20,5349,223,"20180811","2018081120"
2018,8,11,4,21,5350,223,"20180811","2018081121"
2018,8,11,4,22,5351,223,"20180811","2018081122"
2018,8,11,4,23,5352,223,"20180811","2018081123"
2018,8,12,5,0,5353,224,"20180812","2018081200"
2018,8,12,5,1,5354,224,"20180812","2018081201"
2018,8,12,5,2,5355,224,"20180812","2018081202"
2018,8,12,5,3,5356,224,"20180812","2018081203"
2018,8,12,5,4,5357,224,"20180812","2018081204"
2018,8,12,5,5,5358,224,"20180812","2018081205"
2018,8,12,5,6,5359,224,"20180812","2018081206"
2018,8,12,5,7,5360,224,"20180812","2018081207"
2018,8,12,5,8,5361,224,"20180812","2018081208"
2018,8,12,5,9,5362,224,"20180812","2018081209"
2018,8,12,5,10,5363,224,"20180812","2018081210"
2018,8,12,5,11,5364,224,"20180812","2018081211"
2018,8,12,5,12,5365,224,"20180812","2018081212"
2018,8,12,5,13,5366,224,"20180812","2018081213"
2018,8,12,5,14,5367,224,"20180812","2018081214"
2018,8,12,5,15,5368,224,"20180812","2018081215"
2018,8,12,5,16,5369,224,"20180812","2018081216"
2018,8,12,5,17,5370,224,"20180812","2018081217"
2018,8,12,5,18,5371,224,"20180812","2018081218"
2018,8,12,5,19,5372,224,"20180812","2018081219"
2018,8,12,5,20,5373,224,"20180812","2018081220"
2018,8,12,5,21,5374,224,"20180812","2018081221"
2018,8,12,5,22,5375,224,"20180812","2018081222"
2018,8,12,5,23,5376,224,"20180812","2018081223"
2018,8,13,6,0,5377,225,"20180813","2018081300"
2018,8,13,6,1,5378,225,"20180813","2018081301"
2018,8,13,6,2,5379,225,"20180813","2018081302"
2018,8,13,6,3,5380,225,"20180813","2018081303"
2018,8,13,6,4,5381,225,"20180813","2018081304"
2018,8,13,6,5,5382,225,"20180813","2018081305"
2018,8,13,6,6,5383,225,"20180813","2018081306"
2018,8,13,6,7,5384,225,"20180813","2018081307"
2018,8,13,6,8,5385,225,"20180813","2018081308"
2018,8,13,6,9,5386,225,"20180813","2018081309"
2018,8,13,6,10,5387,225,"20180813","2018081310"
2018,8,13,6,11,5388,225,"20180813","2018081311"
2018,8,13,6,12,5389,225,"20180813","2018081312"
2018,8,13,6,13,5390,225,"20180813","2018081313"
2018,8,13,6,14,5391,225,"20180813","2018081314"
2018,8,13,6,15,5392,225,"20180813","2018081315"
2018,8,13,6,16,5393,225,"20180813","2018081316"
2018,8,13,6,17,5394,225,"20180813","2018081317"
2018,8,13,6,18,5395,225,"20180813","2018081318"
2018,8,13,6,19,5396,225,"20180813","2018081319"
2018,8,13,6,20,5397,225,"20180813","2018081320"
2018,8,13,6,21,5398,225,"20180813","2018081321"
2018,8,13,6,22,5399,225,"20180813","2018081322"
2018,8,13,6,23,5400,225,"20180813","2018081323"
2018,8,14,7,0,5401,226,"20180814","2018081400"
2018,8,14,7,1,5402,226,"20180814","2018081401"
2018,8,14,7,2,5403,226,"20180814","2018081402"
2018,8,14,7,3,5404,226,"20180814","2018081403"
2018,8,14,7,4,5405,226,"20180814","2018081404"
2018,8,14,7,5,5406,226,"20180814","2018081405"
2018,8,14,7,6,5407,226,"20180814","2018081406"
2018,8,14,7,7,5408,226,"20180814","2018081407"
2018,8,14,7,8,5409,226,"20180814","2018081408"
2018,8,14,7,9,5410,226,"20180814","2018081409"
2018,8,14,7,10,5411,226,"20180814","2018081410"
2018,8,14,7,11,5412,226,"20180814","2018081411"
2018,8,14,7,12,5413,226,"20180814","2018081412"
2018,8,14,7,13,5414,226,"20180814","2018081413"
2018,8,14,7,14,5415,226,"20180814","2018081414"
2018,8,14,7,15,5416,226,"20180814","2018081415"
2018,8,14,7,16,5417,226,"20180814","2018081416"
2018,8,14,7,17,5418,226,"20180814","2018081417"
2018,8,14,7,18,5419,226,"20180814","2018081418"
2018,8,14,7,19,5420,226,"20180814","2018081419"
2018,8,14,7,20,5421,226,"20180814","2018081420"
2018,8,14,7,21,5422,226,"20180814","2018081421"
2018,8,14,7,22,5423,226,"20180814","2018081422"
2018,8,14,7,23,5424,226,"20180814","2018081423"
2018,8,15,1,0,5425,227,"20180815","2018081500"
2018,8,15,1,1,5426,227,"20180815","2018081501"
2018,8,15,1,2,5427,227,"20180815","2018081502"
2018,8,15,1,3,5428,227,"20180815","2018081503"
2018,8,15,1,4,5429,227,"20180815","2018081504"
2018,8,15,1,5,5430,227,"20180815","2018081505"
2018,8,15,1,6,5431,227,"20180815","2018081506"
2018,8,15,1,7,5432,227,"20180815","2018081507"
2018,8,15,1,8,5433,227,"20180815","2018081508"
2018,8,15,1,9,5434,227,"20180815","2018081509"
2018,8,15,1,10,5435,227,"20180815","2018081510"
2018,8,15,1,11,5436,227,"20180815","2018081511"
2018,8,15,1,12,5437,227,"20180815","2018081512"
2018,8,15,1,13,5438,227,"20180815","2018081513"
2018,8,15,1,14,5439,227,"20180815","2018081514"
2018,8,15,1,15,5440,227,"20180815","2018081515"
2018,8,15,1,16,5441,227,"20180815","2018081516"
2018,8,15,1,17,5442,227,"20180815","2018081517"
2018,8,15,1,18,5443,227,"20180815","2018081518"
2018,8,15,1,19,5444,227,"20180815","2018081519"
2018,8,15,1,20,5445,227,"20180815","2018081520"
2018,8,15,1,21,5446,227,"20180815","2018081521"
2018,8,15,1,22,5447,227,"20180815","2018081522"
2018,8,15,1,23,5448,227,"20180815","2018081523"
2018,8,16,2,0,5449,228,"20180816","2018081600"
2018,8,16,2,1,5450,228,"20180816","2018081601"
2018,8,16,2,2,5451,228,"20180816","2018081602"
2018,8,16,2,3,5452,228,"20180816","2018081603"
2018,8,16,2,4,5453,228,"20180816","2018081604"
2018,8,16,2,5,5454,228,"20180816","2018081605"
2018,8,16,2,6,5455,228,"20180816","2018081606"
2018,8,16,2,7,5456,228,"20180816","2018081607"
2018,8,16,2,8,5457,228,"20180816","2018081608"
2018,8,16,2,9,5458,228,"20180816","2018081609"
2018,8,16,2,10,5459,228,"20180816","2018081610"
2018,8,16,2,11,5460,228,"20180816","2018081611"
2018,8,16,2,12,5461,228,"20180816","2018081612"
2018,8,16,2,13,5462,228,"20180816","2018081613"
2018,8,16,2,14,5463,228,"20180816","2018081614"
2018,8,16,2,15,5464,228,"20180816","2018081615"
2018,8,16,2,16,5465,228,"20180816","2018081616"
2018,8,16,2,17,5466,228,"20180816","2018081617"
2018,8,16,2,18,5467,228,"20180816","2018081618"
2018,8,16,2,19,5468,228,"20180816","2018081619"
2018,8,16,2,20,5469,228,"20180816","2018081620"
2018,8,16,2,21,5470,228,"20180816","2018081621"
2018,8,16,2,22,5471,228,"20180816","2018081622"
2018,8,16,2,23,5472,228,"20180816","2018081623"
2018,8,17,3,0,5473,229,"20180817","2018081700"
2018,8,17,3,1,5474,229,"20180817","2018081701"
2018,8,17,3,2,5475,229,"20180817","2018081702"
2018,8,17,3,3,5476,229,"20180817","2018081703"
2018,8,17,3,4,5477,229,"20180817","2018081704"
2018,8,17,3,5,5478,229,"20180817","2018081705"
2018,8,17,3,6,5479,229,"20180817","2018081706"
2018,8,17,3,7,5480,229,"20180817","2018081707"
2018,8,17,3,8,5481,229,"20180817","2018081708"
2018,8,17,3,9,5482,229,"20180817","2018081709"
2018,8,17,3,10,5483,229,"20180817","2018081710"
2018,8,17,3,11,5484,229,"20180817","2018081711"
2018,8,17,3,12,5485,229,"20180817","2018081712"
2018,8,17,3,13,5486,229,"20180817","2018081713"
2018,8,17,3,14,5487,229,"20180817","2018081714"
2018,8,17,3,15,5488,229,"20180817","2018081715"
2018,8,17,3,16,5489,229,"20180817","2018081716"
2018,8,17,3,17,5490,229,"20180817","2018081717"
2018,8,17,3,18,5491,229,"20180817","2018081718"
2018,8,17,3,19,5492,229,"20180817","2018081719"
2018,8,17,3,20,5493,229,"20180817","2018081720"
2018,8,17,3,21,5494,229,"20180817","2018081721"
2018,8,17,3,22,5495,229,"20180817","2018081722"
2018,8,17,3,23,5496,229,"20180817","2018081723"
2018,8,18,4,0,5497,230,"20180818","2018081800"
2018,8,18,4,1,5498,230,"20180818","2018081801"
2018,8,18,4,2,5499,230,"20180818","2018081802"
2018,8,18,4,3,5500,230,"20180818","2018081803"
2018,8,18,4,4,5501,230,"20180818","2018081804"
2018,8,18,4,5,5502,230,"20180818","2018081805"
2018,8,18,4,6,5503,230,"20180818","2018081806"
2018,8,18,4,7,5504,230,"20180818","2018081807"
2018,8,18,4,8,5505,230,"20180818","2018081808"
2018,8,18,4,9,5506,230,"20180818","2018081809"
2018,8,18,4,10,5507,230,"20180818","2018081810"
2018,8,18,4,11,5508,230,"20180818","2018081811"
2018,8,18,4,12,5509,230,"20180818","2018081812"
2018,8,18,4,13,5510,230,"20180818","2018081813"
2018,8,18,4,14,5511,230,"20180818","2018081814"
2018,8,18,4,15,5512,230,"20180818","2018081815"
2018,8,18,4,16,5513,230,"20180818","2018081816"
2018,8,18,4,17,5514,230,"20180818","2018081817"
2018,8,18,4,18,5515,230,"20180818","2018081818"
2018,8,18,4,19,5516,230,"20180818","2018081819"
2018,8,18,4,20,5517,230,"20180818","2018081820"
2018,8,18,4,21,5518,230,"20180818","2018081821"
2018,8,18,4,22,5519,230,"20180818","2018081822"
2018,8,18,4,23,5520,230,"20180818","2018081823"
2018,8,19,5,0,5521,231,"20180819","2018081900"
2018,8,19,5,1,5522,231,"20180819","2018081901"
2018,8,19,5,2,5523,231,"20180819","2018081902"
2018,8,19,5,3,5524,231,"20180819","2018081903"
2018,8,19,5,4,5525,231,"20180819","2018081904"
2018,8,19,5,5,5526,231,"20180819","2018081905"
2018,8,19,5,6,5527,231,"20180819","2018081906"
2018,8,19,5,7,5528,231,"20180819","2018081907"
2018,8,19,5,8,5529,231,"20180819","2018081908"
2018,8,19,5,9,5530,231,"20180819","2018081909"
2018,8,19,5,10,5531,231,"20180819","2018081910"
2018,8,19,5,11,5532,231,"20180819","2018081911"
2018,8,19,5,12,5533,231,"20180819","2018081912"
2018,8,19,5,13,5534,231,"20180819","2018081913"
2018,8,19,5,14,5535,231,"20180819","2018081914"
2018,8,19,5,15,5536,231,"20180819","2018081915"
2018,8,19,5,16,5537,231,"20180819","2018081916"
2018,8,19,5,17,5538,231,"20180819","2018081917"
2018,8,19,5,18,5539,231,"20180819","2018081918"
2018,8,19,5,19,5540,231,"20180819","2018081919"
2018,8,19,5,20,5541,231,"20180819","2018081920"
2018,8,19,5,21,5542,231,"20180819","2018081921"
2018,8,19,5,22,5543,231,"20180819","2018081922"
2018,8,19,5,23,5544,231,"20180819","2018081923"
2018,8,20,6,0,5545,232,"20180820","2018082000"
2018,8,20,6,1,5546,232,"20180820","2018082001"
2018,8,20,6,2,5547,232,"20180820","2018082002"
2018,8,20,6,3,5548,232,"20180820","2018082003"
2018,8,20,6,4,5549,232,"20180820","2018082004"
2018,8,20,6,5,5550,232,"20180820","2018082005"
2018,8,20,6,6,5551,232,"20180820","2018082006"
2018,8,20,6,7,5552,232,"20180820","2018082007"
2018,8,20,6,8,5553,232,"20180820","2018082008"
2018,8,20,6,9,5554,232,"20180820","2018082009"
2018,8,20,6,10,5555,232,"20180820","2018082010"
2018,8,20,6,11,5556,232,"20180820","2018082011"
2018,8,20,6,12,5557,232,"20180820","2018082012"
2018,8,20,6,13,5558,232,"20180820","2018082013"
2018,8,20,6,14,5559,232,"20180820","2018082014"
2018,8,20,6,15,5560,232,"20180820","2018082015"
2018,8,20,6,16,5561,232,"20180820","2018082016"
2018,8,20,6,17,5562,232,"20180820","2018082017"
2018,8,20,6,18,5563,232,"20180820","2018082018"
2018,8,20,6,19,5564,232,"20180820","2018082019"
2018,8,20,6,20,5565,232,"20180820","2018082020"
2018,8,20,6,21,5566,232,"20180820","2018082021"
2018,8,20,6,22,5567,232,"20180820","2018082022"
2018,8,20,6,23,5568,232,"20180820","2018082023"
2018,8,21,7,0,5569,233,"20180821","2018082100"
2018,8,21,7,1,5570,233,"20180821","2018082101"
2018,8,21,7,2,5571,233,"20180821","2018082102"
2018,8,21,7,3,5572,233,"20180821","2018082103"
2018,8,21,7,4,5573,233,"20180821","2018082104"
2018,8,21,7,5,5574,233,"20180821","2018082105"
2018,8,21,7,6,5575,233,"20180821","2018082106"
2018,8,21,7,7,5576,233,"20180821","2018082107"
2018,8,21,7,8,5577,233,"20180821","2018082108"
2018,8,21,7,9,5578,233,"20180821","2018082109"
2018,8,21,7,10,5579,233,"20180821","2018082110"
2018,8,21,7,11,5580,233,"20180821","2018082111"
2018,8,21,7,12,5581,233,"20180821","2018082112"
2018,8,21,7,13,5582,233,"20180821","2018082113"
2018,8,21,7,14,5583,233,"20180821","2018082114"
2018,8,21,7,15,5584,233,"20180821","2018082115"
2018,8,21,7,16,5585,233,"20180821","2018082116"
2018,8,21,7,17,5586,233,"20180821","2018082117"
2018,8,21,7,18,5587,233,"20180821","2018082118"
2018,8,21,7,19,5588,233,"20180821","2018082119"
2018,8,21,7,20,5589,233,"20180821","2018082120"
2018,8,21,7,21,5590,233,"20180821","2018082121"
2018,8,21,7,22,5591,233,"20180821","2018082122"
2018,8,21,7,23,5592,233,"20180821","2018082123"
2018,8,22,1,0,5593,234,"20180822","2018082200"
2018,8,22,1,1,5594,234,"20180822","2018082201"
2018,8,22,1,2,5595,234,"20180822","2018082202"
2018,8,22,1,3,5596,234,"20180822","2018082203"
2018,8,22,1,4,5597,234,"20180822","2018082204"
2018,8,22,1,5,5598,234,"20180822","2018082205"
2018,8,22,1,6,5599,234,"20180822","2018082206"
2018,8,22,1,7,5600,234,"20180822","2018082207"
2018,8,22,1,8,5601,234,"20180822","2018082208"
2018,8,22,1,9,5602,234,"20180822","2018082209"
2018,8,22,1,10,5603,234,"20180822","2018082210"
2018,8,22,1,11,5604,234,"20180822","2018082211"
2018,8,22,1,12,5605,234,"20180822","2018082212"
2018,8,22,1,13,5606,234,"20180822","2018082213"
2018,8,22,1,14,5607,234,"20180822","2018082214"
2018,8,22,1,15,5608,234,"20180822","2018082215"
2018,8,22,1,16,5609,234,"20180822","2018082216"
2018,8,22,1,17,5610,234,"20180822","2018082217"
2018,8,22,1,18,5611,234,"20180822","2018082218"
2018,8,22,1,19,5612,234,"20180822","2018082219"
2018,8,22,1,20,5613,234,"20180822","2018082220"
2018,8,22,1,21,5614,234,"20180822","2018082221"
2018,8,22,1,22,5615,234,"20180822","2018082222"
2018,8,22,1,23,5616,234,"20180822","2018082223"
2018,8,23,2,0,5617,235,"20180823","2018082300"
2018,8,23,2,1,5618,235,"20180823","2018082301"
2018,8,23,2,2,5619,235,"20180823","2018082302"
2018,8,23,2,3,5620,235,"20180823","2018082303"
2018,8,23,2,4,5621,235,"20180823","2018082304"
2018,8,23,2,5,5622,235,"20180823","2018082305"
2018,8,23,2,6,5623,235,"20180823","2018082306"
2018,8,23,2,7,5624,235,"20180823","2018082307"
2018,8,23,2,8,5625,235,"20180823","2018082308"
2018,8,23,2,9,5626,235,"20180823","2018082309"
2018,8,23,2,10,5627,235,"20180823","2018082310"
2018,8,23,2,11,5628,235,"20180823","2018082311"
2018,8,23,2,12,5629,235,"20180823","2018082312"
2018,8,23,2,13,5630,235,"20180823","2018082313"
2018,8,23,2,14,5631,235,"20180823","2018082314"
2018,8,23,2,15,5632,235,"20180823","2018082315"
2018,8,23,2,16,5633,235,"20180823","2018082316"
2018,8,23,2,17,5634,235,"20180823","2018082317"
2018,8,23,2,18,5635,235,"20180823","2018082318"
2018,8,23,2,19,5636,235,"20180823","2018082319"
2018,8,23,2,20,5637,235,"20180823","2018082320"
2018,8,23,2,21,5638,235,"20180823","2018082321"
2018,8,23,2,22,5639,235,"20180823","2018082322"
2018,8,23,2,23,5640,235,"20180823","2018082323"
2018,8,24,3,0,5641,236,"20180824","2018082400"
2018,8,24,3,1,5642,236,"20180824","2018082401"
2018,8,24,3,2,5643,236,"20180824","2018082402"
2018,8,24,3,3,5644,236,"20180824","2018082403"
2018,8,24,3,4,5645,236,"20180824","2018082404"
2018,8,24,3,5,5646,236,"20180824","2018082405"
2018,8,24,3,6,5647,236,"20180824","2018082406"
2018,8,24,3,7,5648,236,"20180824","2018082407"
2018,8,24,3,8,5649,236,"20180824","2018082408"
2018,8,24,3,9,5650,236,"20180824","2018082409"
2018,8,24,3,10,5651,236,"20180824","2018082410"
2018,8,24,3,11,5652,236,"20180824","2018082411"
2018,8,24,3,12,5653,236,"20180824","2018082412"
2018,8,24,3,13,5654,236,"20180824","2018082413"
2018,8,24,3,14,5655,236,"20180824","2018082414"
2018,8,24,3,15,5656,236,"20180824","2018082415"
2018,8,24,3,16,5657,236,"20180824","2018082416"
2018,8,24,3,17,5658,236,"20180824","2018082417"
2018,8,24,3,18,5659,236,"20180824","2018082418"
2018,8,24,3,19,5660,236,"20180824","2018082419"
2018,8,24,3,20,5661,236,"20180824","2018082420"
2018,8,24,3,21,5662,236,"20180824","2018082421"
2018,8,24,3,22,5663,236,"20180824","2018082422"
2018,8,24,3,23,5664,236,"20180824","2018082423"
2018,8,25,4,0,5665,237,"20180825","2018082500"
2018,8,25,4,1,5666,237,"20180825","2018082501"
2018,8,25,4,2,5667,237,"20180825","2018082502"
2018,8,25,4,3,5668,237,"20180825","2018082503"
2018,8,25,4,4,5669,237,"20180825","2018082504"
2018,8,25,4,5,5670,237,"20180825","2018082505"
2018,8,25,4,6,5671,237,"20180825","2018082506"
2018,8,25,4,7,5672,237,"20180825","2018082507"
2018,8,25,4,8,5673,237,"20180825","2018082508"
2018,8,25,4,9,5674,237,"20180825","2018082509"
2018,8,25,4,10,5675,237,"20180825","2018082510"
2018,8,25,4,11,5676,237,"20180825","2018082511"
2018,8,25,4,12,5677,237,"20180825","2018082512"
2018,8,25,4,13,5678,237,"20180825","2018082513"
2018,8,25,4,14,5679,237,"20180825","2018082514"
2018,8,25,4,15,5680,237,"20180825","2018082515"
2018,8,25,4,16,5681,237,"20180825","2018082516"
2018,8,25,4,17,5682,237,"20180825","2018082517"
2018,8,25,4,18,5683,237,"20180825","2018082518"
2018,8,25,4,19,5684,237,"20180825","2018082519"
2018,8,25,4,20,5685,237,"20180825","2018082520"
2018,8,25,4,21,5686,237,"20180825","2018082521"
2018,8,25,4,22,5687,237,"20180825","2018082522"
2018,8,25,4,23,5688,237,"20180825","2018082523"
2018,8,26,5,0,5689,238,"20180826","2018082600"
2018,8,26,5,1,5690,238,"20180826","2018082601"
2018,8,26,5,2,5691,238,"20180826","2018082602"
2018,8,26,5,3,5692,238,"20180826","2018082603"
2018,8,26,5,4,5693,238,"20180826","2018082604"
2018,8,26,5,5,5694,238,"20180826","2018082605"
2018,8,26,5,6,5695,238,"20180826","2018082606"
2018,8,26,5,7,5696,238,"20180826","2018082607"
2018,8,26,5,8,5697,238,"20180826","2018082608"
2018,8,26,5,9,5698,238,"20180826","2018082609"
2018,8,26,5,10,5699,238,"20180826","2018082610"
2018,8,26,5,11,5700,238,"20180826","2018082611"
2018,8,26,5,12,5701,238,"20180826","2018082612"
2018,8,26,5,13,5702,238,"20180826","2018082613"
2018,8,26,5,14,5703,238,"20180826","2018082614"
2018,8,26,5,15,5704,238,"20180826","2018082615"
2018,8,26,5,16,5705,238,"20180826","2018082616"
2018,8,26,5,17,5706,238,"20180826","2018082617"
2018,8,26,5,18,5707,238,"20180826","2018082618"
2018,8,26,5,19,5708,238,"20180826","2018082619"
2018,8,26,5,20,5709,238,"20180826","2018082620"
2018,8,26,5,21,5710,238,"20180826","2018082621"
2018,8,26,5,22,5711,238,"20180826","2018082622"
2018,8,26,5,23,5712,238,"20180826","2018082623"
2018,8,27,6,0,5713,239,"20180827","2018082700"
2018,8,27,6,1,5714,239,"20180827","2018082701"
2018,8,27,6,2,5715,239,"20180827","2018082702"
2018,8,27,6,3,5716,239,"20180827","2018082703"
2018,8,27,6,4,5717,239,"20180827","2018082704"
2018,8,27,6,5,5718,239,"20180827","2018082705"
2018,8,27,6,6,5719,239,"20180827","2018082706"
2018,8,27,6,7,5720,239,"20180827","2018082707"
2018,8,27,6,8,5721,239,"20180827","2018082708"
2018,8,27,6,9,5722,239,"20180827","2018082709"
2018,8,27,6,10,5723,239,"20180827","2018082710"
2018,8,27,6,11,5724,239,"20180827","2018082711"
2018,8,27,6,12,5725,239,"20180827","2018082712"
2018,8,27,6,13,5726,239,"20180827","2018082713"
2018,8,27,6,14,5727,239,"20180827","2018082714"
2018,8,27,6,15,5728,239,"20180827","2018082715"
2018,8,27,6,16,5729,239,"20180827","2018082716"
2018,8,27,6,17,5730,239,"20180827","2018082717"
2018,8,27,6,18,5731,239,"20180827","2018082718"
2018,8,27,6,19,5732,239,"20180827","2018082719"
2018,8,27,6,20,5733,239,"20180827","2018082720"
2018,8,27,6,21,5734,239,"20180827","2018082721"
2018,8,27,6,22,5735,239,"20180827","2018082722"
2018,8,27,6,23,5736,239,"20180827","2018082723"
2018,8,28,7,0,5737,240,"20180828","2018082800"
2018,8,28,7,1,5738,240,"20180828","2018082801"
2018,8,28,7,2,5739,240,"20180828","2018082802"
2018,8,28,7,3,5740,240,"20180828","2018082803"
2018,8,28,7,4,5741,240,"20180828","2018082804"
2018,8,28,7,5,5742,240,"20180828","2018082805"
2018,8,28,7,6,5743,240,"20180828","2018082806"
2018,8,28,7,7,5744,240,"20180828","2018082807"
2018,8,28,7,8,5745,240,"20180828","2018082808"
2018,8,28,7,9,5746,240,"20180828","2018082809"
2018,8,28,7,10,5747,240,"20180828","2018082810"
2018,8,28,7,11,5748,240,"20180828","2018082811"
2018,8,28,7,12,5749,240,"20180828","2018082812"
2018,8,28,7,13,5750,240,"20180828","2018082813"
2018,8,28,7,14,5751,240,"20180828","2018082814"
2018,8,28,7,15,5752,240,"20180828","2018082815"
2018,8,28,7,16,5753,240,"20180828","2018082816"
2018,8,28,7,17,5754,240,"20180828","2018082817"
2018,8,28,7,18,5755,240,"20180828","2018082818"
2018,8,28,7,19,5756,240,"20180828","2018082819"
2018,8,28,7,20,5757,240,"20180828","2018082820"
2018,8,28,7,21,5758,240,"20180828","2018082821"
2018,8,28,7,22,5759,240,"20180828","2018082822"
2018,8,28,7,23,5760,240,"20180828","2018082823"
2018,8,29,1,0,5761,241,"20180829","2018082900"
2018,8,29,1,1,5762,241,"20180829","2018082901"
2018,8,29,1,2,5763,241,"20180829","2018082902"
2018,8,29,1,3,5764,241,"20180829","2018082903"
2018,8,29,1,4,5765,241,"20180829","2018082904"
2018,8,29,1,5,5766,241,"20180829","2018082905"
2018,8,29,1,6,5767,241,"20180829","2018082906"
2018,8,29,1,7,5768,241,"20180829","2018082907"
2018,8,29,1,8,5769,241,"20180829","2018082908"
2018,8,29,1,9,5770,241,"20180829","2018082909"
2018,8,29,1,10,5771,241,"20180829","2018082910"
2018,8,29,1,11,5772,241,"20180829","2018082911"
2018,8,29,1,12,5773,241,"20180829","2018082912"
2018,8,29,1,13,5774,241,"20180829","2018082913"
2018,8,29,1,14,5775,241,"20180829","2018082914"
2018,8,29,1,15,5776,241,"20180829","2018082915"
2018,8,29,1,16,5777,241,"20180829","2018082916"
2018,8,29,1,17,5778,241,"20180829","2018082917"
2018,8,29,1,18,5779,241,"20180829","2018082918"
2018,8,29,1,19,5780,241,"20180829","2018082919"
2018,8,29,1,20,5781,241,"20180829","2018082920"
2018,8,29,1,21,5782,241,"20180829","2018082921"
2018,8,29,1,22,5783,241,"20180829","2018082922"
2018,8,29,1,23,5784,241,"20180829","2018082923"
2018,8,30,2,0,5785,242,"20180830","2018083000"
2018,8,30,2,1,5786,242,"20180830","2018083001"
2018,8,30,2,2,5787,242,"20180830","2018083002"
2018,8,30,2,3,5788,242,"20180830","2018083003"
2018,8,30,2,4,5789,242,"20180830","2018083004"
2018,8,30,2,5,5790,242,"20180830","2018083005"
2018,8,30,2,6,5791,242,"20180830","2018083006"
2018,8,30,2,7,5792,242,"20180830","2018083007"
2018,8,30,2,8,5793,242,"20180830","2018083008"
2018,8,30,2,9,5794,242,"20180830","2018083009"
2018,8,30,2,10,5795,242,"20180830","2018083010"
2018,8,30,2,11,5796,242,"20180830","2018083011"
2018,8,30,2,12,5797,242,"20180830","2018083012"
2018,8,30,2,13,5798,242,"20180830","2018083013"
2018,8,30,2,14,5799,242,"20180830","2018083014"
2018,8,30,2,15,5800,242,"20180830","2018083015"
2018,8,30,2,16,5801,242,"20180830","2018083016"
2018,8,30,2,17,5802,242,"20180830","2018083017"
2018,8,30,2,18,5803,242,"20180830","2018083018"
2018,8,30,2,19,5804,242,"20180830","2018083019"
2018,8,30,2,20,5805,242,"20180830","2018083020"
2018,8,30,2,21,5806,242,"20180830","2018083021"
2018,8,30,2,22,5807,242,"20180830","2018083022"
2018,8,30,2,23,5808,242,"20180830","2018083023"
2018,8,31,3,0,5809,243,"20180831","2018083100"
2018,8,31,3,1,5810,243,"20180831","2018083101"
2018,8,31,3,2,5811,243,"20180831","2018083102"
2018,8,31,3,3,5812,243,"20180831","2018083103"
2018,8,31,3,4,5813,243,"20180831","2018083104"
2018,8,31,3,5,5814,243,"20180831","2018083105"
2018,8,31,3,6,5815,243,"20180831","2018083106"
2018,8,31,3,7,5816,243,"20180831","2018083107"
2018,8,31,3,8,5817,243,"20180831","2018083108"
2018,8,31,3,9,5818,243,"20180831","2018083109"
2018,8,31,3,10,5819,243,"20180831","2018083110"
2018,8,31,3,11,5820,243,"20180831","2018083111"
2018,8,31,3,12,5821,243,"20180831","2018083112"
2018,8,31,3,13,5822,243,"20180831","2018083113"
2018,8,31,3,14,5823,243,"20180831","2018083114"
2018,8,31,3,15,5824,243,"20180831","2018083115"
2018,8,31,3,16,5825,243,"20180831","2018083116"
2018,8,31,3,17,5826,243,"20180831","2018083117"
2018,8,31,3,18,5827,243,"20180831","2018083118"
2018,8,31,3,19,5828,243,"20180831","2018083119"
2018,8,31,3,20,5829,243,"20180831","2018083120"
2018,8,31,3,21,5830,243,"20180831","2018083121"
2018,8,31,3,22,5831,243,"20180831","2018083122"
2018,8,31,3,23,5832,243,"20180831","2018083123"
2018,9,1,4,0,5833,244,"20180901","2018090100"
2018,9,1,4,1,5834,244,"20180901","2018090101"
2018,9,1,4,2,5835,244,"20180901","2018090102"
2018,9,1,4,3,5836,244,"20180901","2018090103"
2018,9,1,4,4,5837,244,"20180901","2018090104"
2018,9,1,4,5,5838,244,"20180901","2018090105"
2018,9,1,4,6,5839,244,"20180901","2018090106"
2018,9,1,4,7,5840,244,"20180901","2018090107"
2018,9,1,4,8,5841,244,"20180901","2018090108"
2018,9,1,4,9,5842,244,"20180901","2018090109"
2018,9,1,4,10,5843,244,"20180901","2018090110"
2018,9,1,4,11,5844,244,"20180901","2018090111"
2018,9,1,4,12,5845,244,"20180901","2018090112"
2018,9,1,4,13,5846,244,"20180901","2018090113"
2018,9,1,4,14,5847,244,"20180901","2018090114"
2018,9,1,4,15,5848,244,"20180901","2018090115"
2018,9,1,4,16,5849,244,"20180901","2018090116"
2018,9,1,4,17,5850,244,"20180901","2018090117"
2018,9,1,4,18,5851,244,"20180901","2018090118"
2018,9,1,4,19,5852,244,"20180901","2018090119"
2018,9,1,4,20,5853,244,"20180901","2018090120"
2018,9,1,4,21,5854,244,"20180901","2018090121"
2018,9,1,4,22,5855,244,"20180901","2018090122"
2018,9,1,4,23,5856,244,"20180901","2018090123"
2018,9,2,5,0,5857,245,"20180902","2018090200"
2018,9,2,5,1,5858,245,"20180902","2018090201"
2018,9,2,5,2,5859,245,"20180902","2018090202"
2018,9,2,5,3,5860,245,"20180902","2018090203"
2018,9,2,5,4,5861,245,"20180902","2018090204"
2018,9,2,5,5,5862,245,"20180902","2018090205"
2018,9,2,5,6,5863,245,"20180902","2018090206"
2018,9,2,5,7,5864,245,"20180902","2018090207"
2018,9,2,5,8,5865,245,"20180902","2018090208"
2018,9,2,5,9,5866,245,"20180902","2018090209"
2018,9,2,5,10,5867,245,"20180902","2018090210"
2018,9,2,5,11,5868,245,"20180902","2018090211"
2018,9,2,5,12,5869,245,"20180902","2018090212"
2018,9,2,5,13,5870,245,"20180902","2018090213"
2018,9,2,5,14,5871,245,"20180902","2018090214"
2018,9,2,5,15,5872,245,"20180902","2018090215"
2018,9,2,5,16,5873,245,"20180902","2018090216"
2018,9,2,5,17,5874,245,"20180902","2018090217"
2018,9,2,5,18,5875,245,"20180902","2018090218"
2018,9,2,5,19,5876,245,"20180902","2018090219"
2018,9,2,5,20,5877,245,"20180902","2018090220"
2018,9,2,5,21,5878,245,"20180902","2018090221"
2018,9,2,5,22,5879,245,"20180902","2018090222"
2018,9,2,5,23,5880,245,"20180902","2018090223"
2018,9,3,6,0,5881,246,"20180903","2018090300"
2018,9,3,6,1,5882,246,"20180903","2018090301"
2018,9,3,6,2,5883,246,"20180903","2018090302"
2018,9,3,6,3,5884,246,"20180903","2018090303"
2018,9,3,6,4,5885,246,"20180903","2018090304"
2018,9,3,6,5,5886,246,"20180903","2018090305"
2018,9,3,6,6,5887,246,"20180903","2018090306"
2018,9,3,6,7,5888,246,"20180903","2018090307"
2018,9,3,6,8,5889,246,"20180903","2018090308"
2018,9,3,6,9,5890,246,"20180903","2018090309"
2018,9,3,6,10,5891,246,"20180903","2018090310"
2018,9,3,6,11,5892,246,"20180903","2018090311"
2018,9,3,6,12,5893,246,"20180903","2018090312"
2018,9,3,6,13,5894,246,"20180903","2018090313"
2018,9,3,6,14,5895,246,"20180903","2018090314"
2018,9,3,6,15,5896,246,"20180903","2018090315"
2018,9,3,6,16,5897,246,"20180903","2018090316"
2018,9,3,6,17,5898,246,"20180903","2018090317"
2018,9,3,6,18,5899,246,"20180903","2018090318"
2018,9,3,6,19,5900,246,"20180903","2018090319"
2018,9,3,6,20,5901,246,"20180903","2018090320"
2018,9,3,6,21,5902,246,"20180903","2018090321"
2018,9,3,6,22,5903,246,"20180903","2018090322"
2018,9,3,6,23,5904,246,"20180903","2018090323"
2018,9,4,7,0,5905,247,"20180904","2018090400"
2018,9,4,7,1,5906,247,"20180904","2018090401"
2018,9,4,7,2,5907,247,"20180904","2018090402"
2018,9,4,7,3,5908,247,"20180904","2018090403"
2018,9,4,7,4,5909,247,"20180904","2018090404"
2018,9,4,7,5,5910,247,"20180904","2018090405"
2018,9,4,7,6,5911,247,"20180904","2018090406"
2018,9,4,7,7,5912,247,"20180904","2018090407"
2018,9,4,7,8,5913,247,"20180904","2018090408"
2018,9,4,7,9,5914,247,"20180904","2018090409"
2018,9,4,7,10,5915,247,"20180904","2018090410"
2018,9,4,7,11,5916,247,"20180904","2018090411"
2018,9,4,7,12,5917,247,"20180904","2018090412"
2018,9,4,7,13,5918,247,"20180904","2018090413"
2018,9,4,7,14,5919,247,"20180904","2018090414"
2018,9,4,7,15,5920,247,"20180904","2018090415"
2018,9,4,7,16,5921,247,"20180904","2018090416"
2018,9,4,7,17,5922,247,"20180904","2018090417"
2018,9,4,7,18,5923,247,"20180904","2018090418"
2018,9,4,7,19,5924,247,"20180904","2018090419"
2018,9,4,7,20,5925,247,"20180904","2018090420"
2018,9,4,7,21,5926,247,"20180904","2018090421"
2018,9,4,7,22,5927,247,"20180904","2018090422"
2018,9,4,7,23,5928,247,"20180904","2018090423"
2018,9,5,1,0,5929,248,"20180905","2018090500"
2018,9,5,1,1,5930,248,"20180905","2018090501"
2018,9,5,1,2,5931,248,"20180905","2018090502"
2018,9,5,1,3,5932,248,"20180905","2018090503"
2018,9,5,1,4,5933,248,"20180905","2018090504"
2018,9,5,1,5,5934,248,"20180905","2018090505"
2018,9,5,1,6,5935,248,"20180905","2018090506"
2018,9,5,1,7,5936,248,"20180905","2018090507"
2018,9,5,1,8,5937,248,"20180905","2018090508"
2018,9,5,1,9,5938,248,"20180905","2018090509"
2018,9,5,1,10,5939,248,"20180905","2018090510"
2018,9,5,1,11,5940,248,"20180905","2018090511"
2018,9,5,1,12,5941,248,"20180905","2018090512"
2018,9,5,1,13,5942,248,"20180905","2018090513"
2018,9,5,1,14,5943,248,"20180905","2018090514"
2018,9,5,1,15,5944,248,"20180905","2018090515"
2018,9,5,1,16,5945,248,"20180905","2018090516"
2018,9,5,1,17,5946,248,"20180905","2018090517"
2018,9,5,1,18,5947,248,"20180905","2018090518"
2018,9,5,1,19,5948,248,"20180905","2018090519"
2018,9,5,1,20,5949,248,"20180905","2018090520"
2018,9,5,1,21,5950,248,"20180905","2018090521"
2018,9,5,1,22,5951,248,"20180905","2018090522"
2018,9,5,1,23,5952,248,"20180905","2018090523"
2018,9,6,2,0,5953,249,"20180906","2018090600"
2018,9,6,2,1,5954,249,"20180906","2018090601"
2018,9,6,2,2,5955,249,"20180906","2018090602"
2018,9,6,2,3,5956,249,"20180906","2018090603"
2018,9,6,2,4,5957,249,"20180906","2018090604"
2018,9,6,2,5,5958,249,"20180906","2018090605"
2018,9,6,2,6,5959,249,"20180906","2018090606"
2018,9,6,2,7,5960,249,"20180906","2018090607"
2018,9,6,2,8,5961,249,"20180906","2018090608"
2018,9,6,2,9,5962,249,"20180906","2018090609"
2018,9,6,2,10,5963,249,"20180906","2018090610"
2018,9,6,2,11,5964,249,"20180906","2018090611"
2018,9,6,2,12,5965,249,"20180906","2018090612"
2018,9,6,2,13,5966,249,"20180906","2018090613"
2018,9,6,2,14,5967,249,"20180906","2018090614"
2018,9,6,2,15,5968,249,"20180906","2018090615"
2018,9,6,2,16,5969,249,"20180906","2018090616"
2018,9,6,2,17,5970,249,"20180906","2018090617"
2018,9,6,2,18,5971,249,"20180906","2018090618"
2018,9,6,2,19,5972,249,"20180906","2018090619"
2018,9,6,2,20,5973,249,"20180906","2018090620"
2018,9,6,2,21,5974,249,"20180906","2018090621"
2018,9,6,2,22,5975,249,"20180906","2018090622"
2018,9,6,2,23,5976,249,"20180906","2018090623"
2018,9,7,3,0,5977,250,"20180907","2018090700"
2018,9,7,3,1,5978,250,"20180907","2018090701"
2018,9,7,3,2,5979,250,"20180907","2018090702"
2018,9,7,3,3,5980,250,"20180907","2018090703"
2018,9,7,3,4,5981,250,"20180907","2018090704"
2018,9,7,3,5,5982,250,"20180907","2018090705"
2018,9,7,3,6,5983,250,"20180907","2018090706"
2018,9,7,3,7,5984,250,"20180907","2018090707"
2018,9,7,3,8,5985,250,"20180907","2018090708"
2018,9,7,3,9,5986,250,"20180907","2018090709"
2018,9,7,3,10,5987,250,"20180907","2018090710"
2018,9,7,3,11,5988,250,"20180907","2018090711"
2018,9,7,3,12,5989,250,"20180907","2018090712"
2018,9,7,3,13,5990,250,"20180907","2018090713"
2018,9,7,3,14,5991,250,"20180907","2018090714"
2018,9,7,3,15,5992,250,"20180907","2018090715"
2018,9,7,3,16,5993,250,"20180907","2018090716"
2018,9,7,3,17,5994,250,"20180907","2018090717"
2018,9,7,3,18,5995,250,"20180907","2018090718"
2018,9,7,3,19,5996,250,"20180907","2018090719"
2018,9,7,3,20,5997,250,"20180907","2018090720"
2018,9,7,3,21,5998,250,"20180907","2018090721"
2018,9,7,3,22,5999,250,"20180907","2018090722"
2018,9,7,3,23,6000,250,"20180907","2018090723"
2018,9,8,4,0,6001,251,"20180908","2018090800"
2018,9,8,4,1,6002,251,"20180908","2018090801"
2018,9,8,4,2,6003,251,"20180908","2018090802"
2018,9,8,4,3,6004,251,"20180908","2018090803"
2018,9,8,4,4,6005,251,"20180908","2018090804"
2018,9,8,4,5,6006,251,"20180908","2018090805"
2018,9,8,4,6,6007,251,"20180908","2018090806"
2018,9,8,4,7,6008,251,"20180908","2018090807"
2018,9,8,4,8,6009,251,"20180908","2018090808"
2018,9,8,4,9,6010,251,"20180908","2018090809"
2018,9,8,4,10,6011,251,"20180908","2018090810"
2018,9,8,4,11,6012,251,"20180908","2018090811"
2018,9,8,4,12,6013,251,"20180908","2018090812"
2018,9,8,4,13,6014,251,"20180908","2018090813"
2018,9,8,4,14,6015,251,"20180908","2018090814"
2018,9,8,4,15,6016,251,"20180908","2018090815"
2018,9,8,4,16,6017,251,"20180908","2018090816"
2018,9,8,4,17,6018,251,"20180908","2018090817"
2018,9,8,4,18,6019,251,"20180908","2018090818"
2018,9,8,4,19,6020,251,"20180908","2018090819"
2018,9,8,4,20,6021,251,"20180908","2018090820"
2018,9,8,4,21,6022,251,"20180908","2018090821"
2018,9,8,4,22,6023,251,"20180908","2018090822"
2018,9,8,4,23,6024,251,"20180908","2018090823"
2018,9,9,5,0,6025,252,"20180909","2018090900"
2018,9,9,5,1,6026,252,"20180909","2018090901"
2018,9,9,5,2,6027,252,"20180909","2018090902"
2018,9,9,5,3,6028,252,"20180909","2018090903"
2018,9,9,5,4,6029,252,"20180909","2018090904"
2018,9,9,5,5,6030,252,"20180909","2018090905"
2018,9,9,5,6,6031,252,"20180909","2018090906"
2018,9,9,5,7,6032,252,"20180909","2018090907"
2018,9,9,5,8,6033,252,"20180909","2018090908"
2018,9,9,5,9,6034,252,"20180909","2018090909"
2018,9,9,5,10,6035,252,"20180909","2018090910"
2018,9,9,5,11,6036,252,"20180909","2018090911"
2018,9,9,5,12,6037,252,"20180909","2018090912"
2018,9,9,5,13,6038,252,"20180909","2018090913"
2018,9,9,5,14,6039,252,"20180909","2018090914"
2018,9,9,5,15,6040,252,"20180909","2018090915"
2018,9,9,5,16,6041,252,"20180909","2018090916"
2018,9,9,5,17,6042,252,"20180909","2018090917"
2018,9,9,5,18,6043,252,"20180909","2018090918"
2018,9,9,5,19,6044,252,"20180909","2018090919"
2018,9,9,5,20,6045,252,"20180909","2018090920"
2018,9,9,5,21,6046,252,"20180909","2018090921"
2018,9,9,5,22,6047,252,"20180909","2018090922"
2018,9,9,5,23,6048,252,"20180909","2018090923"
2018,9,10,6,0,6049,253,"20180910","2018091000"
2018,9,10,6,1,6050,253,"20180910","2018091001"
2018,9,10,6,2,6051,253,"20180910","2018091002"
2018,9,10,6,3,6052,253,"20180910","2018091003"
2018,9,10,6,4,6053,253,"20180910","2018091004"
2018,9,10,6,5,6054,253,"20180910","2018091005"
2018,9,10,6,6,6055,253,"20180910","2018091006"
2018,9,10,6,7,6056,253,"20180910","2018091007"
2018,9,10,6,8,6057,253,"20180910","2018091008"
2018,9,10,6,9,6058,253,"20180910","2018091009"
2018,9,10,6,10,6059,253,"20180910","2018091010"
2018,9,10,6,11,6060,253,"20180910","2018091011"
2018,9,10,6,12,6061,253,"20180910","2018091012"
2018,9,10,6,13,6062,253,"20180910","2018091013"
2018,9,10,6,14,6063,253,"20180910","2018091014"
2018,9,10,6,15,6064,253,"20180910","2018091015"
2018,9,10,6,16,6065,253,"20180910","2018091016"
2018,9,10,6,17,6066,253,"20180910","2018091017"
2018,9,10,6,18,6067,253,"20180910","2018091018"
2018,9,10,6,19,6068,253,"20180910","2018091019"
2018,9,10,6,20,6069,253,"20180910","2018091020"
2018,9,10,6,21,6070,253,"20180910","2018091021"
2018,9,10,6,22,6071,253,"20180910","2018091022"
2018,9,10,6,23,6072,253,"20180910","2018091023"
2018,9,11,7,0,6073,254,"20180911","2018091100"
2018,9,11,7,1,6074,254,"20180911","2018091101"
2018,9,11,7,2,6075,254,"20180911","2018091102"
2018,9,11,7,3,6076,254,"20180911","2018091103"
2018,9,11,7,4,6077,254,"20180911","2018091104"
2018,9,11,7,5,6078,254,"20180911","2018091105"
2018,9,11,7,6,6079,254,"20180911","2018091106"
2018,9,11,7,7,6080,254,"20180911","2018091107"
2018,9,11,7,8,6081,254,"20180911","2018091108"
2018,9,11,7,9,6082,254,"20180911","2018091109"
2018,9,11,7,10,6083,254,"20180911","2018091110"
2018,9,11,7,11,6084,254,"20180911","2018091111"
2018,9,11,7,12,6085,254,"20180911","2018091112"
2018,9,11,7,13,6086,254,"20180911","2018091113"
2018,9,11,7,14,6087,254,"20180911","2018091114"
2018,9,11,7,15,6088,254,"20180911","2018091115"
2018,9,11,7,16,6089,254,"20180911","2018091116"
2018,9,11,7,17,6090,254,"20180911","2018091117"
2018,9,11,7,18,6091,254,"20180911","2018091118"
2018,9,11,7,19,6092,254,"20180911","2018091119"
2018,9,11,7,20,6093,254,"20180911","2018091120"
2018,9,11,7,21,6094,254,"20180911","2018091121"
2018,9,11,7,22,6095,254,"20180911","2018091122"
2018,9,11,7,23,6096,254,"20180911","2018091123"
2018,9,12,1,0,6097,255,"20180912","2018091200"
2018,9,12,1,1,6098,255,"20180912","2018091201"
2018,9,12,1,2,6099,255,"20180912","2018091202"
2018,9,12,1,3,6100,255,"20180912","2018091203"
2018,9,12,1,4,6101,255,"20180912","2018091204"
2018,9,12,1,5,6102,255,"20180912","2018091205"
2018,9,12,1,6,6103,255,"20180912","2018091206"
2018,9,12,1,7,6104,255,"20180912","2018091207"
2018,9,12,1,8,6105,255,"20180912","2018091208"
2018,9,12,1,9,6106,255,"20180912","2018091209"
2018,9,12,1,10,6107,255,"20180912","2018091210"
2018,9,12,1,11,6108,255,"20180912","2018091211"
2018,9,12,1,12,6109,255,"20180912","2018091212"
2018,9,12,1,13,6110,255,"20180912","2018091213"
2018,9,12,1,14,6111,255,"20180912","2018091214"
2018,9,12,1,15,6112,255,"20180912","2018091215"
2018,9,12,1,16,6113,255,"20180912","2018091216"
2018,9,12,1,17,6114,255,"20180912","2018091217"
2018,9,12,1,18,6115,255,"20180912","2018091218"
2018,9,12,1,19,6116,255,"20180912","2018091219"
2018,9,12,1,20,6117,255,"20180912","2018091220"
2018,9,12,1,21,6118,255,"20180912","2018091221"
2018,9,12,1,22,6119,255,"20180912","2018091222"
2018,9,12,1,23,6120,255,"20180912","2018091223"
2018,9,13,2,0,6121,256,"20180913","2018091300"
2018,9,13,2,1,6122,256,"20180913","2018091301"
2018,9,13,2,2,6123,256,"20180913","2018091302"
2018,9,13,2,3,6124,256,"20180913","2018091303"
2018,9,13,2,4,6125,256,"20180913","2018091304"
2018,9,13,2,5,6126,256,"20180913","2018091305"
2018,9,13,2,6,6127,256,"20180913","2018091306"
2018,9,13,2,7,6128,256,"20180913","2018091307"
2018,9,13,2,8,6129,256,"20180913","2018091308"
2018,9,13,2,9,6130,256,"20180913","2018091309"
2018,9,13,2,10,6131,256,"20180913","2018091310"
2018,9,13,2,11,6132,256,"20180913","2018091311"
2018,9,13,2,12,6133,256,"20180913","2018091312"
2018,9,13,2,13,6134,256,"20180913","2018091313"
2018,9,13,2,14,6135,256,"20180913","2018091314"
2018,9,13,2,15,6136,256,"20180913","2018091315"
2018,9,13,2,16,6137,256,"20180913","2018091316"
2018,9,13,2,17,6138,256,"20180913","2018091317"
2018,9,13,2,18,6139,256,"20180913","2018091318"
2018,9,13,2,19,6140,256,"20180913","2018091319"
2018,9,13,2,20,6141,256,"20180913","2018091320"
2018,9,13,2,21,6142,256,"20180913","2018091321"
2018,9,13,2,22,6143,256,"20180913","2018091322"
2018,9,13,2,23,6144,256,"20180913","2018091323"
2018,9,14,3,0,6145,257,"20180914","2018091400"
2018,9,14,3,1,6146,257,"20180914","2018091401"
2018,9,14,3,2,6147,257,"20180914","2018091402"
2018,9,14,3,3,6148,257,"20180914","2018091403"
2018,9,14,3,4,6149,257,"20180914","2018091404"
2018,9,14,3,5,6150,257,"20180914","2018091405"
2018,9,14,3,6,6151,257,"20180914","2018091406"
2018,9,14,3,7,6152,257,"20180914","2018091407"
2018,9,14,3,8,6153,257,"20180914","2018091408"
2018,9,14,3,9,6154,257,"20180914","2018091409"
2018,9,14,3,10,6155,257,"20180914","2018091410"
2018,9,14,3,11,6156,257,"20180914","2018091411"
2018,9,14,3,12,6157,257,"20180914","2018091412"
2018,9,14,3,13,6158,257,"20180914","2018091413"
2018,9,14,3,14,6159,257,"20180914","2018091414"
2018,9,14,3,15,6160,257,"20180914","2018091415"
2018,9,14,3,16,6161,257,"20180914","2018091416"
2018,9,14,3,17,6162,257,"20180914","2018091417"
2018,9,14,3,18,6163,257,"20180914","2018091418"
2018,9,14,3,19,6164,257,"20180914","2018091419"
2018,9,14,3,20,6165,257,"20180914","2018091420"
2018,9,14,3,21,6166,257,"20180914","2018091421"
2018,9,14,3,22,6167,257,"20180914","2018091422"
2018,9,14,3,23,6168,257,"20180914","2018091423"
2018,9,15,4,0,6169,258,"20180915","2018091500"
2018,9,15,4,1,6170,258,"20180915","2018091501"
2018,9,15,4,2,6171,258,"20180915","2018091502"
2018,9,15,4,3,6172,258,"20180915","2018091503"
2018,9,15,4,4,6173,258,"20180915","2018091504"
2018,9,15,4,5,6174,258,"20180915","2018091505"
2018,9,15,4,6,6175,258,"20180915","2018091506"
2018,9,15,4,7,6176,258,"20180915","2018091507"
2018,9,15,4,8,6177,258,"20180915","2018091508"
2018,9,15,4,9,6178,258,"20180915","2018091509"
2018,9,15,4,10,6179,258,"20180915","2018091510"
2018,9,15,4,11,6180,258,"20180915","2018091511"
2018,9,15,4,12,6181,258,"20180915","2018091512"
2018,9,15,4,13,6182,258,"20180915","2018091513"
2018,9,15,4,14,6183,258,"20180915","2018091514"
2018,9,15,4,15,6184,258,"20180915","2018091515"
2018,9,15,4,16,6185,258,"20180915","2018091516"
2018,9,15,4,17,6186,258,"20180915","2018091517"
2018,9,15,4,18,6187,258,"20180915","2018091518"
2018,9,15,4,19,6188,258,"20180915","2018091519"
2018,9,15,4,20,6189,258,"20180915","2018091520"
2018,9,15,4,21,6190,258,"20180915","2018091521"
2018,9,15,4,22,6191,258,"20180915","2018091522"
2018,9,15,4,23,6192,258,"20180915","2018091523"
2018,9,16,5,0,6193,259,"20180916","2018091600"
2018,9,16,5,1,6194,259,"20180916","2018091601"
2018,9,16,5,2,6195,259,"20180916","2018091602"
2018,9,16,5,3,6196,259,"20180916","2018091603"
2018,9,16,5,4,6197,259,"20180916","2018091604"
2018,9,16,5,5,6198,259,"20180916","2018091605"
2018,9,16,5,6,6199,259,"20180916","2018091606"
2018,9,16,5,7,6200,259,"20180916","2018091607"
2018,9,16,5,8,6201,259,"20180916","2018091608"
2018,9,16,5,9,6202,259,"20180916","2018091609"
2018,9,16,5,10,6203,259,"20180916","2018091610"
2018,9,16,5,11,6204,259,"20180916","2018091611"
2018,9,16,5,12,6205,259,"20180916","2018091612"
2018,9,16,5,13,6206,259,"20180916","2018091613"
2018,9,16,5,14,6207,259,"20180916","2018091614"
2018,9,16,5,15,6208,259,"20180916","2018091615"
2018,9,16,5,16,6209,259,"20180916","2018091616"
2018,9,16,5,17,6210,259,"20180916","2018091617"
2018,9,16,5,18,6211,259,"20180916","2018091618"
2018,9,16,5,19,6212,259,"20180916","2018091619"
2018,9,16,5,20,6213,259,"20180916","2018091620"
2018,9,16,5,21,6214,259,"20180916","2018091621"
2018,9,16,5,22,6215,259,"20180916","2018091622"
2018,9,16,5,23,6216,259,"20180916","2018091623"
2018,9,17,6,0,6217,260,"20180917","2018091700"
2018,9,17,6,1,6218,260,"20180917","2018091701"
2018,9,17,6,2,6219,260,"20180917","2018091702"
2018,9,17,6,3,6220,260,"20180917","2018091703"
2018,9,17,6,4,6221,260,"20180917","2018091704"
2018,9,17,6,5,6222,260,"20180917","2018091705"
2018,9,17,6,6,6223,260,"20180917","2018091706"
2018,9,17,6,7,6224,260,"20180917","2018091707"
2018,9,17,6,8,6225,260,"20180917","2018091708"
2018,9,17,6,9,6226,260,"20180917","2018091709"
2018,9,17,6,10,6227,260,"20180917","2018091710"
2018,9,17,6,11,6228,260,"20180917","2018091711"
2018,9,17,6,12,6229,260,"20180917","2018091712"
2018,9,17,6,13,6230,260,"20180917","2018091713"
2018,9,17,6,14,6231,260,"20180917","2018091714"
2018,9,17,6,15,6232,260,"20180917","2018091715"
2018,9,17,6,16,6233,260,"20180917","2018091716"
2018,9,17,6,17,6234,260,"20180917","2018091717"
2018,9,17,6,18,6235,260,"20180917","2018091718"
2018,9,17,6,19,6236,260,"20180917","2018091719"
2018,9,17,6,20,6237,260,"20180917","2018091720"
2018,9,17,6,21,6238,260,"20180917","2018091721"
2018,9,17,6,22,6239,260,"20180917","2018091722"
2018,9,17,6,23,6240,260,"20180917","2018091723"
2018,9,18,7,0,6241,261,"20180918","2018091800"
2018,9,18,7,1,6242,261,"20180918","2018091801"
2018,9,18,7,2,6243,261,"20180918","2018091802"
2018,9,18,7,3,6244,261,"20180918","2018091803"
2018,9,18,7,4,6245,261,"20180918","2018091804"
2018,9,18,7,5,6246,261,"20180918","2018091805"
2018,9,18,7,6,6247,261,"20180918","2018091806"
2018,9,18,7,7,6248,261,"20180918","2018091807"
2018,9,18,7,8,6249,261,"20180918","2018091808"
2018,9,18,7,9,6250,261,"20180918","2018091809"
2018,9,18,7,10,6251,261,"20180918","2018091810"
2018,9,18,7,11,6252,261,"20180918","2018091811"
2018,9,18,7,12,6253,261,"20180918","2018091812"
2018,9,18,7,13,6254,261,"20180918","2018091813"
2018,9,18,7,14,6255,261,"20180918","2018091814"
2018,9,18,7,15,6256,261,"20180918","2018091815"
2018,9,18,7,16,6257,261,"20180918","2018091816"
2018,9,18,7,17,6258,261,"20180918","2018091817"
2018,9,18,7,18,6259,261,"20180918","2018091818"
2018,9,18,7,19,6260,261,"20180918","2018091819"
2018,9,18,7,20,6261,261,"20180918","2018091820"
2018,9,18,7,21,6262,261,"20180918","2018091821"
2018,9,18,7,22,6263,261,"20180918","2018091822"
2018,9,18,7,23,6264,261,"20180918","2018091823"
2018,9,19,1,0,6265,262,"20180919","2018091900"
2018,9,19,1,1,6266,262,"20180919","2018091901"
2018,9,19,1,2,6267,262,"20180919","2018091902"
2018,9,19,1,3,6268,262,"20180919","2018091903"
2018,9,19,1,4,6269,262,"20180919","2018091904"
2018,9,19,1,5,6270,262,"20180919","2018091905"
2018,9,19,1,6,6271,262,"20180919","2018091906"
2018,9,19,1,7,6272,262,"20180919","2018091907"
2018,9,19,1,8,6273,262,"20180919","2018091908"
2018,9,19,1,9,6274,262,"20180919","2018091909"
2018,9,19,1,10,6275,262,"20180919","2018091910"
2018,9,19,1,11,6276,262,"20180919","2018091911"
2018,9,19,1,12,6277,262,"20180919","2018091912"
2018,9,19,1,13,6278,262,"20180919","2018091913"
2018,9,19,1,14,6279,262,"20180919","2018091914"
2018,9,19,1,15,6280,262,"20180919","2018091915"
2018,9,19,1,16,6281,262,"20180919","2018091916"
2018,9,19,1,17,6282,262,"20180919","2018091917"
2018,9,19,1,18,6283,262,"20180919","2018091918"
2018,9,19,1,19,6284,262,"20180919","2018091919"
2018,9,19,1,20,6285,262,"20180919","2018091920"
2018,9,19,1,21,6286,262,"20180919","2018091921"
2018,9,19,1,22,6287,262,"20180919","2018091922"
2018,9,19,1,23,6288,262,"20180919","2018091923"
2018,9,20,2,0,6289,263,"20180920","2018092000"
2018,9,20,2,1,6290,263,"20180920","2018092001"
2018,9,20,2,2,6291,263,"20180920","2018092002"
2018,9,20,2,3,6292,263,"20180920","2018092003"
2018,9,20,2,4,6293,263,"20180920","2018092004"
2018,9,20,2,5,6294,263,"20180920","2018092005"
2018,9,20,2,6,6295,263,"20180920","2018092006"
2018,9,20,2,7,6296,263,"20180920","2018092007"
2018,9,20,2,8,6297,263,"20180920","2018092008"
2018,9,20,2,9,6298,263,"20180920","2018092009"
2018,9,20,2,10,6299,263,"20180920","2018092010"
2018,9,20,2,11,6300,263,"20180920","2018092011"
2018,9,20,2,12,6301,263,"20180920","2018092012"
2018,9,20,2,13,6302,263,"20180920","2018092013"
2018,9,20,2,14,6303,263,"20180920","2018092014"
2018,9,20,2,15,6304,263,"20180920","2018092015"
2018,9,20,2,16,6305,263,"20180920","2018092016"
2018,9,20,2,17,6306,263,"20180920","2018092017"
2018,9,20,2,18,6307,263,"20180920","2018092018"
2018,9,20,2,19,6308,263,"20180920","2018092019"
2018,9,20,2,20,6309,263,"20180920","2018092020"
2018,9,20,2,21,6310,263,"20180920","2018092021"
2018,9,20,2,22,6311,263,"20180920","2018092022"
2018,9,20,2,23,6312,263,"20180920","2018092023"
2018,9,21,3,0,6313,264,"20180921","2018092100"
2018,9,21,3,1,6314,264,"20180921","2018092101"
2018,9,21,3,2,6315,264,"20180921","2018092102"
2018,9,21,3,3,6316,264,"20180921","2018092103"
2018,9,21,3,4,6317,264,"20180921","2018092104"
2018,9,21,3,5,6318,264,"20180921","2018092105"
2018,9,21,3,6,6319,264,"20180921","2018092106"
2018,9,21,3,7,6320,264,"20180921","2018092107"
2018,9,21,3,8,6321,264,"20180921","2018092108"
2018,9,21,3,9,6322,264,"20180921","2018092109"
2018,9,21,3,10,6323,264,"20180921","2018092110"
2018,9,21,3,11,6324,264,"20180921","2018092111"
2018,9,21,3,12,6325,264,"20180921","2018092112"
2018,9,21,3,13,6326,264,"20180921","2018092113"
2018,9,21,3,14,6327,264,"20180921","2018092114"
2018,9,21,3,15,6328,264,"20180921","2018092115"
2018,9,21,3,16,6329,264,"20180921","2018092116"
2018,9,21,3,17,6330,264,"20180921","2018092117"
2018,9,21,3,18,6331,264,"20180921","2018092118"
2018,9,21,3,19,6332,264,"20180921","2018092119"
2018,9,21,3,20,6333,264,"20180921","2018092120"
2018,9,21,3,21,6334,264,"20180921","2018092121"
2018,9,21,3,22,6335,264,"20180921","2018092122"
2018,9,21,3,23,6336,264,"20180921","2018092123"
2018,9,22,4,0,6337,265,"20180922","2018092200"
2018,9,22,4,1,6338,265,"20180922","2018092201"
2018,9,22,4,2,6339,265,"20180922","2018092202"
2018,9,22,4,3,6340,265,"20180922","2018092203"
2018,9,22,4,4,6341,265,"20180922","2018092204"
2018,9,22,4,5,6342,265,"20180922","2018092205"
2018,9,22,4,6,6343,265,"20180922","2018092206"
2018,9,22,4,7,6344,265,"20180922","2018092207"
2018,9,22,4,8,6345,265,"20180922","2018092208"
2018,9,22,4,9,6346,265,"20180922","2018092209"
2018,9,22,4,10,6347,265,"20180922","2018092210"
2018,9,22,4,11,6348,265,"20180922","2018092211"
2018,9,22,4,12,6349,265,"20180922","2018092212"
2018,9,22,4,13,6350,265,"20180922","2018092213"
2018,9,22,4,14,6351,265,"20180922","2018092214"
2018,9,22,4,15,6352,265,"20180922","2018092215"
2018,9,22,4,16,6353,265,"20180922","2018092216"
2018,9,22,4,17,6354,265,"20180922","2018092217"
2018,9,22,4,18,6355,265,"20180922","2018092218"
2018,9,22,4,19,6356,265,"20180922","2018092219"
2018,9,22,4,20,6357,265,"20180922","2018092220"
2018,9,22,4,21,6358,265,"20180922","2018092221"
2018,9,22,4,22,6359,265,"20180922","2018092222"
2018,9,22,4,23,6360,265,"20180922","2018092223"
2018,9,23,5,0,6361,266,"20180923","2018092300"
2018,9,23,5,1,6362,266,"20180923","2018092301"
2018,9,23,5,2,6363,266,"20180923","2018092302"
2018,9,23,5,3,6364,266,"20180923","2018092303"
2018,9,23,5,4,6365,266,"20180923","2018092304"
2018,9,23,5,5,6366,266,"20180923","2018092305"
2018,9,23,5,6,6367,266,"20180923","2018092306"
2018,9,23,5,7,6368,266,"20180923","2018092307"
2018,9,23,5,8,6369,266,"20180923","2018092308"
2018,9,23,5,9,6370,266,"20180923","2018092309"
2018,9,23,5,10,6371,266,"20180923","2018092310"
2018,9,23,5,11,6372,266,"20180923","2018092311"
2018,9,23,5,12,6373,266,"20180923","2018092312"
2018,9,23,5,13,6374,266,"20180923","2018092313"
2018,9,23,5,14,6375,266,"20180923","2018092314"
2018,9,23,5,15,6376,266,"20180923","2018092315"
2018,9,23,5,16,6377,266,"20180923","2018092316"
2018,9,23,5,17,6378,266,"20180923","2018092317"
2018,9,23,5,18,6379,266,"20180923","2018092318"
2018,9,23,5,19,6380,266,"20180923","2018092319"
2018,9,23,5,20,6381,266,"20180923","2018092320"
2018,9,23,5,21,6382,266,"20180923","2018092321"
2018,9,23,5,22,6383,266,"20180923","2018092322"
2018,9,23,5,23,6384,266,"20180923","2018092323"
2018,9,24,6,0,6385,267,"20180924","2018092400"
2018,9,24,6,1,6386,267,"20180924","2018092401"
2018,9,24,6,2,6387,267,"20180924","2018092402"
2018,9,24,6,3,6388,267,"20180924","2018092403"
2018,9,24,6,4,6389,267,"20180924","2018092404"
2018,9,24,6,5,6390,267,"20180924","2018092405"
2018,9,24,6,6,6391,267,"20180924","2018092406"
2018,9,24,6,7,6392,267,"20180924","2018092407"
2018,9,24,6,8,6393,267,"20180924","2018092408"
2018,9,24,6,9,6394,267,"20180924","2018092409"
2018,9,24,6,10,6395,267,"20180924","2018092410"
2018,9,24,6,11,6396,267,"20180924","2018092411"
2018,9,24,6,12,6397,267,"20180924","2018092412"
2018,9,24,6,13,6398,267,"20180924","2018092413"
2018,9,24,6,14,6399,267,"20180924","2018092414"
2018,9,24,6,15,6400,267,"20180924","2018092415"
2018,9,24,6,16,6401,267,"20180924","2018092416"
2018,9,24,6,17,6402,267,"20180924","2018092417"
2018,9,24,6,18,6403,267,"20180924","2018092418"
2018,9,24,6,19,6404,267,"20180924","2018092419"
2018,9,24,6,20,6405,267,"20180924","2018092420"
2018,9,24,6,21,6406,267,"20180924","2018092421"
2018,9,24,6,22,6407,267,"20180924","2018092422"
2018,9,24,6,23,6408,267,"20180924","2018092423"
2018,9,25,7,0,6409,268,"20180925","2018092500"
2018,9,25,7,1,6410,268,"20180925","2018092501"
2018,9,25,7,2,6411,268,"20180925","2018092502"
2018,9,25,7,3,6412,268,"20180925","2018092503"
2018,9,25,7,4,6413,268,"20180925","2018092504"
2018,9,25,7,5,6414,268,"20180925","2018092505"
2018,9,25,7,6,6415,268,"20180925","2018092506"
2018,9,25,7,7,6416,268,"20180925","2018092507"
2018,9,25,7,8,6417,268,"20180925","2018092508"
2018,9,25,7,9,6418,268,"20180925","2018092509"
2018,9,25,7,10,6419,268,"20180925","2018092510"
2018,9,25,7,11,6420,268,"20180925","2018092511"
2018,9,25,7,12,6421,268,"20180925","2018092512"
2018,9,25,7,13,6422,268,"20180925","2018092513"
2018,9,25,7,14,6423,268,"20180925","2018092514"
2018,9,25,7,15,6424,268,"20180925","2018092515"
2018,9,25,7,16,6425,268,"20180925","2018092516"
2018,9,25,7,17,6426,268,"20180925","2018092517"
2018,9,25,7,18,6427,268,"20180925","2018092518"
2018,9,25,7,19,6428,268,"20180925","2018092519"
2018,9,25,7,20,6429,268,"20180925","2018092520"
2018,9,25,7,21,6430,268,"20180925","2018092521"
2018,9,25,7,22,6431,268,"20180925","2018092522"
2018,9,25,7,23,6432,268,"20180925","2018092523"
2018,9,26,1,0,6433,269,"20180926","2018092600"
2018,9,26,1,1,6434,269,"20180926","2018092601"
2018,9,26,1,2,6435,269,"20180926","2018092602"
2018,9,26,1,3,6436,269,"20180926","2018092603"
2018,9,26,1,4,6437,269,"20180926","2018092604"
2018,9,26,1,5,6438,269,"20180926","2018092605"
2018,9,26,1,6,6439,269,"20180926","2018092606"
2018,9,26,1,7,6440,269,"20180926","2018092607"
2018,9,26,1,8,6441,269,"20180926","2018092608"
2018,9,26,1,9,6442,269,"20180926","2018092609"
2018,9,26,1,10,6443,269,"20180926","2018092610"
2018,9,26,1,11,6444,269,"20180926","2018092611"
2018,9,26,1,12,6445,269,"20180926","2018092612"
2018,9,26,1,13,6446,269,"20180926","2018092613"
2018,9,26,1,14,6447,269,"20180926","2018092614"
2018,9,26,1,15,6448,269,"20180926","2018092615"
2018,9,26,1,16,6449,269,"20180926","2018092616"
2018,9,26,1,17,6450,269,"20180926","2018092617"
2018,9,26,1,18,6451,269,"20180926","2018092618"
2018,9,26,1,19,6452,269,"20180926","2018092619"
2018,9,26,1,20,6453,269,"20180926","2018092620"
2018,9,26,1,21,6454,269,"20180926","2018092621"
2018,9,26,1,22,6455,269,"20180926","2018092622"
2018,9,26,1,23,6456,269,"20180926","2018092623"
2018,9,27,2,0,6457,270,"20180927","2018092700"
2018,9,27,2,1,6458,270,"20180927","2018092701"
2018,9,27,2,2,6459,270,"20180927","2018092702"
2018,9,27,2,3,6460,270,"20180927","2018092703"
2018,9,27,2,4,6461,270,"20180927","2018092704"
2018,9,27,2,5,6462,270,"20180927","2018092705"
2018,9,27,2,6,6463,270,"20180927","2018092706"
2018,9,27,2,7,6464,270,"20180927","2018092707"
2018,9,27,2,8,6465,270,"20180927","2018092708"
2018,9,27,2,9,6466,270,"20180927","2018092709"
2018,9,27,2,10,6467,270,"20180927","2018092710"
2018,9,27,2,11,6468,270,"20180927","2018092711"
2018,9,27,2,12,6469,270,"20180927","2018092712"
2018,9,27,2,13,6470,270,"20180927","2018092713"
2018,9,27,2,14,6471,270,"20180927","2018092714"
2018,9,27,2,15,6472,270,"20180927","2018092715"
2018,9,27,2,16,6473,270,"20180927","2018092716"
2018,9,27,2,17,6474,270,"20180927","2018092717"
2018,9,27,2,18,6475,270,"20180927","2018092718"
2018,9,27,2,19,6476,270,"20180927","2018092719"
2018,9,27,2,20,6477,270,"20180927","2018092720"
2018,9,27,2,21,6478,270,"20180927","2018092721"
2018,9,27,2,22,6479,270,"20180927","2018092722"
2018,9,27,2,23,6480,270,"20180927","2018092723"
2018,9,28,3,0,6481,271,"20180928","2018092800"
2018,9,28,3,1,6482,271,"20180928","2018092801"
2018,9,28,3,2,6483,271,"20180928","2018092802"
2018,9,28,3,3,6484,271,"20180928","2018092803"
2018,9,28,3,4,6485,271,"20180928","2018092804"
2018,9,28,3,5,6486,271,"20180928","2018092805"
2018,9,28,3,6,6487,271,"20180928","2018092806"
2018,9,28,3,7,6488,271,"20180928","2018092807"
2018,9,28,3,8,6489,271,"20180928","2018092808"
2018,9,28,3,9,6490,271,"20180928","2018092809"
2018,9,28,3,10,6491,271,"20180928","2018092810"
2018,9,28,3,11,6492,271,"20180928","2018092811"
2018,9,28,3,12,6493,271,"20180928","2018092812"
2018,9,28,3,13,6494,271,"20180928","2018092813"
2018,9,28,3,14,6495,271,"20180928","2018092814"
2018,9,28,3,15,6496,271,"20180928","2018092815"
2018,9,28,3,16,6497,271,"20180928","2018092816"
2018,9,28,3,17,6498,271,"20180928","2018092817"
2018,9,28,3,18,6499,271,"20180928","2018092818"
2018,9,28,3,19,6500,271,"20180928","2018092819"
2018,9,28,3,20,6501,271,"20180928","2018092820"
2018,9,28,3,21,6502,271,"20180928","2018092821"
2018,9,28,3,22,6503,271,"20180928","2018092822"
2018,9,28,3,23,6504,271,"20180928","2018092823"
2018,9,29,4,0,6505,272,"20180929","2018092900"
2018,9,29,4,1,6506,272,"20180929","2018092901"
2018,9,29,4,2,6507,272,"20180929","2018092902"
2018,9,29,4,3,6508,272,"20180929","2018092903"
2018,9,29,4,4,6509,272,"20180929","2018092904"
2018,9,29,4,5,6510,272,"20180929","2018092905"
2018,9,29,4,6,6511,272,"20180929","2018092906"
2018,9,29,4,7,6512,272,"20180929","2018092907"
2018,9,29,4,8,6513,272,"20180929","2018092908"
2018,9,29,4,9,6514,272,"20180929","2018092909"
2018,9,29,4,10,6515,272,"20180929","2018092910"
2018,9,29,4,11,6516,272,"20180929","2018092911"
2018,9,29,4,12,6517,272,"20180929","2018092912"
2018,9,29,4,13,6518,272,"20180929","2018092913"
2018,9,29,4,14,6519,272,"20180929","2018092914"
2018,9,29,4,15,6520,272,"20180929","2018092915"
2018,9,29,4,16,6521,272,"20180929","2018092916"
2018,9,29,4,17,6522,272,"20180929","2018092917"
2018,9,29,4,18,6523,272,"20180929","2018092918"
2018,9,29,4,19,6524,272,"20180929","2018092919"
2018,9,29,4,20,6525,272,"20180929","2018092920"
2018,9,29,4,21,6526,272,"20180929","2018092921"
2018,9,29,4,22,6527,272,"20180929","2018092922"
2018,9,29,4,23,6528,272,"20180929","2018092923"
2018,9,30,5,0,6529,273,"20180930","2018093000"
2018,9,30,5,1,6530,273,"20180930","2018093001"
2018,9,30,5,2,6531,273,"20180930","2018093002"
2018,9,30,5,3,6532,273,"20180930","2018093003"
2018,9,30,5,4,6533,273,"20180930","2018093004"
2018,9,30,5,5,6534,273,"20180930","2018093005"
2018,9,30,5,6,6535,273,"20180930","2018093006"
2018,9,30,5,7,6536,273,"20180930","2018093007"
2018,9,30,5,8,6537,273,"20180930","2018093008"
2018,9,30,5,9,6538,273,"20180930","2018093009"
2018,9,30,5,10,6539,273,"20180930","2018093010"
2018,9,30,5,11,6540,273,"20180930","2018093011"
2018,9,30,5,12,6541,273,"20180930","2018093012"
2018,9,30,5,13,6542,273,"20180930","2018093013"
2018,9,30,5,14,6543,273,"20180930","2018093014"
2018,9,30,5,15,6544,273,"20180930","2018093015"
2018,9,30,5,16,6545,273,"20180930","2018093016"
2018,9,30,5,17,6546,273,"20180930","2018093017"
2018,9,30,5,18,6547,273,"20180930","2018093018"
2018,9,30,5,19,6548,273,"20180930","2018093019"
2018,9,30,5,20,6549,273,"20180930","2018093020"
2018,9,30,5,21,6550,273,"20180930","2018093021"
2018,9,30,5,22,6551,273,"20180930","2018093022"
2018,9,30,5,23,6552,273,"20180930","2018093023"
2018,10,1,6,0,6553,274,"20181001","2018100100"
2018,10,1,6,1,6554,274,"20181001","2018100101"
2018,10,1,6,2,6555,274,"20181001","2018100102"
2018,10,1,6,3,6556,274,"20181001","2018100103"
2018,10,1,6,4,6557,274,"20181001","2018100104"
2018,10,1,6,5,6558,274,"20181001","2018100105"
2018,10,1,6,6,6559,274,"20181001","2018100106"
2018,10,1,6,7,6560,274,"20181001","2018100107"
2018,10,1,6,8,6561,274,"20181001","2018100108"
2018,10,1,6,9,6562,274,"20181001","2018100109"
2018,10,1,6,10,6563,274,"20181001","2018100110"
2018,10,1,6,11,6564,274,"20181001","2018100111"
2018,10,1,6,12,6565,274,"20181001","2018100112"
2018,10,1,6,13,6566,274,"20181001","2018100113"
2018,10,1,6,14,6567,274,"20181001","2018100114"
2018,10,1,6,15,6568,274,"20181001","2018100115"
2018,10,1,6,16,6569,274,"20181001","2018100116"
2018,10,1,6,17,6570,274,"20181001","2018100117"
2018,10,1,6,18,6571,274,"20181001","2018100118"
2018,10,1,6,19,6572,274,"20181001","2018100119"
2018,10,1,6,20,6573,274,"20181001","2018100120"
2018,10,1,6,21,6574,274,"20181001","2018100121"
2018,10,1,6,22,6575,274,"20181001","2018100122"
2018,10,1,6,23,6576,274,"20181001","2018100123"
2018,10,2,7,0,6577,275,"20181002","2018100200"
2018,10,2,7,1,6578,275,"20181002","2018100201"
2018,10,2,7,2,6579,275,"20181002","2018100202"
2018,10,2,7,3,6580,275,"20181002","2018100203"
2018,10,2,7,4,6581,275,"20181002","2018100204"
2018,10,2,7,5,6582,275,"20181002","2018100205"
2018,10,2,7,6,6583,275,"20181002","2018100206"
2018,10,2,7,7,6584,275,"20181002","2018100207"
2018,10,2,7,8,6585,275,"20181002","2018100208"
2018,10,2,7,9,6586,275,"20181002","2018100209"
2018,10,2,7,10,6587,275,"20181002","2018100210"
2018,10,2,7,11,6588,275,"20181002","2018100211"
2018,10,2,7,12,6589,275,"20181002","2018100212"
2018,10,2,7,13,6590,275,"20181002","2018100213"
2018,10,2,7,14,6591,275,"20181002","2018100214"
2018,10,2,7,15,6592,275,"20181002","2018100215"
2018,10,2,7,16,6593,275,"20181002","2018100216"
2018,10,2,7,17,6594,275,"20181002","2018100217"
2018,10,2,7,18,6595,275,"20181002","2018100218"
2018,10,2,7,19,6596,275,"20181002","2018100219"
2018,10,2,7,20,6597,275,"20181002","2018100220"
2018,10,2,7,21,6598,275,"20181002","2018100221"
2018,10,2,7,22,6599,275,"20181002","2018100222"
2018,10,2,7,23,6600,275,"20181002","2018100223"
2018,10,3,1,0,6601,276,"20181003","2018100300"
2018,10,3,1,1,6602,276,"20181003","2018100301"
2018,10,3,1,2,6603,276,"20181003","2018100302"
2018,10,3,1,3,6604,276,"20181003","2018100303"
2018,10,3,1,4,6605,276,"20181003","2018100304"
2018,10,3,1,5,6606,276,"20181003","2018100305"
2018,10,3,1,6,6607,276,"20181003","2018100306"
2018,10,3,1,7,6608,276,"20181003","2018100307"
2018,10,3,1,8,6609,276,"20181003","2018100308"
2018,10,3,1,9,6610,276,"20181003","2018100309"
2018,10,3,1,10,6611,276,"20181003","2018100310"
2018,10,3,1,11,6612,276,"20181003","2018100311"
2018,10,3,1,12,6613,276,"20181003","2018100312"
2018,10,3,1,13,6614,276,"20181003","2018100313"
2018,10,3,1,14,6615,276,"20181003","2018100314"
2018,10,3,1,15,6616,276,"20181003","2018100315"
2018,10,3,1,16,6617,276,"20181003","2018100316"
2018,10,3,1,17,6618,276,"20181003","2018100317"
2018,10,3,1,18,6619,276,"20181003","2018100318"
2018,10,3,1,19,6620,276,"20181003","2018100319"
2018,10,3,1,20,6621,276,"20181003","2018100320"
2018,10,3,1,21,6622,276,"20181003","2018100321"
2018,10,3,1,22,6623,276,"20181003","2018100322"
2018,10,3,1,23,6624,276,"20181003","2018100323"
2018,10,4,2,0,6625,277,"20181004","2018100400"
2018,10,4,2,1,6626,277,"20181004","2018100401"
2018,10,4,2,2,6627,277,"20181004","2018100402"
2018,10,4,2,3,6628,277,"20181004","2018100403"
2018,10,4,2,4,6629,277,"20181004","2018100404"
2018,10,4,2,5,6630,277,"20181004","2018100405"
2018,10,4,2,6,6631,277,"20181004","2018100406"
2018,10,4,2,7,6632,277,"20181004","2018100407"
2018,10,4,2,8,6633,277,"20181004","2018100408"
2018,10,4,2,9,6634,277,"20181004","2018100409"
2018,10,4,2,10,6635,277,"20181004","2018100410"
2018,10,4,2,11,6636,277,"20181004","2018100411"
2018,10,4,2,12,6637,277,"20181004","2018100412"
2018,10,4,2,13,6638,277,"20181004","2018100413"
2018,10,4,2,14,6639,277,"20181004","2018100414"
2018,10,4,2,15,6640,277,"20181004","2018100415"
2018,10,4,2,16,6641,277,"20181004","2018100416"
2018,10,4,2,17,6642,277,"20181004","2018100417"
2018,10,4,2,18,6643,277,"20181004","2018100418"
2018,10,4,2,19,6644,277,"20181004","2018100419"
2018,10,4,2,20,6645,277,"20181004","2018100420"
2018,10,4,2,21,6646,277,"20181004","2018100421"
2018,10,4,2,22,6647,277,"20181004","2018100422"
2018,10,4,2,23,6648,277,"20181004","2018100423"
2018,10,5,3,0,6649,278,"20181005","2018100500"
2018,10,5,3,1,6650,278,"20181005","2018100501"
2018,10,5,3,2,6651,278,"20181005","2018100502"
2018,10,5,3,3,6652,278,"20181005","2018100503"
2018,10,5,3,4,6653,278,"20181005","2018100504"
2018,10,5,3,5,6654,278,"20181005","2018100505"
2018,10,5,3,6,6655,278,"20181005","2018100506"
2018,10,5,3,7,6656,278,"20181005","2018100507"
2018,10,5,3,8,6657,278,"20181005","2018100508"
2018,10,5,3,9,6658,278,"20181005","2018100509"
2018,10,5,3,10,6659,278,"20181005","2018100510"
2018,10,5,3,11,6660,278,"20181005","2018100511"
2018,10,5,3,12,6661,278,"20181005","2018100512"
2018,10,5,3,13,6662,278,"20181005","2018100513"
2018,10,5,3,14,6663,278,"20181005","2018100514"
2018,10,5,3,15,6664,278,"20181005","2018100515"
2018,10,5,3,16,6665,278,"20181005","2018100516"
2018,10,5,3,17,6666,278,"20181005","2018100517"
2018,10,5,3,18,6667,278,"20181005","2018100518"
2018,10,5,3,19,6668,278,"20181005","2018100519"
2018,10,5,3,20,6669,278,"20181005","2018100520"
2018,10,5,3,21,6670,278,"20181005","2018100521"
2018,10,5,3,22,6671,278,"20181005","2018100522"
2018,10,5,3,23,6672,278,"20181005","2018100523"
2018,10,6,4,0,6673,279,"20181006","2018100600"
2018,10,6,4,1,6674,279,"20181006","2018100601"
2018,10,6,4,2,6675,279,"20181006","2018100602"
2018,10,6,4,3,6676,279,"20181006","2018100603"
2018,10,6,4,4,6677,279,"20181006","2018100604"
2018,10,6,4,5,6678,279,"20181006","2018100605"
2018,10,6,4,6,6679,279,"20181006","2018100606"
2018,10,6,4,7,6680,279,"20181006","2018100607"
2018,10,6,4,8,6681,279,"20181006","2018100608"
2018,10,6,4,9,6682,279,"20181006","2018100609"
2018,10,6,4,10,6683,279,"20181006","2018100610"
2018,10,6,4,11,6684,279,"20181006","2018100611"
2018,10,6,4,12,6685,279,"20181006","2018100612"
2018,10,6,4,13,6686,279,"20181006","2018100613"
2018,10,6,4,14,6687,279,"20181006","2018100614"
2018,10,6,4,15,6688,279,"20181006","2018100615"
2018,10,6,4,16,6689,279,"20181006","2018100616"
2018,10,6,4,17,6690,279,"20181006","2018100617"
2018,10,6,4,18,6691,279,"20181006","2018100618"
2018,10,6,4,19,6692,279,"20181006","2018100619"
2018,10,6,4,20,6693,279,"20181006","2018100620"
2018,10,6,4,21,6694,279,"20181006","2018100621"
2018,10,6,4,22,6695,279,"20181006","2018100622"
2018,10,6,4,23,6696,279,"20181006","2018100623"
2018,10,7,5,0,6697,280,"20181007","2018100700"
2018,10,7,5,1,6698,280,"20181007","2018100701"
2018,10,7,5,2,6699,280,"20181007","2018100702"
2018,10,7,5,3,6700,280,"20181007","2018100703"
2018,10,7,5,4,6701,280,"20181007","2018100704"
2018,10,7,5,5,6702,280,"20181007","2018100705"
2018,10,7,5,6,6703,280,"20181007","2018100706"
2018,10,7,5,7,6704,280,"20181007","2018100707"
2018,10,7,5,8,6705,280,"20181007","2018100708"
2018,10,7,5,9,6706,280,"20181007","2018100709"
2018,10,7,5,10,6707,280,"20181007","2018100710"
2018,10,7,5,11,6708,280,"20181007","2018100711"
2018,10,7,5,12,6709,280,"20181007","2018100712"
2018,10,7,5,13,6710,280,"20181007","2018100713"
2018,10,7,5,14,6711,280,"20181007","2018100714"
2018,10,7,5,15,6712,280,"20181007","2018100715"
2018,10,7,5,16,6713,280,"20181007","2018100716"
2018,10,7,5,17,6714,280,"20181007","2018100717"
2018,10,7,5,18,6715,280,"20181007","2018100718"
2018,10,7,5,19,6716,280,"20181007","2018100719"
2018,10,7,5,20,6717,280,"20181007","2018100720"
2018,10,7,5,21,6718,280,"20181007","2018100721"
2018,10,7,5,22,6719,280,"20181007","2018100722"
2018,10,7,5,23,6720,280,"20181007","2018100723"
2018,10,8,6,0,6721,281,"20181008","2018100800"
2018,10,8,6,1,6722,281,"20181008","2018100801"
2018,10,8,6,2,6723,281,"20181008","2018100802"
2018,10,8,6,3,6724,281,"20181008","2018100803"
2018,10,8,6,4,6725,281,"20181008","2018100804"
2018,10,8,6,5,6726,281,"20181008","2018100805"
2018,10,8,6,6,6727,281,"20181008","2018100806"
2018,10,8,6,7,6728,281,"20181008","2018100807"
2018,10,8,6,8,6729,281,"20181008","2018100808"
2018,10,8,6,9,6730,281,"20181008","2018100809"
2018,10,8,6,10,6731,281,"20181008","2018100810"
2018,10,8,6,11,6732,281,"20181008","2018100811"
2018,10,8,6,12,6733,281,"20181008","2018100812"
2018,10,8,6,13,6734,281,"20181008","2018100813"
2018,10,8,6,14,6735,281,"20181008","2018100814"
2018,10,8,6,15,6736,281,"20181008","2018100815"
2018,10,8,6,16,6737,281,"20181008","2018100816"
2018,10,8,6,17,6738,281,"20181008","2018100817"
2018,10,8,6,18,6739,281,"20181008","2018100818"
2018,10,8,6,19,6740,281,"20181008","2018100819"
2018,10,8,6,20,6741,281,"20181008","2018100820"
2018,10,8,6,21,6742,281,"20181008","2018100821"
2018,10,8,6,22,6743,281,"20181008","2018100822"
2018,10,8,6,23,6744,281,"20181008","2018100823"
2018,10,9,7,0,6745,282,"20181009","2018100900"
2018,10,9,7,1,6746,282,"20181009","2018100901"
2018,10,9,7,2,6747,282,"20181009","2018100902"
2018,10,9,7,3,6748,282,"20181009","2018100903"
2018,10,9,7,4,6749,282,"20181009","2018100904"
2018,10,9,7,5,6750,282,"20181009","2018100905"
2018,10,9,7,6,6751,282,"20181009","2018100906"
2018,10,9,7,7,6752,282,"20181009","2018100907"
2018,10,9,7,8,6753,282,"20181009","2018100908"
2018,10,9,7,9,6754,282,"20181009","2018100909"
2018,10,9,7,10,6755,282,"20181009","2018100910"
2018,10,9,7,11,6756,282,"20181009","2018100911"
2018,10,9,7,12,6757,282,"20181009","2018100912"
2018,10,9,7,13,6758,282,"20181009","2018100913"
2018,10,9,7,14,6759,282,"20181009","2018100914"
2018,10,9,7,15,6760,282,"20181009","2018100915"
2018,10,9,7,16,6761,282,"20181009","2018100916"
2018,10,9,7,17,6762,282,"20181009","2018100917"
2018,10,9,7,18,6763,282,"20181009","2018100918"
2018,10,9,7,19,6764,282,"20181009","2018100919"
2018,10,9,7,20,6765,282,"20181009","2018100920"
2018,10,9,7,21,6766,282,"20181009","2018100921"
2018,10,9,7,22,6767,282,"20181009","2018100922"
2018,10,9,7,23,6768,282,"20181009","2018100923"
2018,10,10,1,0,6769,283,"20181010","2018101000"
2018,10,10,1,1,6770,283,"20181010","2018101001"
2018,10,10,1,2,6771,283,"20181010","2018101002"
2018,10,10,1,3,6772,283,"20181010","2018101003"
2018,10,10,1,4,6773,283,"20181010","2018101004"
2018,10,10,1,5,6774,283,"20181010","2018101005"
2018,10,10,1,6,6775,283,"20181010","2018101006"
2018,10,10,1,7,6776,283,"20181010","2018101007"
2018,10,10,1,8,6777,283,"20181010","2018101008"
2018,10,10,1,9,6778,283,"20181010","2018101009"
2018,10,10,1,10,6779,283,"20181010","2018101010"
2018,10,10,1,11,6780,283,"20181010","2018101011"
2018,10,10,1,12,6781,283,"20181010","2018101012"
2018,10,10,1,13,6782,283,"20181010","2018101013"
2018,10,10,1,14,6783,283,"20181010","2018101014"
2018,10,10,1,15,6784,283,"20181010","2018101015"
2018,10,10,1,16,6785,283,"20181010","2018101016"
2018,10,10,1,17,6786,283,"20181010","2018101017"
2018,10,10,1,18,6787,283,"20181010","2018101018"
2018,10,10,1,19,6788,283,"20181010","2018101019"
2018,10,10,1,20,6789,283,"20181010","2018101020"
2018,10,10,1,21,6790,283,"20181010","2018101021"
2018,10,10,1,22,6791,283,"20181010","2018101022"
2018,10,10,1,23,6792,283,"20181010","2018101023"
2018,10,11,2,0,6793,284,"20181011","2018101100"
2018,10,11,2,1,6794,284,"20181011","2018101101"
2018,10,11,2,2,6795,284,"20181011","2018101102"
2018,10,11,2,3,6796,284,"20181011","2018101103"
2018,10,11,2,4,6797,284,"20181011","2018101104"
2018,10,11,2,5,6798,284,"20181011","2018101105"
2018,10,11,2,6,6799,284,"20181011","2018101106"
2018,10,11,2,7,6800,284,"20181011","2018101107"
2018,10,11,2,8,6801,284,"20181011","2018101108"
2018,10,11,2,9,6802,284,"20181011","2018101109"
2018,10,11,2,10,6803,284,"20181011","2018101110"
2018,10,11,2,11,6804,284,"20181011","2018101111"
2018,10,11,2,12,6805,284,"20181011","2018101112"
2018,10,11,2,13,6806,284,"20181011","2018101113"
2018,10,11,2,14,6807,284,"20181011","2018101114"
2018,10,11,2,15,6808,284,"20181011","2018101115"
2018,10,11,2,16,6809,284,"20181011","2018101116"
2018,10,11,2,17,6810,284,"20181011","2018101117"
2018,10,11,2,18,6811,284,"20181011","2018101118"
2018,10,11,2,19,6812,284,"20181011","2018101119"
2018,10,11,2,20,6813,284,"20181011","2018101120"
2018,10,11,2,21,6814,284,"20181011","2018101121"
2018,10,11,2,22,6815,284,"20181011","2018101122"
2018,10,11,2,23,6816,284,"20181011","2018101123"
2018,10,12,3,0,6817,285,"20181012","2018101200"
2018,10,12,3,1,6818,285,"20181012","2018101201"
2018,10,12,3,2,6819,285,"20181012","2018101202"
2018,10,12,3,3,6820,285,"20181012","2018101203"
2018,10,12,3,4,6821,285,"20181012","2018101204"
2018,10,12,3,5,6822,285,"20181012","2018101205"
2018,10,12,3,6,6823,285,"20181012","2018101206"
2018,10,12,3,7,6824,285,"20181012","2018101207"
2018,10,12,3,8,6825,285,"20181012","2018101208"
2018,10,12,3,9,6826,285,"20181012","2018101209"
2018,10,12,3,10,6827,285,"20181012","2018101210"
2018,10,12,3,11,6828,285,"20181012","2018101211"
2018,10,12,3,12,6829,285,"20181012","2018101212"
2018,10,12,3,13,6830,285,"20181012","2018101213"
2018,10,12,3,14,6831,285,"20181012","2018101214"
2018,10,12,3,15,6832,285,"20181012","2018101215"
2018,10,12,3,16,6833,285,"20181012","2018101216"
2018,10,12,3,17,6834,285,"20181012","2018101217"
2018,10,12,3,18,6835,285,"20181012","2018101218"
2018,10,12,3,19,6836,285,"20181012","2018101219"
2018,10,12,3,20,6837,285,"20181012","2018101220"
2018,10,12,3,21,6838,285,"20181012","2018101221"
2018,10,12,3,22,6839,285,"20181012","2018101222"
2018,10,12,3,23,6840,285,"20181012","2018101223"
2018,10,13,4,0,6841,286,"20181013","2018101300"
2018,10,13,4,1,6842,286,"20181013","2018101301"
2018,10,13,4,2,6843,286,"20181013","2018101302"
2018,10,13,4,3,6844,286,"20181013","2018101303"
2018,10,13,4,4,6845,286,"20181013","2018101304"
2018,10,13,4,5,6846,286,"20181013","2018101305"
2018,10,13,4,6,6847,286,"20181013","2018101306"
2018,10,13,4,7,6848,286,"20181013","2018101307"
2018,10,13,4,8,6849,286,"20181013","2018101308"
2018,10,13,4,9,6850,286,"20181013","2018101309"
2018,10,13,4,10,6851,286,"20181013","2018101310"
2018,10,13,4,11,6852,286,"20181013","2018101311"
2018,10,13,4,12,6853,286,"20181013","2018101312"
2018,10,13,4,13,6854,286,"20181013","2018101313"
2018,10,13,4,14,6855,286,"20181013","2018101314"
2018,10,13,4,15,6856,286,"20181013","2018101315"
2018,10,13,4,16,6857,286,"20181013","2018101316"
2018,10,13,4,17,6858,286,"20181013","2018101317"
2018,10,13,4,18,6859,286,"20181013","2018101318"
2018,10,13,4,19,6860,286,"20181013","2018101319"
2018,10,13,4,20,6861,286,"20181013","2018101320"
2018,10,13,4,21,6862,286,"20181013","2018101321"
2018,10,13,4,22,6863,286,"20181013","2018101322"
2018,10,13,4,23,6864,286,"20181013","2018101323"
2018,10,14,5,0,6865,287,"20181014","2018101400"
2018,10,14,5,1,6866,287,"20181014","2018101401"
2018,10,14,5,2,6867,287,"20181014","2018101402"
2018,10,14,5,3,6868,287,"20181014","2018101403"
2018,10,14,5,4,6869,287,"20181014","2018101404"
2018,10,14,5,5,6870,287,"20181014","2018101405"
2018,10,14,5,6,6871,287,"20181014","2018101406"
2018,10,14,5,7,6872,287,"20181014","2018101407"
2018,10,14,5,8,6873,287,"20181014","2018101408"
2018,10,14,5,9,6874,287,"20181014","2018101409"
2018,10,14,5,10,6875,287,"20181014","2018101410"
2018,10,14,5,11,6876,287,"20181014","2018101411"
2018,10,14,5,12,6877,287,"20181014","2018101412"
2018,10,14,5,13,6878,287,"20181014","2018101413"
2018,10,14,5,14,6879,287,"20181014","2018101414"
2018,10,14,5,15,6880,287,"20181014","2018101415"
2018,10,14,5,16,6881,287,"20181014","2018101416"
2018,10,14,5,17,6882,287,"20181014","2018101417"
2018,10,14,5,18,6883,287,"20181014","2018101418"
2018,10,14,5,19,6884,287,"20181014","2018101419"
2018,10,14,5,20,6885,287,"20181014","2018101420"
2018,10,14,5,21,6886,287,"20181014","2018101421"
2018,10,14,5,22,6887,287,"20181014","2018101422"
2018,10,14,5,23,6888,287,"20181014","2018101423"
2018,10,15,6,0,6889,288,"20181015","2018101500"
2018,10,15,6,1,6890,288,"20181015","2018101501"
2018,10,15,6,2,6891,288,"20181015","2018101502"
2018,10,15,6,3,6892,288,"20181015","2018101503"
2018,10,15,6,4,6893,288,"20181015","2018101504"
2018,10,15,6,5,6894,288,"20181015","2018101505"
2018,10,15,6,6,6895,288,"20181015","2018101506"
2018,10,15,6,7,6896,288,"20181015","2018101507"
2018,10,15,6,8,6897,288,"20181015","2018101508"
2018,10,15,6,9,6898,288,"20181015","2018101509"
2018,10,15,6,10,6899,288,"20181015","2018101510"
2018,10,15,6,11,6900,288,"20181015","2018101511"
2018,10,15,6,12,6901,288,"20181015","2018101512"
2018,10,15,6,13,6902,288,"20181015","2018101513"
2018,10,15,6,14,6903,288,"20181015","2018101514"
2018,10,15,6,15,6904,288,"20181015","2018101515"
2018,10,15,6,16,6905,288,"20181015","2018101516"
2018,10,15,6,17,6906,288,"20181015","2018101517"
2018,10,15,6,18,6907,288,"20181015","2018101518"
2018,10,15,6,19,6908,288,"20181015","2018101519"
2018,10,15,6,20,6909,288,"20181015","2018101520"
2018,10,15,6,21,6910,288,"20181015","2018101521"
2018,10,15,6,22,6911,288,"20181015","2018101522"
2018,10,15,6,23,6912,288,"20181015","2018101523"
2018,10,16,7,0,6913,289,"20181016","2018101600"
2018,10,16,7,1,6914,289,"20181016","2018101601"
2018,10,16,7,2,6915,289,"20181016","2018101602"
2018,10,16,7,3,6916,289,"20181016","2018101603"
2018,10,16,7,4,6917,289,"20181016","2018101604"
2018,10,16,7,5,6918,289,"20181016","2018101605"
2018,10,16,7,6,6919,289,"20181016","2018101606"
2018,10,16,7,7,6920,289,"20181016","2018101607"
2018,10,16,7,8,6921,289,"20181016","2018101608"
2018,10,16,7,9,6922,289,"20181016","2018101609"
2018,10,16,7,10,6923,289,"20181016","2018101610"
2018,10,16,7,11,6924,289,"20181016","2018101611"
2018,10,16,7,12,6925,289,"20181016","2018101612"
2018,10,16,7,13,6926,289,"20181016","2018101613"
2018,10,16,7,14,6927,289,"20181016","2018101614"
2018,10,16,7,15,6928,289,"20181016","2018101615"
2018,10,16,7,16,6929,289,"20181016","2018101616"
2018,10,16,7,17,6930,289,"20181016","2018101617"
2018,10,16,7,18,6931,289,"20181016","2018101618"
2018,10,16,7,19,6932,289,"20181016","2018101619"
2018,10,16,7,20,6933,289,"20181016","2018101620"
2018,10,16,7,21,6934,289,"20181016","2018101621"
2018,10,16,7,22,6935,289,"20181016","2018101622"
2018,10,16,7,23,6936,289,"20181016","2018101623"
2018,10,17,1,0,6937,290,"20181017","2018101700"
2018,10,17,1,1,6938,290,"20181017","2018101701"
2018,10,17,1,2,6939,290,"20181017","2018101702"
2018,10,17,1,3,6940,290,"20181017","2018101703"
2018,10,17,1,4,6941,290,"20181017","2018101704"
2018,10,17,1,5,6942,290,"20181017","2018101705"
2018,10,17,1,6,6943,290,"20181017","2018101706"
2018,10,17,1,7,6944,290,"20181017","2018101707"
2018,10,17,1,8,6945,290,"20181017","2018101708"
2018,10,17,1,9,6946,290,"20181017","2018101709"
2018,10,17,1,10,6947,290,"20181017","2018101710"
2018,10,17,1,11,6948,290,"20181017","2018101711"
2018,10,17,1,12,6949,290,"20181017","2018101712"
2018,10,17,1,13,6950,290,"20181017","2018101713"
2018,10,17,1,14,6951,290,"20181017","2018101714"
2018,10,17,1,15,6952,290,"20181017","2018101715"
2018,10,17,1,16,6953,290,"20181017","2018101716"
2018,10,17,1,17,6954,290,"20181017","2018101717"
2018,10,17,1,18,6955,290,"20181017","2018101718"
2018,10,17,1,19,6956,290,"20181017","2018101719"
2018,10,17,1,20,6957,290,"20181017","2018101720"
2018,10,17,1,21,6958,290,"20181017","2018101721"
2018,10,17,1,22,6959,290,"20181017","2018101722"
2018,10,17,1,23,6960,290,"20181017","2018101723"
2018,10,18,2,0,6961,291,"20181018","2018101800"
2018,10,18,2,1,6962,291,"20181018","2018101801"
2018,10,18,2,2,6963,291,"20181018","2018101802"
2018,10,18,2,3,6964,291,"20181018","2018101803"
2018,10,18,2,4,6965,291,"20181018","2018101804"
2018,10,18,2,5,6966,291,"20181018","2018101805"
2018,10,18,2,6,6967,291,"20181018","2018101806"
2018,10,18,2,7,6968,291,"20181018","2018101807"
2018,10,18,2,8,6969,291,"20181018","2018101808"
2018,10,18,2,9,6970,291,"20181018","2018101809"
2018,10,18,2,10,6971,291,"20181018","2018101810"
2018,10,18,2,11,6972,291,"20181018","2018101811"
2018,10,18,2,12,6973,291,"20181018","2018101812"
2018,10,18,2,13,6974,291,"20181018","2018101813"
2018,10,18,2,14,6975,291,"20181018","2018101814"
2018,10,18,2,15,6976,291,"20181018","2018101815"
2018,10,18,2,16,6977,291,"20181018","2018101816"
2018,10,18,2,17,6978,291,"20181018","2018101817"
2018,10,18,2,18,6979,291,"20181018","2018101818"
2018,10,18,2,19,6980,291,"20181018","2018101819"
2018,10,18,2,20,6981,291,"20181018","2018101820"
2018,10,18,2,21,6982,291,"20181018","2018101821"
2018,10,18,2,22,6983,291,"20181018","2018101822"
2018,10,18,2,23,6984,291,"20181018","2018101823"
2018,10,19,3,0,6985,292,"20181019","2018101900"
2018,10,19,3,1,6986,292,"20181019","2018101901"
2018,10,19,3,2,6987,292,"20181019","2018101902"
2018,10,19,3,3,6988,292,"20181019","2018101903"
2018,10,19,3,4,6989,292,"20181019","2018101904"
2018,10,19,3,5,6990,292,"20181019","2018101905"
2018,10,19,3,6,6991,292,"20181019","2018101906"
2018,10,19,3,7,6992,292,"20181019","2018101907"
2018,10,19,3,8,6993,292,"20181019","2018101908"
2018,10,19,3,9,6994,292,"20181019","2018101909"
2018,10,19,3,10,6995,292,"20181019","2018101910"
2018,10,19,3,11,6996,292,"20181019","2018101911"
2018,10,19,3,12,6997,292,"20181019","2018101912"
2018,10,19,3,13,6998,292,"20181019","2018101913"
2018,10,19,3,14,6999,292,"20181019","2018101914"
2018,10,19,3,15,7000,292,"20181019","2018101915"
2018,10,19,3,16,7001,292,"20181019","2018101916"
2018,10,19,3,17,7002,292,"20181019","2018101917"
2018,10,19,3,18,7003,292,"20181019","2018101918"
2018,10,19,3,19,7004,292,"20181019","2018101919"
2018,10,19,3,20,7005,292,"20181019","2018101920"
2018,10,19,3,21,7006,292,"20181019","2018101921"
2018,10,19,3,22,7007,292,"20181019","2018101922"
2018,10,19,3,23,7008,292,"20181019","2018101923"
2018,10,20,4,0,7009,293,"20181020","2018102000"
2018,10,20,4,1,7010,293,"20181020","2018102001"
2018,10,20,4,2,7011,293,"20181020","2018102002"
2018,10,20,4,3,7012,293,"20181020","2018102003"
2018,10,20,4,4,7013,293,"20181020","2018102004"
2018,10,20,4,5,7014,293,"20181020","2018102005"
2018,10,20,4,6,7015,293,"20181020","2018102006"
2018,10,20,4,7,7016,293,"20181020","2018102007"
2018,10,20,4,8,7017,293,"20181020","2018102008"
2018,10,20,4,9,7018,293,"20181020","2018102009"
2018,10,20,4,10,7019,293,"20181020","2018102010"
2018,10,20,4,11,7020,293,"20181020","2018102011"
2018,10,20,4,12,7021,293,"20181020","2018102012"
2018,10,20,4,13,7022,293,"20181020","2018102013"
2018,10,20,4,14,7023,293,"20181020","2018102014"
2018,10,20,4,15,7024,293,"20181020","2018102015"
2018,10,20,4,16,7025,293,"20181020","2018102016"
2018,10,20,4,17,7026,293,"20181020","2018102017"
2018,10,20,4,18,7027,293,"20181020","2018102018"
2018,10,20,4,19,7028,293,"20181020","2018102019"
2018,10,20,4,20,7029,293,"20181020","2018102020"
2018,10,20,4,21,7030,293,"20181020","2018102021"
2018,10,20,4,22,7031,293,"20181020","2018102022"
2018,10,20,4,23,7032,293,"20181020","2018102023"
2018,10,21,5,0,7033,294,"20181021","2018102100"
2018,10,21,5,1,7034,294,"20181021","2018102101"
2018,10,21,5,2,7035,294,"20181021","2018102102"
2018,10,21,5,3,7036,294,"20181021","2018102103"
2018,10,21,5,4,7037,294,"20181021","2018102104"
2018,10,21,5,5,7038,294,"20181021","2018102105"
2018,10,21,5,6,7039,294,"20181021","2018102106"
2018,10,21,5,7,7040,294,"20181021","2018102107"
2018,10,21,5,8,7041,294,"20181021","2018102108"
2018,10,21,5,9,7042,294,"20181021","2018102109"
2018,10,21,5,10,7043,294,"20181021","2018102110"
2018,10,21,5,11,7044,294,"20181021","2018102111"
2018,10,21,5,12,7045,294,"20181021","2018102112"
2018,10,21,5,13,7046,294,"20181021","2018102113"
2018,10,21,5,14,7047,294,"20181021","2018102114"
2018,10,21,5,15,7048,294,"20181021","2018102115"
2018,10,21,5,16,7049,294,"20181021","2018102116"
2018,10,21,5,17,7050,294,"20181021","2018102117"
2018,10,21,5,18,7051,294,"20181021","2018102118"
2018,10,21,5,19,7052,294,"20181021","2018102119"
2018,10,21,5,20,7053,294,"20181021","2018102120"
2018,10,21,5,21,7054,294,"20181021","2018102121"
2018,10,21,5,22,7055,294,"20181021","2018102122"
2018,10,21,5,23,7056,294,"20181021","2018102123"
2018,10,22,6,0,7057,295,"20181022","2018102200"
2018,10,22,6,1,7058,295,"20181022","2018102201"
2018,10,22,6,2,7059,295,"20181022","2018102202"
2018,10,22,6,3,7060,295,"20181022","2018102203"
2018,10,22,6,4,7061,295,"20181022","2018102204"
2018,10,22,6,5,7062,295,"20181022","2018102205"
2018,10,22,6,6,7063,295,"20181022","2018102206"
2018,10,22,6,7,7064,295,"20181022","2018102207"
2018,10,22,6,8,7065,295,"20181022","2018102208"
2018,10,22,6,9,7066,295,"20181022","2018102209"
2018,10,22,6,10,7067,295,"20181022","2018102210"
2018,10,22,6,11,7068,295,"20181022","2018102211"
2018,10,22,6,12,7069,295,"20181022","2018102212"
2018,10,22,6,13,7070,295,"20181022","2018102213"
2018,10,22,6,14,7071,295,"20181022","2018102214"
2018,10,22,6,15,7072,295,"20181022","2018102215"
2018,10,22,6,16,7073,295,"20181022","2018102216"
2018,10,22,6,17,7074,295,"20181022","2018102217"
2018,10,22,6,18,7075,295,"20181022","2018102218"
2018,10,22,6,19,7076,295,"20181022","2018102219"
2018,10,22,6,20,7077,295,"20181022","2018102220"
2018,10,22,6,21,7078,295,"20181022","2018102221"
2018,10,22,6,22,7079,295,"20181022","2018102222"
2018,10,22,6,23,7080,295,"20181022","2018102223"
2018,10,23,7,0,7081,296,"20181023","2018102300"
2018,10,23,7,1,7082,296,"20181023","2018102301"
2018,10,23,7,2,7083,296,"20181023","2018102302"
2018,10,23,7,3,7084,296,"20181023","2018102303"
2018,10,23,7,4,7085,296,"20181023","2018102304"
2018,10,23,7,5,7086,296,"20181023","2018102305"
2018,10,23,7,6,7087,296,"20181023","2018102306"
2018,10,23,7,7,7088,296,"20181023","2018102307"
2018,10,23,7,8,7089,296,"20181023","2018102308"
2018,10,23,7,9,7090,296,"20181023","2018102309"
2018,10,23,7,10,7091,296,"20181023","2018102310"
2018,10,23,7,11,7092,296,"20181023","2018102311"
2018,10,23,7,12,7093,296,"20181023","2018102312"
2018,10,23,7,13,7094,296,"20181023","2018102313"
2018,10,23,7,14,7095,296,"20181023","2018102314"
2018,10,23,7,15,7096,296,"20181023","2018102315"
2018,10,23,7,16,7097,296,"20181023","2018102316"
2018,10,23,7,17,7098,296,"20181023","2018102317"
2018,10,23,7,18,7099,296,"20181023","2018102318"
2018,10,23,7,19,7100,296,"20181023","2018102319"
2018,10,23,7,20,7101,296,"20181023","2018102320"
2018,10,23,7,21,7102,296,"20181023","2018102321"
2018,10,23,7,22,7103,296,"20181023","2018102322"
2018,10,23,7,23,7104,296,"20181023","2018102323"
2018,10,24,1,0,7105,297,"20181024","2018102400"
2018,10,24,1,1,7106,297,"20181024","2018102401"
2018,10,24,1,2,7107,297,"20181024","2018102402"
2018,10,24,1,3,7108,297,"20181024","2018102403"
2018,10,24,1,4,7109,297,"20181024","2018102404"
2018,10,24,1,5,7110,297,"20181024","2018102405"
2018,10,24,1,6,7111,297,"20181024","2018102406"
2018,10,24,1,7,7112,297,"20181024","2018102407"
2018,10,24,1,8,7113,297,"20181024","2018102408"
2018,10,24,1,9,7114,297,"20181024","2018102409"
2018,10,24,1,10,7115,297,"20181024","2018102410"
2018,10,24,1,11,7116,297,"20181024","2018102411"
2018,10,24,1,12,7117,297,"20181024","2018102412"
2018,10,24,1,13,7118,297,"20181024","2018102413"
2018,10,24,1,14,7119,297,"20181024","2018102414"
2018,10,24,1,15,7120,297,"20181024","2018102415"
2018,10,24,1,16,7121,297,"20181024","2018102416"
2018,10,24,1,17,7122,297,"20181024","2018102417"
2018,10,24,1,18,7123,297,"20181024","2018102418"
2018,10,24,1,19,7124,297,"20181024","2018102419"
2018,10,24,1,20,7125,297,"20181024","2018102420"
2018,10,24,1,21,7126,297,"20181024","2018102421"
2018,10,24,1,22,7127,297,"20181024","2018102422"
2018,10,24,1,23,7128,297,"20181024","2018102423"
2018,10,25,2,0,7129,298,"20181025","2018102500"
2018,10,25,2,1,7130,298,"20181025","2018102501"
2018,10,25,2,2,7131,298,"20181025","2018102502"
2018,10,25,2,3,7132,298,"20181025","2018102503"
2018,10,25,2,4,7133,298,"20181025","2018102504"
2018,10,25,2,5,7134,298,"20181025","2018102505"
2018,10,25,2,6,7135,298,"20181025","2018102506"
2018,10,25,2,7,7136,298,"20181025","2018102507"
2018,10,25,2,8,7137,298,"20181025","2018102508"
2018,10,25,2,9,7138,298,"20181025","2018102509"
2018,10,25,2,10,7139,298,"20181025","2018102510"
2018,10,25,2,11,7140,298,"20181025","2018102511"
2018,10,25,2,12,7141,298,"20181025","2018102512"
2018,10,25,2,13,7142,298,"20181025","2018102513"
2018,10,25,2,14,7143,298,"20181025","2018102514"
2018,10,25,2,15,7144,298,"20181025","2018102515"
2018,10,25,2,16,7145,298,"20181025","2018102516"
2018,10,25,2,17,7146,298,"20181025","2018102517"
2018,10,25,2,18,7147,298,"20181025","2018102518"
2018,10,25,2,19,7148,298,"20181025","2018102519"
2018,10,25,2,20,7149,298,"20181025","2018102520"
2018,10,25,2,21,7150,298,"20181025","2018102521"
2018,10,25,2,22,7151,298,"20181025","2018102522"
2018,10,25,2,23,7152,298,"20181025","2018102523"
2018,10,26,3,0,7153,299,"20181026","2018102600"
2018,10,26,3,1,7154,299,"20181026","2018102601"
2018,10,26,3,2,7155,299,"20181026","2018102602"
2018,10,26,3,3,7156,299,"20181026","2018102603"
2018,10,26,3,4,7157,299,"20181026","2018102604"
2018,10,26,3,5,7158,299,"20181026","2018102605"
2018,10,26,3,6,7159,299,"20181026","2018102606"
2018,10,26,3,7,7160,299,"20181026","2018102607"
2018,10,26,3,8,7161,299,"20181026","2018102608"
2018,10,26,3,9,7162,299,"20181026","2018102609"
2018,10,26,3,10,7163,299,"20181026","2018102610"
2018,10,26,3,11,7164,299,"20181026","2018102611"
2018,10,26,3,12,7165,299,"20181026","2018102612"
2018,10,26,3,13,7166,299,"20181026","2018102613"
2018,10,26,3,14,7167,299,"20181026","2018102614"
2018,10,26,3,15,7168,299,"20181026","2018102615"
2018,10,26,3,16,7169,299,"20181026","2018102616"
2018,10,26,3,17,7170,299,"20181026","2018102617"
2018,10,26,3,18,7171,299,"20181026","2018102618"
2018,10,26,3,19,7172,299,"20181026","2018102619"
2018,10,26,3,20,7173,299,"20181026","2018102620"
2018,10,26,3,21,7174,299,"20181026","2018102621"
2018,10,26,3,22,7175,299,"20181026","2018102622"
2018,10,26,3,23,7176,299,"20181026","2018102623"
2018,10,27,4,0,7177,300,"20181027","2018102700"
2018,10,27,4,1,7178,300,"20181027","2018102701"
2018,10,27,4,2,7179,300,"20181027","2018102702"
2018,10,27,4,3,7180,300,"20181027","2018102703"
2018,10,27,4,4,7181,300,"20181027","2018102704"
2018,10,27,4,5,7182,300,"20181027","2018102705"
2018,10,27,4,6,7183,300,"20181027","2018102706"
2018,10,27,4,7,7184,300,"20181027","2018102707"
2018,10,27,4,8,7185,300,"20181027","2018102708"
2018,10,27,4,9,7186,300,"20181027","2018102709"
2018,10,27,4,10,7187,300,"20181027","2018102710"
2018,10,27,4,11,7188,300,"20181027","2018102711"
2018,10,27,4,12,7189,300,"20181027","2018102712"
2018,10,27,4,13,7190,300,"20181027","2018102713"
2018,10,27,4,14,7191,300,"20181027","2018102714"
2018,10,27,4,15,7192,300,"20181027","2018102715"
2018,10,27,4,16,7193,300,"20181027","2018102716"
2018,10,27,4,17,7194,300,"20181027","2018102717"
2018,10,27,4,18,7195,300,"20181027","2018102718"
2018,10,27,4,19,7196,300,"20181027","2018102719"
2018,10,27,4,20,7197,300,"20181027","2018102720"
2018,10,27,4,21,7198,300,"20181027","2018102721"
2018,10,27,4,22,7199,300,"20181027","2018102722"
2018,10,27,4,23,7200,300,"20181027","2018102723"
2018,10,28,5,0,7201,301,"20181028","2018102800"
2018,10,28,5,1,7202,301,"20181028","2018102801"
2018,10,28,5,2,7203,301,"20181028","2018102802"
2018,10,28,5,3,7204,301,"20181028","2018102803"
2018,10,28,5,4,7205,301,"20181028","2018102804"
2018,10,28,5,5,7206,301,"20181028","2018102805"
2018,10,28,5,6,7207,301,"20181028","2018102806"
2018,10,28,5,7,7208,301,"20181028","2018102807"
2018,10,28,5,8,7209,301,"20181028","2018102808"
2018,10,28,5,9,7210,301,"20181028","2018102809"
2018,10,28,5,10,7211,301,"20181028","2018102810"
2018,10,28,5,11,7212,301,"20181028","2018102811"
2018,10,28,5,12,7213,301,"20181028","2018102812"
2018,10,28,5,13,7214,301,"20181028","2018102813"
2018,10,28,5,14,7215,301,"20181028","2018102814"
2018,10,28,5,15,7216,301,"20181028","2018102815"
2018,10,28,5,16,7217,301,"20181028","2018102816"
2018,10,28,5,17,7218,301,"20181028","2018102817"
2018,10,28,5,18,7219,301,"20181028","2018102818"
2018,10,28,5,19,7220,301,"20181028","2018102819"
2018,10,28,5,20,7221,301,"20181028","2018102820"
2018,10,28,5,21,7222,301,"20181028","2018102821"
2018,10,28,5,22,7223,301,"20181028","2018102822"
2018,10,28,5,23,7224,301,"20181028","2018102823"
2018,10,29,6,0,7225,302,"20181029","2018102900"
2018,10,29,6,1,7226,302,"20181029","2018102901"
2018,10,29,6,2,7227,302,"20181029","2018102902"
2018,10,29,6,3,7228,302,"20181029","2018102903"
2018,10,29,6,4,7229,302,"20181029","2018102904"
2018,10,29,6,5,7230,302,"20181029","2018102905"
2018,10,29,6,6,7231,302,"20181029","2018102906"
2018,10,29,6,7,7232,302,"20181029","2018102907"
2018,10,29,6,8,7233,302,"20181029","2018102908"
2018,10,29,6,9,7234,302,"20181029","2018102909"
2018,10,29,6,10,7235,302,"20181029","2018102910"
2018,10,29,6,11,7236,302,"20181029","2018102911"
2018,10,29,6,12,7237,302,"20181029","2018102912"
2018,10,29,6,13,7238,302,"20181029","2018102913"
2018,10,29,6,14,7239,302,"20181029","2018102914"
2018,10,29,6,15,7240,302,"20181029","2018102915"
2018,10,29,6,16,7241,302,"20181029","2018102916"
2018,10,29,6,17,7242,302,"20181029","2018102917"
2018,10,29,6,18,7243,302,"20181029","2018102918"
2018,10,29,6,19,7244,302,"20181029","2018102919"
2018,10,29,6,20,7245,302,"20181029","2018102920"
2018,10,29,6,21,7246,302,"20181029","2018102921"
2018,10,29,6,22,7247,302,"20181029","2018102922"
2018,10,29,6,23,7248,302,"20181029","2018102923"
2018,10,30,7,0,7249,303,"20181030","2018103000"
2018,10,30,7,1,7250,303,"20181030","2018103001"
2018,10,30,7,2,7251,303,"20181030","2018103002"
2018,10,30,7,3,7252,303,"20181030","2018103003"
2018,10,30,7,4,7253,303,"20181030","2018103004"
2018,10,30,7,5,7254,303,"20181030","2018103005"
2018,10,30,7,6,7255,303,"20181030","2018103006"
2018,10,30,7,7,7256,303,"20181030","2018103007"
2018,10,30,7,8,7257,303,"20181030","2018103008"
2018,10,30,7,9,7258,303,"20181030","2018103009"
2018,10,30,7,10,7259,303,"20181030","2018103010"
2018,10,30,7,11,7260,303,"20181030","2018103011"
2018,10,30,7,12,7261,303,"20181030","2018103012"
2018,10,30,7,13,7262,303,"20181030","2018103013"
2018,10,30,7,14,7263,303,"20181030","2018103014"
2018,10,30,7,15,7264,303,"20181030","2018103015"
2018,10,30,7,16,7265,303,"20181030","2018103016"
2018,10,30,7,17,7266,303,"20181030","2018103017"
2018,10,30,7,18,7267,303,"20181030","2018103018"
2018,10,30,7,19,7268,303,"20181030","2018103019"
2018,10,30,7,20,7269,303,"20181030","2018103020"
2018,10,30,7,21,7270,303,"20181030","2018103021"
2018,10,30,7,22,7271,303,"20181030","2018103022"
2018,10,30,7,23,7272,303,"20181030","2018103023"
2018,10,31,1,0,7273,304,"20181031","2018103100"
2018,10,31,1,1,7274,304,"20181031","2018103101"
2018,10,31,1,2,7275,304,"20181031","2018103102"
2018,10,31,1,3,7276,304,"20181031","2018103103"
2018,10,31,1,4,7277,304,"20181031","2018103104"
2018,10,31,1,5,7278,304,"20181031","2018103105"
2018,10,31,1,6,7279,304,"20181031","2018103106"
2018,10,31,1,7,7280,304,"20181031","2018103107"
2018,10,31,1,8,7281,304,"20181031","2018103108"
2018,10,31,1,9,7282,304,"20181031","2018103109"
2018,10,31,1,10,7283,304,"20181031","2018103110"
2018,10,31,1,11,7284,304,"20181031","2018103111"
2018,10,31,1,12,7285,304,"20181031","2018103112"
2018,10,31,1,13,7286,304,"20181031","2018103113"
2018,10,31,1,14,7287,304,"20181031","2018103114"
2018,10,31,1,15,7288,304,"20181031","2018103115"
2018,10,31,1,16,7289,304,"20181031","2018103116"
2018,10,31,1,17,7290,304,"20181031","2018103117"
2018,10,31,1,18,7291,304,"20181031","2018103118"
2018,10,31,1,19,7292,304,"20181031","2018103119"
2018,10,31,1,20,7293,304,"20181031","2018103120"
2018,10,31,1,21,7294,304,"20181031","2018103121"
2018,10,31,1,22,7295,304,"20181031","2018103122"
2018,10,31,1,23,7296,304,"20181031","2018103123"
2018,11,1,2,0,7297,305,"20181101","2018110100"
2018,11,1,2,1,7298,305,"20181101","2018110101"
2018,11,1,2,2,7299,305,"20181101","2018110102"
2018,11,1,2,3,7300,305,"20181101","2018110103"
2018,11,1,2,4,7301,305,"20181101","2018110104"
2018,11,1,2,5,7302,305,"20181101","2018110105"
2018,11,1,2,6,7303,305,"20181101","2018110106"
2018,11,1,2,7,7304,305,"20181101","2018110107"
2018,11,1,2,8,7305,305,"20181101","2018110108"
2018,11,1,2,9,7306,305,"20181101","2018110109"
2018,11,1,2,10,7307,305,"20181101","2018110110"
2018,11,1,2,11,7308,305,"20181101","2018110111"
2018,11,1,2,12,7309,305,"20181101","2018110112"
2018,11,1,2,13,7310,305,"20181101","2018110113"
2018,11,1,2,14,7311,305,"20181101","2018110114"
2018,11,1,2,15,7312,305,"20181101","2018110115"
2018,11,1,2,16,7313,305,"20181101","2018110116"
2018,11,1,2,17,7314,305,"20181101","2018110117"
2018,11,1,2,18,7315,305,"20181101","2018110118"
2018,11,1,2,19,7316,305,"20181101","2018110119"
2018,11,1,2,20,7317,305,"20181101","2018110120"
2018,11,1,2,21,7318,305,"20181101","2018110121"
2018,11,1,2,22,7319,305,"20181101","2018110122"
2018,11,1,2,23,7320,305,"20181101","2018110123"
2018,11,2,3,0,7321,306,"20181102","2018110200"
2018,11,2,3,1,7322,306,"20181102","2018110201"
2018,11,2,3,2,7323,306,"20181102","2018110202"
2018,11,2,3,3,7324,306,"20181102","2018110203"
2018,11,2,3,4,7325,306,"20181102","2018110204"
2018,11,2,3,5,7326,306,"20181102","2018110205"
2018,11,2,3,6,7327,306,"20181102","2018110206"
2018,11,2,3,7,7328,306,"20181102","2018110207"
2018,11,2,3,8,7329,306,"20181102","2018110208"
2018,11,2,3,9,7330,306,"20181102","2018110209"
2018,11,2,3,10,7331,306,"20181102","2018110210"
2018,11,2,3,11,7332,306,"20181102","2018110211"
2018,11,2,3,12,7333,306,"20181102","2018110212"
2018,11,2,3,13,7334,306,"20181102","2018110213"
2018,11,2,3,14,7335,306,"20181102","2018110214"
2018,11,2,3,15,7336,306,"20181102","2018110215"
2018,11,2,3,16,7337,306,"20181102","2018110216"
2018,11,2,3,17,7338,306,"20181102","2018110217"
2018,11,2,3,18,7339,306,"20181102","2018110218"
2018,11,2,3,19,7340,306,"20181102","2018110219"
2018,11,2,3,20,7341,306,"20181102","2018110220"
2018,11,2,3,21,7342,306,"20181102","2018110221"
2018,11,2,3,22,7343,306,"20181102","2018110222"
2018,11,2,3,23,7344,306,"20181102","2018110223"
2018,11,3,4,0,7345,307,"20181103","2018110300"
2018,11,3,4,1,7346,307,"20181103","2018110301"
2018,11,3,4,2,7347,307,"20181103","2018110302"
2018,11,3,4,3,7348,307,"20181103","2018110303"
2018,11,3,4,4,7349,307,"20181103","2018110304"
2018,11,3,4,5,7350,307,"20181103","2018110305"
2018,11,3,4,6,7351,307,"20181103","2018110306"
2018,11,3,4,7,7352,307,"20181103","2018110307"
2018,11,3,4,8,7353,307,"20181103","2018110308"
2018,11,3,4,9,7354,307,"20181103","2018110309"
2018,11,3,4,10,7355,307,"20181103","2018110310"
2018,11,3,4,11,7356,307,"20181103","2018110311"
2018,11,3,4,12,7357,307,"20181103","2018110312"
2018,11,3,4,13,7358,307,"20181103","2018110313"
2018,11,3,4,14,7359,307,"20181103","2018110314"
2018,11,3,4,15,7360,307,"20181103","2018110315"
2018,11,3,4,16,7361,307,"20181103","2018110316"
2018,11,3,4,17,7362,307,"20181103","2018110317"
2018,11,3,4,18,7363,307,"20181103","2018110318"
2018,11,3,4,19,7364,307,"20181103","2018110319"
2018,11,3,4,20,7365,307,"20181103","2018110320"
2018,11,3,4,21,7366,307,"20181103","2018110321"
2018,11,3,4,22,7367,307,"20181103","2018110322"
2018,11,3,4,23,7368,307,"20181103","2018110323"
2018,11,4,5,0,7369,308,"20181104","2018110400"
2018,11,4,5,1,7370,308,"20181104","2018110401"
2018,11,4,5,2,7371,308,"20181104","2018110402"
2018,11,4,5,3,7372,308,"20181104","2018110403"
2018,11,4,5,4,7373,308,"20181104","2018110404"
2018,11,4,5,5,7374,308,"20181104","2018110405"
2018,11,4,5,6,7375,308,"20181104","2018110406"
2018,11,4,5,7,7376,308,"20181104","2018110407"
2018,11,4,5,8,7377,308,"20181104","2018110408"
2018,11,4,5,9,7378,308,"20181104","2018110409"
2018,11,4,5,10,7379,308,"20181104","2018110410"
2018,11,4,5,11,7380,308,"20181104","2018110411"
2018,11,4,5,12,7381,308,"20181104","2018110412"
2018,11,4,5,13,7382,308,"20181104","2018110413"
2018,11,4,5,14,7383,308,"20181104","2018110414"
2018,11,4,5,15,7384,308,"20181104","2018110415"
2018,11,4,5,16,7385,308,"20181104","2018110416"
2018,11,4,5,17,7386,308,"20181104","2018110417"
2018,11,4,5,18,7387,308,"20181104","2018110418"
2018,11,4,5,19,7388,308,"20181104","2018110419"
2018,11,4,5,20,7389,308,"20181104","2018110420"
2018,11,4,5,21,7390,308,"20181104","2018110421"
2018,11,4,5,22,7391,308,"20181104","2018110422"
2018,11,4,5,23,7392,308,"20181104","2018110423"
2018,11,5,6,0,7393,309,"20181105","2018110500"
2018,11,5,6,1,7394,309,"20181105","2018110501"
2018,11,5,6,2,7395,309,"20181105","2018110502"
2018,11,5,6,3,7396,309,"20181105","2018110503"
2018,11,5,6,4,7397,309,"20181105","2018110504"
2018,11,5,6,5,7398,309,"20181105","2018110505"
2018,11,5,6,6,7399,309,"20181105","2018110506"
2018,11,5,6,7,7400,309,"20181105","2018110507"
2018,11,5,6,8,7401,309,"20181105","2018110508"
2018,11,5,6,9,7402,309,"20181105","2018110509"
2018,11,5,6,10,7403,309,"20181105","2018110510"
2018,11,5,6,11,7404,309,"20181105","2018110511"
2018,11,5,6,12,7405,309,"20181105","2018110512"
2018,11,5,6,13,7406,309,"20181105","2018110513"
2018,11,5,6,14,7407,309,"20181105","2018110514"
2018,11,5,6,15,7408,309,"20181105","2018110515"
2018,11,5,6,16,7409,309,"20181105","2018110516"
2018,11,5,6,17,7410,309,"20181105","2018110517"
2018,11,5,6,18,7411,309,"20181105","2018110518"
2018,11,5,6,19,7412,309,"20181105","2018110519"
2018,11,5,6,20,7413,309,"20181105","2018110520"
2018,11,5,6,21,7414,309,"20181105","2018110521"
2018,11,5,6,22,7415,309,"20181105","2018110522"
2018,11,5,6,23,7416,309,"20181105","2018110523"
2018,11,6,7,0,7417,310,"20181106","2018110600"
2018,11,6,7,1,7418,310,"20181106","2018110601"
2018,11,6,7,2,7419,310,"20181106","2018110602"
2018,11,6,7,3,7420,310,"20181106","2018110603"
2018,11,6,7,4,7421,310,"20181106","2018110604"
2018,11,6,7,5,7422,310,"20181106","2018110605"
2018,11,6,7,6,7423,310,"20181106","2018110606"
2018,11,6,7,7,7424,310,"20181106","2018110607"
2018,11,6,7,8,7425,310,"20181106","2018110608"
2018,11,6,7,9,7426,310,"20181106","2018110609"
2018,11,6,7,10,7427,310,"20181106","2018110610"
2018,11,6,7,11,7428,310,"20181106","2018110611"
2018,11,6,7,12,7429,310,"20181106","2018110612"
2018,11,6,7,13,7430,310,"20181106","2018110613"
2018,11,6,7,14,7431,310,"20181106","2018110614"
2018,11,6,7,15,7432,310,"20181106","2018110615"
2018,11,6,7,16,7433,310,"20181106","2018110616"
2018,11,6,7,17,7434,310,"20181106","2018110617"
2018,11,6,7,18,7435,310,"20181106","2018110618"
2018,11,6,7,19,7436,310,"20181106","2018110619"
2018,11,6,7,20,7437,310,"20181106","2018110620"
2018,11,6,7,21,7438,310,"20181106","2018110621"
2018,11,6,7,22,7439,310,"20181106","2018110622"
2018,11,6,7,23,7440,310,"20181106","2018110623"
2018,11,7,1,0,7441,311,"20181107","2018110700"
2018,11,7,1,1,7442,311,"20181107","2018110701"
2018,11,7,1,2,7443,311,"20181107","2018110702"
2018,11,7,1,3,7444,311,"20181107","2018110703"
2018,11,7,1,4,7445,311,"20181107","2018110704"
2018,11,7,1,5,7446,311,"20181107","2018110705"
2018,11,7,1,6,7447,311,"20181107","2018110706"
2018,11,7,1,7,7448,311,"20181107","2018110707"
2018,11,7,1,8,7449,311,"20181107","2018110708"
2018,11,7,1,9,7450,311,"20181107","2018110709"
2018,11,7,1,10,7451,311,"20181107","2018110710"
2018,11,7,1,11,7452,311,"20181107","2018110711"
2018,11,7,1,12,7453,311,"20181107","2018110712"
2018,11,7,1,13,7454,311,"20181107","2018110713"
2018,11,7,1,14,7455,311,"20181107","2018110714"
2018,11,7,1,15,7456,311,"20181107","2018110715"
2018,11,7,1,16,7457,311,"20181107","2018110716"
2018,11,7,1,17,7458,311,"20181107","2018110717"
2018,11,7,1,18,7459,311,"20181107","2018110718"
2018,11,7,1,19,7460,311,"20181107","2018110719"
2018,11,7,1,20,7461,311,"20181107","2018110720"
2018,11,7,1,21,7462,311,"20181107","2018110721"
2018,11,7,1,22,7463,311,"20181107","2018110722"
2018,11,7,1,23,7464,311,"20181107","2018110723"
2018,11,8,2,0,7465,312,"20181108","2018110800"
2018,11,8,2,1,7466,312,"20181108","2018110801"
2018,11,8,2,2,7467,312,"20181108","2018110802"
2018,11,8,2,3,7468,312,"20181108","2018110803"
2018,11,8,2,4,7469,312,"20181108","2018110804"
2018,11,8,2,5,7470,312,"20181108","2018110805"
2018,11,8,2,6,7471,312,"20181108","2018110806"
2018,11,8,2,7,7472,312,"20181108","2018110807"
2018,11,8,2,8,7473,312,"20181108","2018110808"
2018,11,8,2,9,7474,312,"20181108","2018110809"
2018,11,8,2,10,7475,312,"20181108","2018110810"
2018,11,8,2,11,7476,312,"20181108","2018110811"
2018,11,8,2,12,7477,312,"20181108","2018110812"
2018,11,8,2,13,7478,312,"20181108","2018110813"
2018,11,8,2,14,7479,312,"20181108","2018110814"
2018,11,8,2,15,7480,312,"20181108","2018110815"
2018,11,8,2,16,7481,312,"20181108","2018110816"
2018,11,8,2,17,7482,312,"20181108","2018110817"
2018,11,8,2,18,7483,312,"20181108","2018110818"
2018,11,8,2,19,7484,312,"20181108","2018110819"
2018,11,8,2,20,7485,312,"20181108","2018110820"
2018,11,8,2,21,7486,312,"20181108","2018110821"
2018,11,8,2,22,7487,312,"20181108","2018110822"
2018,11,8,2,23,7488,312,"20181108","2018110823"
2018,11,9,3,0,7489,313,"20181109","2018110900"
2018,11,9,3,1,7490,313,"20181109","2018110901"
2018,11,9,3,2,7491,313,"20181109","2018110902"
2018,11,9,3,3,7492,313,"20181109","2018110903"
2018,11,9,3,4,7493,313,"20181109","2018110904"
2018,11,9,3,5,7494,313,"20181109","2018110905"
2018,11,9,3,6,7495,313,"20181109","2018110906"
2018,11,9,3,7,7496,313,"20181109","2018110907"
2018,11,9,3,8,7497,313,"20181109","2018110908"
2018,11,9,3,9,7498,313,"20181109","2018110909"
2018,11,9,3,10,7499,313,"20181109","2018110910"
2018,11,9,3,11,7500,313,"20181109","2018110911"
2018,11,9,3,12,7501,313,"20181109","2018110912"
2018,11,9,3,13,7502,313,"20181109","2018110913"
2018,11,9,3,14,7503,313,"20181109","2018110914"
2018,11,9,3,15,7504,313,"20181109","2018110915"
2018,11,9,3,16,7505,313,"20181109","2018110916"
2018,11,9,3,17,7506,313,"20181109","2018110917"
2018,11,9,3,18,7507,313,"20181109","2018110918"
2018,11,9,3,19,7508,313,"20181109","2018110919"
2018,11,9,3,20,7509,313,"20181109","2018110920"
2018,11,9,3,21,7510,313,"20181109","2018110921"
2018,11,9,3,22,7511,313,"20181109","2018110922"
2018,11,9,3,23,7512,313,"20181109","2018110923"
2018,11,10,4,0,7513,314,"20181110","2018111000"
2018,11,10,4,1,7514,314,"20181110","2018111001"
2018,11,10,4,2,7515,314,"20181110","2018111002"
2018,11,10,4,3,7516,314,"20181110","2018111003"
2018,11,10,4,4,7517,314,"20181110","2018111004"
2018,11,10,4,5,7518,314,"20181110","2018111005"
2018,11,10,4,6,7519,314,"20181110","2018111006"
2018,11,10,4,7,7520,314,"20181110","2018111007"
2018,11,10,4,8,7521,314,"20181110","2018111008"
2018,11,10,4,9,7522,314,"20181110","2018111009"
2018,11,10,4,10,7523,314,"20181110","2018111010"
2018,11,10,4,11,7524,314,"20181110","2018111011"
2018,11,10,4,12,7525,314,"20181110","2018111012"
2018,11,10,4,13,7526,314,"20181110","2018111013"
2018,11,10,4,14,7527,314,"20181110","2018111014"
2018,11,10,4,15,7528,314,"20181110","2018111015"
2018,11,10,4,16,7529,314,"20181110","2018111016"
2018,11,10,4,17,7530,314,"20181110","2018111017"
2018,11,10,4,18,7531,314,"20181110","2018111018"
2018,11,10,4,19,7532,314,"20181110","2018111019"
2018,11,10,4,20,7533,314,"20181110","2018111020"
2018,11,10,4,21,7534,314,"20181110","2018111021"
2018,11,10,4,22,7535,314,"20181110","2018111022"
2018,11,10,4,23,7536,314,"20181110","2018111023"
2018,11,11,5,0,7537,315,"20181111","2018111100"
2018,11,11,5,1,7538,315,"20181111","2018111101"
2018,11,11,5,2,7539,315,"20181111","2018111102"
2018,11,11,5,3,7540,315,"20181111","2018111103"
2018,11,11,5,4,7541,315,"20181111","2018111104"
2018,11,11,5,5,7542,315,"20181111","2018111105"
2018,11,11,5,6,7543,315,"20181111","2018111106"
2018,11,11,5,7,7544,315,"20181111","2018111107"
2018,11,11,5,8,7545,315,"20181111","2018111108"
2018,11,11,5,9,7546,315,"20181111","2018111109"
2018,11,11,5,10,7547,315,"20181111","2018111110"
2018,11,11,5,11,7548,315,"20181111","2018111111"
2018,11,11,5,12,7549,315,"20181111","2018111112"
2018,11,11,5,13,7550,315,"20181111","2018111113"
2018,11,11,5,14,7551,315,"20181111","2018111114"
2018,11,11,5,15,7552,315,"20181111","2018111115"
2018,11,11,5,16,7553,315,"20181111","2018111116"
2018,11,11,5,17,7554,315,"20181111","2018111117"
2018,11,11,5,18,7555,315,"20181111","2018111118"
2018,11,11,5,19,7556,315,"20181111","2018111119"
2018,11,11,5,20,7557,315,"20181111","2018111120"
2018,11,11,5,21,7558,315,"20181111","2018111121"
2018,11,11,5,22,7559,315,"20181111","2018111122"
2018,11,11,5,23,7560,315,"20181111","2018111123"
2018,11,12,6,0,7561,316,"20181112","2018111200"
2018,11,12,6,1,7562,316,"20181112","2018111201"
2018,11,12,6,2,7563,316,"20181112","2018111202"
2018,11,12,6,3,7564,316,"20181112","2018111203"
2018,11,12,6,4,7565,316,"20181112","2018111204"
2018,11,12,6,5,7566,316,"20181112","2018111205"
2018,11,12,6,6,7567,316,"20181112","2018111206"
2018,11,12,6,7,7568,316,"20181112","2018111207"
2018,11,12,6,8,7569,316,"20181112","2018111208"
2018,11,12,6,9,7570,316,"20181112","2018111209"
2018,11,12,6,10,7571,316,"20181112","2018111210"
2018,11,12,6,11,7572,316,"20181112","2018111211"
2018,11,12,6,12,7573,316,"20181112","2018111212"
2018,11,12,6,13,7574,316,"20181112","2018111213"
2018,11,12,6,14,7575,316,"20181112","2018111214"
2018,11,12,6,15,7576,316,"20181112","2018111215"
2018,11,12,6,16,7577,316,"20181112","2018111216"
2018,11,12,6,17,7578,316,"20181112","2018111217"
2018,11,12,6,18,7579,316,"20181112","2018111218"
2018,11,12,6,19,7580,316,"20181112","2018111219"
2018,11,12,6,20,7581,316,"20181112","2018111220"
2018,11,12,6,21,7582,316,"20181112","2018111221"
2018,11,12,6,22,7583,316,"20181112","2018111222"
2018,11,12,6,23,7584,316,"20181112","2018111223"
2018,11,13,7,0,7585,317,"20181113","2018111300"
2018,11,13,7,1,7586,317,"20181113","2018111301"
2018,11,13,7,2,7587,317,"20181113","2018111302"
2018,11,13,7,3,7588,317,"20181113","2018111303"
2018,11,13,7,4,7589,317,"20181113","2018111304"
2018,11,13,7,5,7590,317,"20181113","2018111305"
2018,11,13,7,6,7591,317,"20181113","2018111306"
2018,11,13,7,7,7592,317,"20181113","2018111307"
2018,11,13,7,8,7593,317,"20181113","2018111308"
2018,11,13,7,9,7594,317,"20181113","2018111309"
2018,11,13,7,10,7595,317,"20181113","2018111310"
2018,11,13,7,11,7596,317,"20181113","2018111311"
2018,11,13,7,12,7597,317,"20181113","2018111312"
2018,11,13,7,13,7598,317,"20181113","2018111313"
2018,11,13,7,14,7599,317,"20181113","2018111314"
2018,11,13,7,15,7600,317,"20181113","2018111315"
2018,11,13,7,16,7601,317,"20181113","2018111316"
2018,11,13,7,17,7602,317,"20181113","2018111317"
2018,11,13,7,18,7603,317,"20181113","2018111318"
2018,11,13,7,19,7604,317,"20181113","2018111319"
2018,11,13,7,20,7605,317,"20181113","2018111320"
2018,11,13,7,21,7606,317,"20181113","2018111321"
2018,11,13,7,22,7607,317,"20181113","2018111322"
2018,11,13,7,23,7608,317,"20181113","2018111323"
2018,11,14,1,0,7609,318,"20181114","2018111400"
2018,11,14,1,1,7610,318,"20181114","2018111401"
2018,11,14,1,2,7611,318,"20181114","2018111402"
2018,11,14,1,3,7612,318,"20181114","2018111403"
2018,11,14,1,4,7613,318,"20181114","2018111404"
2018,11,14,1,5,7614,318,"20181114","2018111405"
2018,11,14,1,6,7615,318,"20181114","2018111406"
2018,11,14,1,7,7616,318,"20181114","2018111407"
2018,11,14,1,8,7617,318,"20181114","2018111408"
2018,11,14,1,9,7618,318,"20181114","2018111409"
2018,11,14,1,10,7619,318,"20181114","2018111410"
2018,11,14,1,11,7620,318,"20181114","2018111411"
2018,11,14,1,12,7621,318,"20181114","2018111412"
2018,11,14,1,13,7622,318,"20181114","2018111413"
2018,11,14,1,14,7623,318,"20181114","2018111414"
2018,11,14,1,15,7624,318,"20181114","2018111415"
2018,11,14,1,16,7625,318,"20181114","2018111416"
2018,11,14,1,17,7626,318,"20181114","2018111417"
2018,11,14,1,18,7627,318,"20181114","2018111418"
2018,11,14,1,19,7628,318,"20181114","2018111419"
2018,11,14,1,20,7629,318,"20181114","2018111420"
2018,11,14,1,21,7630,318,"20181114","2018111421"
2018,11,14,1,22,7631,318,"20181114","2018111422"
2018,11,14,1,23,7632,318,"20181114","2018111423"
2018,11,15,2,0,7633,319,"20181115","2018111500"
2018,11,15,2,1,7634,319,"20181115","2018111501"
2018,11,15,2,2,7635,319,"20181115","2018111502"
2018,11,15,2,3,7636,319,"20181115","2018111503"
2018,11,15,2,4,7637,319,"20181115","2018111504"
2018,11,15,2,5,7638,319,"20181115","2018111505"
2018,11,15,2,6,7639,319,"20181115","2018111506"
2018,11,15,2,7,7640,319,"20181115","2018111507"
2018,11,15,2,8,7641,319,"20181115","2018111508"
2018,11,15,2,9,7642,319,"20181115","2018111509"
2018,11,15,2,10,7643,319,"20181115","2018111510"
2018,11,15,2,11,7644,319,"20181115","2018111511"
2018,11,15,2,12,7645,319,"20181115","2018111512"
2018,11,15,2,13,7646,319,"20181115","2018111513"
2018,11,15,2,14,7647,319,"20181115","2018111514"
2018,11,15,2,15,7648,319,"20181115","2018111515"
2018,11,15,2,16,7649,319,"20181115","2018111516"
2018,11,15,2,17,7650,319,"20181115","2018111517"
2018,11,15,2,18,7651,319,"20181115","2018111518"
2018,11,15,2,19,7652,319,"20181115","2018111519"
2018,11,15,2,20,7653,319,"20181115","2018111520"
2018,11,15,2,21,7654,319,"20181115","2018111521"
2018,11,15,2,22,7655,319,"20181115","2018111522"
2018,11,15,2,23,7656,319,"20181115","2018111523"
2018,11,16,3,0,7657,320,"20181116","2018111600"
2018,11,16,3,1,7658,320,"20181116","2018111601"
2018,11,16,3,2,7659,320,"20181116","2018111602"
2018,11,16,3,3,7660,320,"20181116","2018111603"
2018,11,16,3,4,7661,320,"20181116","2018111604"
2018,11,16,3,5,7662,320,"20181116","2018111605"
2018,11,16,3,6,7663,320,"20181116","2018111606"
2018,11,16,3,7,7664,320,"20181116","2018111607"
2018,11,16,3,8,7665,320,"20181116","2018111608"
2018,11,16,3,9,7666,320,"20181116","2018111609"
2018,11,16,3,10,7667,320,"20181116","2018111610"
2018,11,16,3,11,7668,320,"20181116","2018111611"
2018,11,16,3,12,7669,320,"20181116","2018111612"
2018,11,16,3,13,7670,320,"20181116","2018111613"
2018,11,16,3,14,7671,320,"20181116","2018111614"
2018,11,16,3,15,7672,320,"20181116","2018111615"
2018,11,16,3,16,7673,320,"20181116","2018111616"
2018,11,16,3,17,7674,320,"20181116","2018111617"
2018,11,16,3,18,7675,320,"20181116","2018111618"
2018,11,16,3,19,7676,320,"20181116","2018111619"
2018,11,16,3,20,7677,320,"20181116","2018111620"
2018,11,16,3,21,7678,320,"20181116","2018111621"
2018,11,16,3,22,7679,320,"20181116","2018111622"
2018,11,16,3,23,7680,320,"20181116","2018111623"
2018,11,17,4,0,7681,321,"20181117","2018111700"
2018,11,17,4,1,7682,321,"20181117","2018111701"
2018,11,17,4,2,7683,321,"20181117","2018111702"
2018,11,17,4,3,7684,321,"20181117","2018111703"
2018,11,17,4,4,7685,321,"20181117","2018111704"
2018,11,17,4,5,7686,321,"20181117","2018111705"
2018,11,17,4,6,7687,321,"20181117","2018111706"
2018,11,17,4,7,7688,321,"20181117","2018111707"
2018,11,17,4,8,7689,321,"20181117","2018111708"
2018,11,17,4,9,7690,321,"20181117","2018111709"
2018,11,17,4,10,7691,321,"20181117","2018111710"
2018,11,17,4,11,7692,321,"20181117","2018111711"
2018,11,17,4,12,7693,321,"20181117","2018111712"
2018,11,17,4,13,7694,321,"20181117","2018111713"
2018,11,17,4,14,7695,321,"20181117","2018111714"
2018,11,17,4,15,7696,321,"20181117","2018111715"
2018,11,17,4,16,7697,321,"20181117","2018111716"
2018,11,17,4,17,7698,321,"20181117","2018111717"
2018,11,17,4,18,7699,321,"20181117","2018111718"
2018,11,17,4,19,7700,321,"20181117","2018111719"
2018,11,17,4,20,7701,321,"20181117","2018111720"
2018,11,17,4,21,7702,321,"20181117","2018111721"
2018,11,17,4,22,7703,321,"20181117","2018111722"
2018,11,17,4,23,7704,321,"20181117","2018111723"
2018,11,18,5,0,7705,322,"20181118","2018111800"
2018,11,18,5,1,7706,322,"20181118","2018111801"
2018,11,18,5,2,7707,322,"20181118","2018111802"
2018,11,18,5,3,7708,322,"20181118","2018111803"
2018,11,18,5,4,7709,322,"20181118","2018111804"
2018,11,18,5,5,7710,322,"20181118","2018111805"
2018,11,18,5,6,7711,322,"20181118","2018111806"
2018,11,18,5,7,7712,322,"20181118","2018111807"
2018,11,18,5,8,7713,322,"20181118","2018111808"
2018,11,18,5,9,7714,322,"20181118","2018111809"
2018,11,18,5,10,7715,322,"20181118","2018111810"
2018,11,18,5,11,7716,322,"20181118","2018111811"
2018,11,18,5,12,7717,322,"20181118","2018111812"
2018,11,18,5,13,7718,322,"20181118","2018111813"
2018,11,18,5,14,7719,322,"20181118","2018111814"
2018,11,18,5,15,7720,322,"20181118","2018111815"
2018,11,18,5,16,7721,322,"20181118","2018111816"
2018,11,18,5,17,7722,322,"20181118","2018111817"
2018,11,18,5,18,7723,322,"20181118","2018111818"
2018,11,18,5,19,7724,322,"20181118","2018111819"
2018,11,18,5,20,7725,322,"20181118","2018111820"
2018,11,18,5,21,7726,322,"20181118","2018111821"
2018,11,18,5,22,7727,322,"20181118","2018111822"
2018,11,18,5,23,7728,322,"20181118","2018111823"
2018,11,19,6,0,7729,323,"20181119","2018111900"
2018,11,19,6,1,7730,323,"20181119","2018111901"
2018,11,19,6,2,7731,323,"20181119","2018111902"
2018,11,19,6,3,7732,323,"20181119","2018111903"
2018,11,19,6,4,7733,323,"20181119","2018111904"
2018,11,19,6,5,7734,323,"20181119","2018111905"
2018,11,19,6,6,7735,323,"20181119","2018111906"
2018,11,19,6,7,7736,323,"20181119","2018111907"
2018,11,19,6,8,7737,323,"20181119","2018111908"
2018,11,19,6,9,7738,323,"20181119","2018111909"
2018,11,19,6,10,7739,323,"20181119","2018111910"
2018,11,19,6,11,7740,323,"20181119","2018111911"
2018,11,19,6,12,7741,323,"20181119","2018111912"
2018,11,19,6,13,7742,323,"20181119","2018111913"
2018,11,19,6,14,7743,323,"20181119","2018111914"
2018,11,19,6,15,7744,323,"20181119","2018111915"
2018,11,19,6,16,7745,323,"20181119","2018111916"
2018,11,19,6,17,7746,323,"20181119","2018111917"
2018,11,19,6,18,7747,323,"20181119","2018111918"
2018,11,19,6,19,7748,323,"20181119","2018111919"
2018,11,19,6,20,7749,323,"20181119","2018111920"
2018,11,19,6,21,7750,323,"20181119","2018111921"
2018,11,19,6,22,7751,323,"20181119","2018111922"
2018,11,19,6,23,7752,323,"20181119","2018111923"
2018,11,20,7,0,7753,324,"20181120","2018112000"
2018,11,20,7,1,7754,324,"20181120","2018112001"
2018,11,20,7,2,7755,324,"20181120","2018112002"
2018,11,20,7,3,7756,324,"20181120","2018112003"
2018,11,20,7,4,7757,324,"20181120","2018112004"
2018,11,20,7,5,7758,324,"20181120","2018112005"
2018,11,20,7,6,7759,324,"20181120","2018112006"
2018,11,20,7,7,7760,324,"20181120","2018112007"
2018,11,20,7,8,7761,324,"20181120","2018112008"
2018,11,20,7,9,7762,324,"20181120","2018112009"
2018,11,20,7,10,7763,324,"20181120","2018112010"
2018,11,20,7,11,7764,324,"20181120","2018112011"
2018,11,20,7,12,7765,324,"20181120","2018112012"
2018,11,20,7,13,7766,324,"20181120","2018112013"
2018,11,20,7,14,7767,324,"20181120","2018112014"
2018,11,20,7,15,7768,324,"20181120","2018112015"
2018,11,20,7,16,7769,324,"20181120","2018112016"
2018,11,20,7,17,7770,324,"20181120","2018112017"
2018,11,20,7,18,7771,324,"20181120","2018112018"
2018,11,20,7,19,7772,324,"20181120","2018112019"
2018,11,20,7,20,7773,324,"20181120","2018112020"
2018,11,20,7,21,7774,324,"20181120","2018112021"
2018,11,20,7,22,7775,324,"20181120","2018112022"
2018,11,20,7,23,7776,324,"20181120","2018112023"
2018,11,21,1,0,7777,325,"20181121","2018112100"
2018,11,21,1,1,7778,325,"20181121","2018112101"
2018,11,21,1,2,7779,325,"20181121","2018112102"
2018,11,21,1,3,7780,325,"20181121","2018112103"
2018,11,21,1,4,7781,325,"20181121","2018112104"
2018,11,21,1,5,7782,325,"20181121","2018112105"
2018,11,21,1,6,7783,325,"20181121","2018112106"
2018,11,21,1,7,7784,325,"20181121","2018112107"
2018,11,21,1,8,7785,325,"20181121","2018112108"
2018,11,21,1,9,7786,325,"20181121","2018112109"
2018,11,21,1,10,7787,325,"20181121","2018112110"
2018,11,21,1,11,7788,325,"20181121","2018112111"
2018,11,21,1,12,7789,325,"20181121","2018112112"
2018,11,21,1,13,7790,325,"20181121","2018112113"
2018,11,21,1,14,7791,325,"20181121","2018112114"
2018,11,21,1,15,7792,325,"20181121","2018112115"
2018,11,21,1,16,7793,325,"20181121","2018112116"
2018,11,21,1,17,7794,325,"20181121","2018112117"
2018,11,21,1,18,7795,325,"20181121","2018112118"
2018,11,21,1,19,7796,325,"20181121","2018112119"
2018,11,21,1,20,7797,325,"20181121","2018112120"
2018,11,21,1,21,7798,325,"20181121","2018112121"
2018,11,21,1,22,7799,325,"20181121","2018112122"
2018,11,21,1,23,7800,325,"20181121","2018112123"
2018,11,22,2,0,7801,326,"20181122","2018112200"
2018,11,22,2,1,7802,326,"20181122","2018112201"
2018,11,22,2,2,7803,326,"20181122","2018112202"
2018,11,22,2,3,7804,326,"20181122","2018112203"
2018,11,22,2,4,7805,326,"20181122","2018112204"
2018,11,22,2,5,7806,326,"20181122","2018112205"
2018,11,22,2,6,7807,326,"20181122","2018112206"
2018,11,22,2,7,7808,326,"20181122","2018112207"
2018,11,22,2,8,7809,326,"20181122","2018112208"
2018,11,22,2,9,7810,326,"20181122","2018112209"
2018,11,22,2,10,7811,326,"20181122","2018112210"
2018,11,22,2,11,7812,326,"20181122","2018112211"
2018,11,22,2,12,7813,326,"20181122","2018112212"
2018,11,22,2,13,7814,326,"20181122","2018112213"
2018,11,22,2,14,7815,326,"20181122","2018112214"
2018,11,22,2,15,7816,326,"20181122","2018112215"
2018,11,22,2,16,7817,326,"20181122","2018112216"
2018,11,22,2,17,7818,326,"20181122","2018112217"
2018,11,22,2,18,7819,326,"20181122","2018112218"
2018,11,22,2,19,7820,326,"20181122","2018112219"
2018,11,22,2,20,7821,326,"20181122","2018112220"
2018,11,22,2,21,7822,326,"20181122","2018112221"
2018,11,22,2,22,7823,326,"20181122","2018112222"
2018,11,22,2,23,7824,326,"20181122","2018112223"
2018,11,23,3,0,7825,327,"20181123","2018112300"
2018,11,23,3,1,7826,327,"20181123","2018112301"
2018,11,23,3,2,7827,327,"20181123","2018112302"
2018,11,23,3,3,7828,327,"20181123","2018112303"
2018,11,23,3,4,7829,327,"20181123","2018112304"
2018,11,23,3,5,7830,327,"20181123","2018112305"
2018,11,23,3,6,7831,327,"20181123","2018112306"
2018,11,23,3,7,7832,327,"20181123","2018112307"
2018,11,23,3,8,7833,327,"20181123","2018112308"
2018,11,23,3,9,7834,327,"20181123","2018112309"
2018,11,23,3,10,7835,327,"20181123","2018112310"
2018,11,23,3,11,7836,327,"20181123","2018112311"
2018,11,23,3,12,7837,327,"20181123","2018112312"
2018,11,23,3,13,7838,327,"20181123","2018112313"
2018,11,23,3,14,7839,327,"20181123","2018112314"
2018,11,23,3,15,7840,327,"20181123","2018112315"
2018,11,23,3,16,7841,327,"20181123","2018112316"
2018,11,23,3,17,7842,327,"20181123","2018112317"
2018,11,23,3,18,7843,327,"20181123","2018112318"
2018,11,23,3,19,7844,327,"20181123","2018112319"
2018,11,23,3,20,7845,327,"20181123","2018112320"
2018,11,23,3,21,7846,327,"20181123","2018112321"
2018,11,23,3,22,7847,327,"20181123","2018112322"
2018,11,23,3,23,7848,327,"20181123","2018112323"
2018,11,24,4,0,7849,328,"20181124","2018112400"
2018,11,24,4,1,7850,328,"20181124","2018112401"
2018,11,24,4,2,7851,328,"20181124","2018112402"
2018,11,24,4,3,7852,328,"20181124","2018112403"
2018,11,24,4,4,7853,328,"20181124","2018112404"
2018,11,24,4,5,7854,328,"20181124","2018112405"
2018,11,24,4,6,7855,328,"20181124","2018112406"
2018,11,24,4,7,7856,328,"20181124","2018112407"
2018,11,24,4,8,7857,328,"20181124","2018112408"
2018,11,24,4,9,7858,328,"20181124","2018112409"
2018,11,24,4,10,7859,328,"20181124","2018112410"
2018,11,24,4,11,7860,328,"20181124","2018112411"
2018,11,24,4,12,7861,328,"20181124","2018112412"
2018,11,24,4,13,7862,328,"20181124","2018112413"
2018,11,24,4,14,7863,328,"20181124","2018112414"
2018,11,24,4,15,7864,328,"20181124","2018112415"
2018,11,24,4,16,7865,328,"20181124","2018112416"
2018,11,24,4,17,7866,328,"20181124","2018112417"
2018,11,24,4,18,7867,328,"20181124","2018112418"
2018,11,24,4,19,7868,328,"20181124","2018112419"
2018,11,24,4,20,7869,328,"20181124","2018112420"
2018,11,24,4,21,7870,328,"20181124","2018112421"
2018,11,24,4,22,7871,328,"20181124","2018112422"
2018,11,24,4,23,7872,328,"20181124","2018112423"
2018,11,25,5,0,7873,329,"20181125","2018112500"
2018,11,25,5,1,7874,329,"20181125","2018112501"
2018,11,25,5,2,7875,329,"20181125","2018112502"
2018,11,25,5,3,7876,329,"20181125","2018112503"
2018,11,25,5,4,7877,329,"20181125","2018112504"
2018,11,25,5,5,7878,329,"20181125","2018112505"
2018,11,25,5,6,7879,329,"20181125","2018112506"
2018,11,25,5,7,7880,329,"20181125","2018112507"
2018,11,25,5,8,7881,329,"20181125","2018112508"
2018,11,25,5,9,7882,329,"20181125","2018112509"
2018,11,25,5,10,7883,329,"20181125","2018112510"
2018,11,25,5,11,7884,329,"20181125","2018112511"
2018,11,25,5,12,7885,329,"20181125","2018112512"
2018,11,25,5,13,7886,329,"20181125","2018112513"
2018,11,25,5,14,7887,329,"20181125","2018112514"
2018,11,25,5,15,7888,329,"20181125","2018112515"
2018,11,25,5,16,7889,329,"20181125","2018112516"
2018,11,25,5,17,7890,329,"20181125","2018112517"
2018,11,25,5,18,7891,329,"20181125","2018112518"
2018,11,25,5,19,7892,329,"20181125","2018112519"
2018,11,25,5,20,7893,329,"20181125","2018112520"
2018,11,25,5,21,7894,329,"20181125","2018112521"
2018,11,25,5,22,7895,329,"20181125","2018112522"
2018,11,25,5,23,7896,329,"20181125","2018112523"
2018,11,26,6,0,7897,330,"20181126","2018112600"
2018,11,26,6,1,7898,330,"20181126","2018112601"
2018,11,26,6,2,7899,330,"20181126","2018112602"
2018,11,26,6,3,7900,330,"20181126","2018112603"
2018,11,26,6,4,7901,330,"20181126","2018112604"
2018,11,26,6,5,7902,330,"20181126","2018112605"
2018,11,26,6,6,7903,330,"20181126","2018112606"
2018,11,26,6,7,7904,330,"20181126","2018112607"
2018,11,26,6,8,7905,330,"20181126","2018112608"
2018,11,26,6,9,7906,330,"20181126","2018112609"
2018,11,26,6,10,7907,330,"20181126","2018112610"
2018,11,26,6,11,7908,330,"20181126","2018112611"
2018,11,26,6,12,7909,330,"20181126","2018112612"
2018,11,26,6,13,7910,330,"20181126","2018112613"
2018,11,26,6,14,7911,330,"20181126","2018112614"
2018,11,26,6,15,7912,330,"20181126","2018112615"
2018,11,26,6,16,7913,330,"20181126","2018112616"
2018,11,26,6,17,7914,330,"20181126","2018112617"
2018,11,26,6,18,7915,330,"20181126","2018112618"
2018,11,26,6,19,7916,330,"20181126","2018112619"
2018,11,26,6,20,7917,330,"20181126","2018112620"
2018,11,26,6,21,7918,330,"20181126","2018112621"
2018,11,26,6,22,7919,330,"20181126","2018112622"
2018,11,26,6,23,7920,330,"20181126","2018112623"
2018,11,27,7,0,7921,331,"20181127","2018112700"
2018,11,27,7,1,7922,331,"20181127","2018112701"
2018,11,27,7,2,7923,331,"20181127","2018112702"
2018,11,27,7,3,7924,331,"20181127","2018112703"
2018,11,27,7,4,7925,331,"20181127","2018112704"
2018,11,27,7,5,7926,331,"20181127","2018112705"
2018,11,27,7,6,7927,331,"20181127","2018112706"
2018,11,27,7,7,7928,331,"20181127","2018112707"
2018,11,27,7,8,7929,331,"20181127","2018112708"
2018,11,27,7,9,7930,331,"20181127","2018112709"
2018,11,27,7,10,7931,331,"20181127","2018112710"
2018,11,27,7,11,7932,331,"20181127","2018112711"
2018,11,27,7,12,7933,331,"20181127","2018112712"
2018,11,27,7,13,7934,331,"20181127","2018112713"
2018,11,27,7,14,7935,331,"20181127","2018112714"
2018,11,27,7,15,7936,331,"20181127","2018112715"
2018,11,27,7,16,7937,331,"20181127","2018112716"
2018,11,27,7,17,7938,331,"20181127","2018112717"
2018,11,27,7,18,7939,331,"20181127","2018112718"
2018,11,27,7,19,7940,331,"20181127","2018112719"
2018,11,27,7,20,7941,331,"20181127","2018112720"
2018,11,27,7,21,7942,331,"20181127","2018112721"
2018,11,27,7,22,7943,331,"20181127","2018112722"
2018,11,27,7,23,7944,331,"20181127","2018112723"
2018,11,28,1,0,7945,332,"20181128","2018112800"
2018,11,28,1,1,7946,332,"20181128","2018112801"
2018,11,28,1,2,7947,332,"20181128","2018112802"
2018,11,28,1,3,7948,332,"20181128","2018112803"
2018,11,28,1,4,7949,332,"20181128","2018112804"
2018,11,28,1,5,7950,332,"20181128","2018112805"
2018,11,28,1,6,7951,332,"20181128","2018112806"
2018,11,28,1,7,7952,332,"20181128","2018112807"
2018,11,28,1,8,7953,332,"20181128","2018112808"
2018,11,28,1,9,7954,332,"20181128","2018112809"
2018,11,28,1,10,7955,332,"20181128","2018112810"
2018,11,28,1,11,7956,332,"20181128","2018112811"
2018,11,28,1,12,7957,332,"20181128","2018112812"
2018,11,28,1,13,7958,332,"20181128","2018112813"
2018,11,28,1,14,7959,332,"20181128","2018112814"
2018,11,28,1,15,7960,332,"20181128","2018112815"
2018,11,28,1,16,7961,332,"20181128","2018112816"
2018,11,28,1,17,7962,332,"20181128","2018112817"
2018,11,28,1,18,7963,332,"20181128","2018112818"
2018,11,28,1,19,7964,332,"20181128","2018112819"
2018,11,28,1,20,7965,332,"20181128","2018112820"
2018,11,28,1,21,7966,332,"20181128","2018112821"
2018,11,28,1,22,7967,332,"20181128","2018112822"
2018,11,28,1,23,7968,332,"20181128","2018112823"
2018,11,29,2,0,7969,333,"20181129","2018112900"
2018,11,29,2,1,7970,333,"20181129","2018112901"
2018,11,29,2,2,7971,333,"20181129","2018112902"
2018,11,29,2,3,7972,333,"20181129","2018112903"
2018,11,29,2,4,7973,333,"20181129","2018112904"
2018,11,29,2,5,7974,333,"20181129","2018112905"
2018,11,29,2,6,7975,333,"20181129","2018112906"
2018,11,29,2,7,7976,333,"20181129","2018112907"
2018,11,29,2,8,7977,333,"20181129","2018112908"
2018,11,29,2,9,7978,333,"20181129","2018112909"
2018,11,29,2,10,7979,333,"20181129","2018112910"
2018,11,29,2,11,7980,333,"20181129","2018112911"
2018,11,29,2,12,7981,333,"20181129","2018112912"
2018,11,29,2,13,7982,333,"20181129","2018112913"
2018,11,29,2,14,7983,333,"20181129","2018112914"
2018,11,29,2,15,7984,333,"20181129","2018112915"
2018,11,29,2,16,7985,333,"20181129","2018112916"
2018,11,29,2,17,7986,333,"20181129","2018112917"
2018,11,29,2,18,7987,333,"20181129","2018112918"
2018,11,29,2,19,7988,333,"20181129","2018112919"
2018,11,29,2,20,7989,333,"20181129","2018112920"
2018,11,29,2,21,7990,333,"20181129","2018112921"
2018,11,29,2,22,7991,333,"20181129","2018112922"
2018,11,29,2,23,7992,333,"20181129","2018112923"
2018,11,30,3,0,7993,334,"20181130","2018113000"
2018,11,30,3,1,7994,334,"20181130","2018113001"
2018,11,30,3,2,7995,334,"20181130","2018113002"
2018,11,30,3,3,7996,334,"20181130","2018113003"
2018,11,30,3,4,7997,334,"20181130","2018113004"
2018,11,30,3,5,7998,334,"20181130","2018113005"
2018,11,30,3,6,7999,334,"20181130","2018113006"
2018,11,30,3,7,8000,334,"20181130","2018113007"
2018,11,30,3,8,8001,334,"20181130","2018113008"
2018,11,30,3,9,8002,334,"20181130","2018113009"
2018,11,30,3,10,8003,334,"20181130","2018113010"
2018,11,30,3,11,8004,334,"20181130","2018113011"
2018,11,30,3,12,8005,334,"20181130","2018113012"
2018,11,30,3,13,8006,334,"20181130","2018113013"
2018,11,30,3,14,8007,334,"20181130","2018113014"
2018,11,30,3,15,8008,334,"20181130","2018113015"
2018,11,30,3,16,8009,334,"20181130","2018113016"
2018,11,30,3,17,8010,334,"20181130","2018113017"
2018,11,30,3,18,8011,334,"20181130","2018113018"
2018,11,30,3,19,8012,334,"20181130","2018113019"
2018,11,30,3,20,8013,334,"20181130","2018113020"
2018,11,30,3,21,8014,334,"20181130","2018113021"
2018,11,30,3,22,8015,334,"20181130","2018113022"
2018,11,30,3,23,8016,334,"20181130","2018113023"
2018,12,1,4,0,8017,335,"20181201","2018120100"
2018,12,1,4,1,8018,335,"20181201","2018120101"
2018,12,1,4,2,8019,335,"20181201","2018120102"
2018,12,1,4,3,8020,335,"20181201","2018120103"
2018,12,1,4,4,8021,335,"20181201","2018120104"
2018,12,1,4,5,8022,335,"20181201","2018120105"
2018,12,1,4,6,8023,335,"20181201","2018120106"
2018,12,1,4,7,8024,335,"20181201","2018120107"
2018,12,1,4,8,8025,335,"20181201","2018120108"
2018,12,1,4,9,8026,335,"20181201","2018120109"
2018,12,1,4,10,8027,335,"20181201","2018120110"
2018,12,1,4,11,8028,335,"20181201","2018120111"
2018,12,1,4,12,8029,335,"20181201","2018120112"
2018,12,1,4,13,8030,335,"20181201","2018120113"
2018,12,1,4,14,8031,335,"20181201","2018120114"
2018,12,1,4,15,8032,335,"20181201","2018120115"
2018,12,1,4,16,8033,335,"20181201","2018120116"
2018,12,1,4,17,8034,335,"20181201","2018120117"
2018,12,1,4,18,8035,335,"20181201","2018120118"
2018,12,1,4,19,8036,335,"20181201","2018120119"
2018,12,1,4,20,8037,335,"20181201","2018120120"
2018,12,1,4,21,8038,335,"20181201","2018120121"
2018,12,1,4,22,8039,335,"20181201","2018120122"
2018,12,1,4,23,8040,335,"20181201","2018120123"
2018,12,2,5,0,8041,336,"20181202","2018120200"
2018,12,2,5,1,8042,336,"20181202","2018120201"
2018,12,2,5,2,8043,336,"20181202","2018120202"
2018,12,2,5,3,8044,336,"20181202","2018120203"
2018,12,2,5,4,8045,336,"20181202","2018120204"
2018,12,2,5,5,8046,336,"20181202","2018120205"
2018,12,2,5,6,8047,336,"20181202","2018120206"
2018,12,2,5,7,8048,336,"20181202","2018120207"
2018,12,2,5,8,8049,336,"20181202","2018120208"
2018,12,2,5,9,8050,336,"20181202","2018120209"
2018,12,2,5,10,8051,336,"20181202","2018120210"
2018,12,2,5,11,8052,336,"20181202","2018120211"
2018,12,2,5,12,8053,336,"20181202","2018120212"
2018,12,2,5,13,8054,336,"20181202","2018120213"
2018,12,2,5,14,8055,336,"20181202","2018120214"
2018,12,2,5,15,8056,336,"20181202","2018120215"
2018,12,2,5,16,8057,336,"20181202","2018120216"
2018,12,2,5,17,8058,336,"20181202","2018120217"
2018,12,2,5,18,8059,336,"20181202","2018120218"
2018,12,2,5,19,8060,336,"20181202","2018120219"
2018,12,2,5,20,8061,336,"20181202","2018120220"
2018,12,2,5,21,8062,336,"20181202","2018120221"
2018,12,2,5,22,8063,336,"20181202","2018120222"
2018,12,2,5,23,8064,336,"20181202","2018120223"
2018,12,3,6,0,8065,337,"20181203","2018120300"
2018,12,3,6,1,8066,337,"20181203","2018120301"
2018,12,3,6,2,8067,337,"20181203","2018120302"
2018,12,3,6,3,8068,337,"20181203","2018120303"
2018,12,3,6,4,8069,337,"20181203","2018120304"
2018,12,3,6,5,8070,337,"20181203","2018120305"
2018,12,3,6,6,8071,337,"20181203","2018120306"
2018,12,3,6,7,8072,337,"20181203","2018120307"
2018,12,3,6,8,8073,337,"20181203","2018120308"
2018,12,3,6,9,8074,337,"20181203","2018120309"
2018,12,3,6,10,8075,337,"20181203","2018120310"
2018,12,3,6,11,8076,337,"20181203","2018120311"
2018,12,3,6,12,8077,337,"20181203","2018120312"
2018,12,3,6,13,8078,337,"20181203","2018120313"
2018,12,3,6,14,8079,337,"20181203","2018120314"
2018,12,3,6,15,8080,337,"20181203","2018120315"
2018,12,3,6,16,8081,337,"20181203","2018120316"
2018,12,3,6,17,8082,337,"20181203","2018120317"
2018,12,3,6,18,8083,337,"20181203","2018120318"
2018,12,3,6,19,8084,337,"20181203","2018120319"
2018,12,3,6,20,8085,337,"20181203","2018120320"
2018,12,3,6,21,8086,337,"20181203","2018120321"
2018,12,3,6,22,8087,337,"20181203","2018120322"
2018,12,3,6,23,8088,337,"20181203","2018120323"
2018,12,4,7,0,8089,338,"20181204","2018120400"
2018,12,4,7,1,8090,338,"20181204","2018120401"
2018,12,4,7,2,8091,338,"20181204","2018120402"
2018,12,4,7,3,8092,338,"20181204","2018120403"
2018,12,4,7,4,8093,338,"20181204","2018120404"
2018,12,4,7,5,8094,338,"20181204","2018120405"
2018,12,4,7,6,8095,338,"20181204","2018120406"
2018,12,4,7,7,8096,338,"20181204","2018120407"
2018,12,4,7,8,8097,338,"20181204","2018120408"
2018,12,4,7,9,8098,338,"20181204","2018120409"
2018,12,4,7,10,8099,338,"20181204","2018120410"
2018,12,4,7,11,8100,338,"20181204","2018120411"
2018,12,4,7,12,8101,338,"20181204","2018120412"
2018,12,4,7,13,8102,338,"20181204","2018120413"
2018,12,4,7,14,8103,338,"20181204","2018120414"
2018,12,4,7,15,8104,338,"20181204","2018120415"
2018,12,4,7,16,8105,338,"20181204","2018120416"
2018,12,4,7,17,8106,338,"20181204","2018120417"
2018,12,4,7,18,8107,338,"20181204","2018120418"
2018,12,4,7,19,8108,338,"20181204","2018120419"
2018,12,4,7,20,8109,338,"20181204","2018120420"
2018,12,4,7,21,8110,338,"20181204","2018120421"
2018,12,4,7,22,8111,338,"20181204","2018120422"
2018,12,4,7,23,8112,338,"20181204","2018120423"
2018,12,5,1,0,8113,339,"20181205","2018120500"
2018,12,5,1,1,8114,339,"20181205","2018120501"
2018,12,5,1,2,8115,339,"20181205","2018120502"
2018,12,5,1,3,8116,339,"20181205","2018120503"
2018,12,5,1,4,8117,339,"20181205","2018120504"
2018,12,5,1,5,8118,339,"20181205","2018120505"
2018,12,5,1,6,8119,339,"20181205","2018120506"
2018,12,5,1,7,8120,339,"20181205","2018120507"
2018,12,5,1,8,8121,339,"20181205","2018120508"
2018,12,5,1,9,8122,339,"20181205","2018120509"
2018,12,5,1,10,8123,339,"20181205","2018120510"
2018,12,5,1,11,8124,339,"20181205","2018120511"
2018,12,5,1,12,8125,339,"20181205","2018120512"
2018,12,5,1,13,8126,339,"20181205","2018120513"
2018,12,5,1,14,8127,339,"20181205","2018120514"
2018,12,5,1,15,8128,339,"20181205","2018120515"
2018,12,5,1,16,8129,339,"20181205","2018120516"
2018,12,5,1,17,8130,339,"20181205","2018120517"
2018,12,5,1,18,8131,339,"20181205","2018120518"
2018,12,5,1,19,8132,339,"20181205","2018120519"
2018,12,5,1,20,8133,339,"20181205","2018120520"
2018,12,5,1,21,8134,339,"20181205","2018120521"
2018,12,5,1,22,8135,339,"20181205","2018120522"
2018,12,5,1,23,8136,339,"20181205","2018120523"
2018,12,6,2,0,8137,340,"20181206","2018120600"
2018,12,6,2,1,8138,340,"20181206","2018120601"
2018,12,6,2,2,8139,340,"20181206","2018120602"
2018,12,6,2,3,8140,340,"20181206","2018120603"
2018,12,6,2,4,8141,340,"20181206","2018120604"
2018,12,6,2,5,8142,340,"20181206","2018120605"
2018,12,6,2,6,8143,340,"20181206","2018120606"
2018,12,6,2,7,8144,340,"20181206","2018120607"
2018,12,6,2,8,8145,340,"20181206","2018120608"
2018,12,6,2,9,8146,340,"20181206","2018120609"
2018,12,6,2,10,8147,340,"20181206","2018120610"
2018,12,6,2,11,8148,340,"20181206","2018120611"
2018,12,6,2,12,8149,340,"20181206","2018120612"
2018,12,6,2,13,8150,340,"20181206","2018120613"
2018,12,6,2,14,8151,340,"20181206","2018120614"
2018,12,6,2,15,8152,340,"20181206","2018120615"
2018,12,6,2,16,8153,340,"20181206","2018120616"
2018,12,6,2,17,8154,340,"20181206","2018120617"
2018,12,6,2,18,8155,340,"20181206","2018120618"
2018,12,6,2,19,8156,340,"20181206","2018120619"
2018,12,6,2,20,8157,340,"20181206","2018120620"
2018,12,6,2,21,8158,340,"20181206","2018120621"
2018,12,6,2,22,8159,340,"20181206","2018120622"
2018,12,6,2,23,8160,340,"20181206","2018120623"
2018,12,7,3,0,8161,341,"20181207","2018120700"
2018,12,7,3,1,8162,341,"20181207","2018120701"
2018,12,7,3,2,8163,341,"20181207","2018120702"
2018,12,7,3,3,8164,341,"20181207","2018120703"
2018,12,7,3,4,8165,341,"20181207","2018120704"
2018,12,7,3,5,8166,341,"20181207","2018120705"
2018,12,7,3,6,8167,341,"20181207","2018120706"
2018,12,7,3,7,8168,341,"20181207","2018120707"
2018,12,7,3,8,8169,341,"20181207","2018120708"
2018,12,7,3,9,8170,341,"20181207","2018120709"
2018,12,7,3,10,8171,341,"20181207","2018120710"
2018,12,7,3,11,8172,341,"20181207","2018120711"
2018,12,7,3,12,8173,341,"20181207","2018120712"
2018,12,7,3,13,8174,341,"20181207","2018120713"
2018,12,7,3,14,8175,341,"20181207","2018120714"
2018,12,7,3,15,8176,341,"20181207","2018120715"
2018,12,7,3,16,8177,341,"20181207","2018120716"
2018,12,7,3,17,8178,341,"20181207","2018120717"
2018,12,7,3,18,8179,341,"20181207","2018120718"
2018,12,7,3,19,8180,341,"20181207","2018120719"
2018,12,7,3,20,8181,341,"20181207","2018120720"
2018,12,7,3,21,8182,341,"20181207","2018120721"
2018,12,7,3,22,8183,341,"20181207","2018120722"
2018,12,7,3,23,8184,341,"20181207","2018120723"
2018,12,8,4,0,8185,342,"20181208","2018120800"
2018,12,8,4,1,8186,342,"20181208","2018120801"
2018,12,8,4,2,8187,342,"20181208","2018120802"
2018,12,8,4,3,8188,342,"20181208","2018120803"
2018,12,8,4,4,8189,342,"20181208","2018120804"
2018,12,8,4,5,8190,342,"20181208","2018120805"
2018,12,8,4,6,8191,342,"20181208","2018120806"
2018,12,8,4,7,8192,342,"20181208","2018120807"
2018,12,8,4,8,8193,342,"20181208","2018120808"
2018,12,8,4,9,8194,342,"20181208","2018120809"
2018,12,8,4,10,8195,342,"20181208","2018120810"
2018,12,8,4,11,8196,342,"20181208","2018120811"
2018,12,8,4,12,8197,342,"20181208","2018120812"
2018,12,8,4,13,8198,342,"20181208","2018120813"
2018,12,8,4,14,8199,342,"20181208","2018120814"
2018,12,8,4,15,8200,342,"20181208","2018120815"
2018,12,8,4,16,8201,342,"20181208","2018120816"
2018,12,8,4,17,8202,342,"20181208","2018120817"
2018,12,8,4,18,8203,342,"20181208","2018120818"
2018,12,8,4,19,8204,342,"20181208","2018120819"
2018,12,8,4,20,8205,342,"20181208","2018120820"
2018,12,8,4,21,8206,342,"20181208","2018120821"
2018,12,8,4,22,8207,342,"20181208","2018120822"
2018,12,8,4,23,8208,342,"20181208","2018120823"
2018,12,9,5,0,8209,343,"20181209","2018120900"
2018,12,9,5,1,8210,343,"20181209","2018120901"
2018,12,9,5,2,8211,343,"20181209","2018120902"
2018,12,9,5,3,8212,343,"20181209","2018120903"
2018,12,9,5,4,8213,343,"20181209","2018120904"
2018,12,9,5,5,8214,343,"20181209","2018120905"
2018,12,9,5,6,8215,343,"20181209","2018120906"
2018,12,9,5,7,8216,343,"20181209","2018120907"
2018,12,9,5,8,8217,343,"20181209","2018120908"
2018,12,9,5,9,8218,343,"20181209","2018120909"
2018,12,9,5,10,8219,343,"20181209","2018120910"
2018,12,9,5,11,8220,343,"20181209","2018120911"
2018,12,9,5,12,8221,343,"20181209","2018120912"
2018,12,9,5,13,8222,343,"20181209","2018120913"
2018,12,9,5,14,8223,343,"20181209","2018120914"
2018,12,9,5,15,8224,343,"20181209","2018120915"
2018,12,9,5,16,8225,343,"20181209","2018120916"
2018,12,9,5,17,8226,343,"20181209","2018120917"
2018,12,9,5,18,8227,343,"20181209","2018120918"
2018,12,9,5,19,8228,343,"20181209","2018120919"
2018,12,9,5,20,8229,343,"20181209","2018120920"
2018,12,9,5,21,8230,343,"20181209","2018120921"
2018,12,9,5,22,8231,343,"20181209","2018120922"
2018,12,9,5,23,8232,343,"20181209","2018120923"
2018,12,10,6,0,8233,344,"20181210","2018121000"
2018,12,10,6,1,8234,344,"20181210","2018121001"
2018,12,10,6,2,8235,344,"20181210","2018121002"
2018,12,10,6,3,8236,344,"20181210","2018121003"
2018,12,10,6,4,8237,344,"20181210","2018121004"
2018,12,10,6,5,8238,344,"20181210","2018121005"
2018,12,10,6,6,8239,344,"20181210","2018121006"
2018,12,10,6,7,8240,344,"20181210","2018121007"
2018,12,10,6,8,8241,344,"20181210","2018121008"
2018,12,10,6,9,8242,344,"20181210","2018121009"
2018,12,10,6,10,8243,344,"20181210","2018121010"
2018,12,10,6,11,8244,344,"20181210","2018121011"
2018,12,10,6,12,8245,344,"20181210","2018121012"
2018,12,10,6,13,8246,344,"20181210","2018121013"
2018,12,10,6,14,8247,344,"20181210","2018121014"
2018,12,10,6,15,8248,344,"20181210","2018121015"
2018,12,10,6,16,8249,344,"20181210","2018121016"
2018,12,10,6,17,8250,344,"20181210","2018121017"
2018,12,10,6,18,8251,344,"20181210","2018121018"
2018,12,10,6,19,8252,344,"20181210","2018121019"
2018,12,10,6,20,8253,344,"20181210","2018121020"
2018,12,10,6,21,8254,344,"20181210","2018121021"
2018,12,10,6,22,8255,344,"20181210","2018121022"
2018,12,10,6,23,8256,344,"20181210","2018121023"
2018,12,11,7,0,8257,345,"20181211","2018121100"
2018,12,11,7,1,8258,345,"20181211","2018121101"
2018,12,11,7,2,8259,345,"20181211","2018121102"
2018,12,11,7,3,8260,345,"20181211","2018121103"
2018,12,11,7,4,8261,345,"20181211","2018121104"
2018,12,11,7,5,8262,345,"20181211","2018121105"
2018,12,11,7,6,8263,345,"20181211","2018121106"
2018,12,11,7,7,8264,345,"20181211","2018121107"
2018,12,11,7,8,8265,345,"20181211","2018121108"
2018,12,11,7,9,8266,345,"20181211","2018121109"
2018,12,11,7,10,8267,345,"20181211","2018121110"
2018,12,11,7,11,8268,345,"20181211","2018121111"
2018,12,11,7,12,8269,345,"20181211","2018121112"
2018,12,11,7,13,8270,345,"20181211","2018121113"
2018,12,11,7,14,8271,345,"20181211","2018121114"
2018,12,11,7,15,8272,345,"20181211","2018121115"
2018,12,11,7,16,8273,345,"20181211","2018121116"
2018,12,11,7,17,8274,345,"20181211","2018121117"
2018,12,11,7,18,8275,345,"20181211","2018121118"
2018,12,11,7,19,8276,345,"20181211","2018121119"
2018,12,11,7,20,8277,345,"20181211","2018121120"
2018,12,11,7,21,8278,345,"20181211","2018121121"
2018,12,11,7,22,8279,345,"20181211","2018121122"
2018,12,11,7,23,8280,345,"20181211","2018121123"
2018,12,12,1,0,8281,346,"20181212","2018121200"
2018,12,12,1,1,8282,346,"20181212","2018121201"
2018,12,12,1,2,8283,346,"20181212","2018121202"
2018,12,12,1,3,8284,346,"20181212","2018121203"
2018,12,12,1,4,8285,346,"20181212","2018121204"
2018,12,12,1,5,8286,346,"20181212","2018121205"
2018,12,12,1,6,8287,346,"20181212","2018121206"
2018,12,12,1,7,8288,346,"20181212","2018121207"
2018,12,12,1,8,8289,346,"20181212","2018121208"
2018,12,12,1,9,8290,346,"20181212","2018121209"
2018,12,12,1,10,8291,346,"20181212","2018121210"
2018,12,12,1,11,8292,346,"20181212","2018121211"
2018,12,12,1,12,8293,346,"20181212","2018121212"
2018,12,12,1,13,8294,346,"20181212","2018121213"
2018,12,12,1,14,8295,346,"20181212","2018121214"
2018,12,12,1,15,8296,346,"20181212","2018121215"
2018,12,12,1,16,8297,346,"20181212","2018121216"
2018,12,12,1,17,8298,346,"20181212","2018121217"
2018,12,12,1,18,8299,346,"20181212","2018121218"
2018,12,12,1,19,8300,346,"20181212","2018121219"
2018,12,12,1,20,8301,346,"20181212","2018121220"
2018,12,12,1,21,8302,346,"20181212","2018121221"
2018,12,12,1,22,8303,346,"20181212","2018121222"
2018,12,12,1,23,8304,346,"20181212","2018121223"
2018,12,13,2,0,8305,347,"20181213","2018121300"
2018,12,13,2,1,8306,347,"20181213","2018121301"
2018,12,13,2,2,8307,347,"20181213","2018121302"
2018,12,13,2,3,8308,347,"20181213","2018121303"
2018,12,13,2,4,8309,347,"20181213","2018121304"
2018,12,13,2,5,8310,347,"20181213","2018121305"
2018,12,13,2,6,8311,347,"20181213","2018121306"
2018,12,13,2,7,8312,347,"20181213","2018121307"
2018,12,13,2,8,8313,347,"20181213","2018121308"
2018,12,13,2,9,8314,347,"20181213","2018121309"
2018,12,13,2,10,8315,347,"20181213","2018121310"
2018,12,13,2,11,8316,347,"20181213","2018121311"
2018,12,13,2,12,8317,347,"20181213","2018121312"
2018,12,13,2,13,8318,347,"20181213","2018121313"
2018,12,13,2,14,8319,347,"20181213","2018121314"
2018,12,13,2,15,8320,347,"20181213","2018121315"
2018,12,13,2,16,8321,347,"20181213","2018121316"
2018,12,13,2,17,8322,347,"20181213","2018121317"
2018,12,13,2,18,8323,347,"20181213","2018121318"
2018,12,13,2,19,8324,347,"20181213","2018121319"
2018,12,13,2,20,8325,347,"20181213","2018121320"
2018,12,13,2,21,8326,347,"20181213","2018121321"
2018,12,13,2,22,8327,347,"20181213","2018121322"
2018,12,13,2,23,8328,347,"20181213","2018121323"
2018,12,14,3,0,8329,348,"20181214","2018121400"
2018,12,14,3,1,8330,348,"20181214","2018121401"
2018,12,14,3,2,8331,348,"20181214","2018121402"
2018,12,14,3,3,8332,348,"20181214","2018121403"
2018,12,14,3,4,8333,348,"20181214","2018121404"
2018,12,14,3,5,8334,348,"20181214","2018121405"
2018,12,14,3,6,8335,348,"20181214","2018121406"
2018,12,14,3,7,8336,348,"20181214","2018121407"
2018,12,14,3,8,8337,348,"20181214","2018121408"
2018,12,14,3,9,8338,348,"20181214","2018121409"
2018,12,14,3,10,8339,348,"20181214","2018121410"
2018,12,14,3,11,8340,348,"20181214","2018121411"
2018,12,14,3,12,8341,348,"20181214","2018121412"
2018,12,14,3,13,8342,348,"20181214","2018121413"
2018,12,14,3,14,8343,348,"20181214","2018121414"
2018,12,14,3,15,8344,348,"20181214","2018121415"
2018,12,14,3,16,8345,348,"20181214","2018121416"
2018,12,14,3,17,8346,348,"20181214","2018121417"
2018,12,14,3,18,8347,348,"20181214","2018121418"
2018,12,14,3,19,8348,348,"20181214","2018121419"
2018,12,14,3,20,8349,348,"20181214","2018121420"
2018,12,14,3,21,8350,348,"20181214","2018121421"
2018,12,14,3,22,8351,348,"20181214","2018121422"
2018,12,14,3,23,8352,348,"20181214","2018121423"
2018,12,15,4,0,8353,349,"20181215","2018121500"
2018,12,15,4,1,8354,349,"20181215","2018121501"
2018,12,15,4,2,8355,349,"20181215","2018121502"
2018,12,15,4,3,8356,349,"20181215","2018121503"
2018,12,15,4,4,8357,349,"20181215","2018121504"
2018,12,15,4,5,8358,349,"20181215","2018121505"
2018,12,15,4,6,8359,349,"20181215","2018121506"
2018,12,15,4,7,8360,349,"20181215","2018121507"
2018,12,15,4,8,8361,349,"20181215","2018121508"
2018,12,15,4,9,8362,349,"20181215","2018121509"
2018,12,15,4,10,8363,349,"20181215","2018121510"
2018,12,15,4,11,8364,349,"20181215","2018121511"
2018,12,15,4,12,8365,349,"20181215","2018121512"
2018,12,15,4,13,8366,349,"20181215","2018121513"
2018,12,15,4,14,8367,349,"20181215","2018121514"
2018,12,15,4,15,8368,349,"20181215","2018121515"
2018,12,15,4,16,8369,349,"20181215","2018121516"
2018,12,15,4,17,8370,349,"20181215","2018121517"
2018,12,15,4,18,8371,349,"20181215","2018121518"
2018,12,15,4,19,8372,349,"20181215","2018121519"
2018,12,15,4,20,8373,349,"20181215","2018121520"
2018,12,15,4,21,8374,349,"20181215","2018121521"
2018,12,15,4,22,8375,349,"20181215","2018121522"
2018,12,15,4,23,8376,349,"20181215","2018121523"
2018,12,16,5,0,8377,350,"20181216","2018121600"
2018,12,16,5,1,8378,350,"20181216","2018121601"
2018,12,16,5,2,8379,350,"20181216","2018121602"
2018,12,16,5,3,8380,350,"20181216","2018121603"
2018,12,16,5,4,8381,350,"20181216","2018121604"
2018,12,16,5,5,8382,350,"20181216","2018121605"
2018,12,16,5,6,8383,350,"20181216","2018121606"
2018,12,16,5,7,8384,350,"20181216","2018121607"
2018,12,16,5,8,8385,350,"20181216","2018121608"
2018,12,16,5,9,8386,350,"20181216","2018121609"
2018,12,16,5,10,8387,350,"20181216","2018121610"
2018,12,16,5,11,8388,350,"20181216","2018121611"
2018,12,16,5,12,8389,350,"20181216","2018121612"
2018,12,16,5,13,8390,350,"20181216","2018121613"
2018,12,16,5,14,8391,350,"20181216","2018121614"
2018,12,16,5,15,8392,350,"20181216","2018121615"
2018,12,16,5,16,8393,350,"20181216","2018121616"
2018,12,16,5,17,8394,350,"20181216","2018121617"
2018,12,16,5,18,8395,350,"20181216","2018121618"
2018,12,16,5,19,8396,350,"20181216","2018121619"
2018,12,16,5,20,8397,350,"20181216","2018121620"
2018,12,16,5,21,8398,350,"20181216","2018121621"
2018,12,16,5,22,8399,350,"20181216","2018121622"
2018,12,16,5,23,8400,350,"20181216","2018121623"
2018,12,17,6,0,8401,351,"20181217","2018121700"
2018,12,17,6,1,8402,351,"20181217","2018121701"
2018,12,17,6,2,8403,351,"20181217","2018121702"
2018,12,17,6,3,8404,351,"20181217","2018121703"
2018,12,17,6,4,8405,351,"20181217","2018121704"
2018,12,17,6,5,8406,351,"20181217","2018121705"
2018,12,17,6,6,8407,351,"20181217","2018121706"
2018,12,17,6,7,8408,351,"20181217","2018121707"
2018,12,17,6,8,8409,351,"20181217","2018121708"
2018,12,17,6,9,8410,351,"20181217","2018121709"
2018,12,17,6,10,8411,351,"20181217","2018121710"
2018,12,17,6,11,8412,351,"20181217","2018121711"
2018,12,17,6,12,8413,351,"20181217","2018121712"
2018,12,17,6,13,8414,351,"20181217","2018121713"
2018,12,17,6,14,8415,351,"20181217","2018121714"
2018,12,17,6,15,8416,351,"20181217","2018121715"
2018,12,17,6,16,8417,351,"20181217","2018121716"
2018,12,17,6,17,8418,351,"20181217","2018121717"
2018,12,17,6,18,8419,351,"20181217","2018121718"
2018,12,17,6,19,8420,351,"20181217","2018121719"
2018,12,17,6,20,8421,351,"20181217","2018121720"
2018,12,17,6,21,8422,351,"20181217","2018121721"
2018,12,17,6,22,8423,351,"20181217","2018121722"
2018,12,17,6,23,8424,351,"20181217","2018121723"
2018,12,18,7,0,8425,352,"20181218","2018121800"
2018,12,18,7,1,8426,352,"20181218","2018121801"
2018,12,18,7,2,8427,352,"20181218","2018121802"
2018,12,18,7,3,8428,352,"20181218","2018121803"
2018,12,18,7,4,8429,352,"20181218","2018121804"
2018,12,18,7,5,8430,352,"20181218","2018121805"
2018,12,18,7,6,8431,352,"20181218","2018121806"
2018,12,18,7,7,8432,352,"20181218","2018121807"
2018,12,18,7,8,8433,352,"20181218","2018121808"
2018,12,18,7,9,8434,352,"20181218","2018121809"
2018,12,18,7,10,8435,352,"20181218","2018121810"
2018,12,18,7,11,8436,352,"20181218","2018121811"
2018,12,18,7,12,8437,352,"20181218","2018121812"
2018,12,18,7,13,8438,352,"20181218","2018121813"
2018,12,18,7,14,8439,352,"20181218","2018121814"
2018,12,18,7,15,8440,352,"20181218","2018121815"
2018,12,18,7,16,8441,352,"20181218","2018121816"
2018,12,18,7,17,8442,352,"20181218","2018121817"
2018,12,18,7,18,8443,352,"20181218","2018121818"
2018,12,18,7,19,8444,352,"20181218","2018121819"
2018,12,18,7,20,8445,352,"20181218","2018121820"
2018,12,18,7,21,8446,352,"20181218","2018121821"
2018,12,18,7,22,8447,352,"20181218","2018121822"
2018,12,18,7,23,8448,352,"20181218","2018121823"
2018,12,19,1,0,8449,353,"20181219","2018121900"
2018,12,19,1,1,8450,353,"20181219","2018121901"
2018,12,19,1,2,8451,353,"20181219","2018121902"
2018,12,19,1,3,8452,353,"20181219","2018121903"
2018,12,19,1,4,8453,353,"20181219","2018121904"
2018,12,19,1,5,8454,353,"20181219","2018121905"
2018,12,19,1,6,8455,353,"20181219","2018121906"
2018,12,19,1,7,8456,353,"20181219","2018121907"
2018,12,19,1,8,8457,353,"20181219","2018121908"
2018,12,19,1,9,8458,353,"20181219","2018121909"
2018,12,19,1,10,8459,353,"20181219","2018121910"
2018,12,19,1,11,8460,353,"20181219","2018121911"
2018,12,19,1,12,8461,353,"20181219","2018121912"
2018,12,19,1,13,8462,353,"20181219","2018121913"
2018,12,19,1,14,8463,353,"20181219","2018121914"
2018,12,19,1,15,8464,353,"20181219","2018121915"
2018,12,19,1,16,8465,353,"20181219","2018121916"
2018,12,19,1,17,8466,353,"20181219","2018121917"
2018,12,19,1,18,8467,353,"20181219","2018121918"
2018,12,19,1,19,8468,353,"20181219","2018121919"
2018,12,19,1,20,8469,353,"20181219","2018121920"
2018,12,19,1,21,8470,353,"20181219","2018121921"
2018,12,19,1,22,8471,353,"20181219","2018121922"
2018,12,19,1,23,8472,353,"20181219","2018121923"
2018,12,20,2,0,8473,354,"20181220","2018122000"
2018,12,20,2,1,8474,354,"20181220","2018122001"
2018,12,20,2,2,8475,354,"20181220","2018122002"
2018,12,20,2,3,8476,354,"20181220","2018122003"
2018,12,20,2,4,8477,354,"20181220","2018122004"
2018,12,20,2,5,8478,354,"20181220","2018122005"
2018,12,20,2,6,8479,354,"20181220","2018122006"
2018,12,20,2,7,8480,354,"20181220","2018122007"
2018,12,20,2,8,8481,354,"20181220","2018122008"
2018,12,20,2,9,8482,354,"20181220","2018122009"
2018,12,20,2,10,8483,354,"20181220","2018122010"
2018,12,20,2,11,8484,354,"20181220","2018122011"
2018,12,20,2,12,8485,354,"20181220","2018122012"
2018,12,20,2,13,8486,354,"20181220","2018122013"
2018,12,20,2,14,8487,354,"20181220","2018122014"
2018,12,20,2,15,8488,354,"20181220","2018122015"
2018,12,20,2,16,8489,354,"20181220","2018122016"
2018,12,20,2,17,8490,354,"20181220","2018122017"
2018,12,20,2,18,8491,354,"20181220","2018122018"
2018,12,20,2,19,8492,354,"20181220","2018122019"
2018,12,20,2,20,8493,354,"20181220","2018122020"
2018,12,20,2,21,8494,354,"20181220","2018122021"
2018,12,20,2,22,8495,354,"20181220","2018122022"
2018,12,20,2,23,8496,354,"20181220","2018122023"
2018,12,21,3,0,8497,355,"20181221","2018122100"
2018,12,21,3,1,8498,355,"20181221","2018122101"
2018,12,21,3,2,8499,355,"20181221","2018122102"
2018,12,21,3,3,8500,355,"20181221","2018122103"
2018,12,21,3,4,8501,355,"20181221","2018122104"
2018,12,21,3,5,8502,355,"20181221","2018122105"
2018,12,21,3,6,8503,355,"20181221","2018122106"
2018,12,21,3,7,8504,355,"20181221","2018122107"
2018,12,21,3,8,8505,355,"20181221","2018122108"
2018,12,21,3,9,8506,355,"20181221","2018122109"
2018,12,21,3,10,8507,355,"20181221","2018122110"
2018,12,21,3,11,8508,355,"20181221","2018122111"
2018,12,21,3,12,8509,355,"20181221","2018122112"
2018,12,21,3,13,8510,355,"20181221","2018122113"
2018,12,21,3,14,8511,355,"20181221","2018122114"
2018,12,21,3,15,8512,355,"20181221","2018122115"
2018,12,21,3,16,8513,355,"20181221","2018122116"
2018,12,21,3,17,8514,355,"20181221","2018122117"
2018,12,21,3,18,8515,355,"20181221","2018122118"
2018,12,21,3,19,8516,355,"20181221","2018122119"
2018,12,21,3,20,8517,355,"20181221","2018122120"
2018,12,21,3,21,8518,355,"20181221","2018122121"
2018,12,21,3,22,8519,355,"20181221","2018122122"
2018,12,21,3,23,8520,355,"20181221","2018122123"
2018,12,22,4,0,8521,356,"20181222","2018122200"
2018,12,22,4,1,8522,356,"20181222","2018122201"
2018,12,22,4,2,8523,356,"20181222","2018122202"
2018,12,22,4,3,8524,356,"20181222","2018122203"
2018,12,22,4,4,8525,356,"20181222","2018122204"
2018,12,22,4,5,8526,356,"20181222","2018122205"
2018,12,22,4,6,8527,356,"20181222","2018122206"
2018,12,22,4,7,8528,356,"20181222","2018122207"
2018,12,22,4,8,8529,356,"20181222","2018122208"
2018,12,22,4,9,8530,356,"20181222","2018122209"
2018,12,22,4,10,8531,356,"20181222","2018122210"
2018,12,22,4,11,8532,356,"20181222","2018122211"
2018,12,22,4,12,8533,356,"20181222","2018122212"
2018,12,22,4,13,8534,356,"20181222","2018122213"
2018,12,22,4,14,8535,356,"20181222","2018122214"
2018,12,22,4,15,8536,356,"20181222","2018122215"
2018,12,22,4,16,8537,356,"20181222","2018122216"
2018,12,22,4,17,8538,356,"20181222","2018122217"
2018,12,22,4,18,8539,356,"20181222","2018122218"
2018,12,22,4,19,8540,356,"20181222","2018122219"
2018,12,22,4,20,8541,356,"20181222","2018122220"
2018,12,22,4,21,8542,356,"20181222","2018122221"
2018,12,22,4,22,8543,356,"20181222","2018122222"
2018,12,22,4,23,8544,356,"20181222","2018122223"
2018,12,23,5,0,8545,357,"20181223","2018122300"
2018,12,23,5,1,8546,357,"20181223","2018122301"
2018,12,23,5,2,8547,357,"20181223","2018122302"
2018,12,23,5,3,8548,357,"20181223","2018122303"
2018,12,23,5,4,8549,357,"20181223","2018122304"
2018,12,23,5,5,8550,357,"20181223","2018122305"
2018,12,23,5,6,8551,357,"20181223","2018122306"
2018,12,23,5,7,8552,357,"20181223","2018122307"
2018,12,23,5,8,8553,357,"20181223","2018122308"
2018,12,23,5,9,8554,357,"20181223","2018122309"
2018,12,23,5,10,8555,357,"20181223","2018122310"
2018,12,23,5,11,8556,357,"20181223","2018122311"
2018,12,23,5,12,8557,357,"20181223","2018122312"
2018,12,23,5,13,8558,357,"20181223","2018122313"
2018,12,23,5,14,8559,357,"20181223","2018122314"
2018,12,23,5,15,8560,357,"20181223","2018122315"
2018,12,23,5,16,8561,357,"20181223","2018122316"
2018,12,23,5,17,8562,357,"20181223","2018122317"
2018,12,23,5,18,8563,357,"20181223","2018122318"
2018,12,23,5,19,8564,357,"20181223","2018122319"
2018,12,23,5,20,8565,357,"20181223","2018122320"
2018,12,23,5,21,8566,357,"20181223","2018122321"
2018,12,23,5,22,8567,357,"20181223","2018122322"
2018,12,23,5,23,8568,357,"20181223","2018122323"
2018,12,24,6,0,8569,358,"20181224","2018122400"
2018,12,24,6,1,8570,358,"20181224","2018122401"
2018,12,24,6,2,8571,358,"20181224","2018122402"
2018,12,24,6,3,8572,358,"20181224","2018122403"
2018,12,24,6,4,8573,358,"20181224","2018122404"
2018,12,24,6,5,8574,358,"20181224","2018122405"
2018,12,24,6,6,8575,358,"20181224","2018122406"
2018,12,24,6,7,8576,358,"20181224","2018122407"
2018,12,24,6,8,8577,358,"20181224","2018122408"
2018,12,24,6,9,8578,358,"20181224","2018122409"
2018,12,24,6,10,8579,358,"20181224","2018122410"
2018,12,24,6,11,8580,358,"20181224","2018122411"
2018,12,24,6,12,8581,358,"20181224","2018122412"
2018,12,24,6,13,8582,358,"20181224","2018122413"
2018,12,24,6,14,8583,358,"20181224","2018122414"
2018,12,24,6,15,8584,358,"20181224","2018122415"
2018,12,24,6,16,8585,358,"20181224","2018122416"
2018,12,24,6,17,8586,358,"20181224","2018122417"
2018,12,24,6,18,8587,358,"20181224","2018122418"
2018,12,24,6,19,8588,358,"20181224","2018122419"
2018,12,24,6,20,8589,358,"20181224","2018122420"
2018,12,24,6,21,8590,358,"20181224","2018122421"
2018,12,24,6,22,8591,358,"20181224","2018122422"
2018,12,24,6,23,8592,358,"20181224","2018122423"
2018,12,25,7,0,8593,359,"20181225","2018122500"
2018,12,25,7,1,8594,359,"20181225","2018122501"
2018,12,25,7,2,8595,359,"20181225","2018122502"
2018,12,25,7,3,8596,359,"20181225","2018122503"
2018,12,25,7,4,8597,359,"20181225","2018122504"
2018,12,25,7,5,8598,359,"20181225","2018122505"
2018,12,25,7,6,8599,359,"20181225","2018122506"
2018,12,25,7,7,8600,359,"20181225","2018122507"
2018,12,25,7,8,8601,359,"20181225","2018122508"
2018,12,25,7,9,8602,359,"20181225","2018122509"
2018,12,25,7,10,8603,359,"20181225","2018122510"
2018,12,25,7,11,8604,359,"20181225","2018122511"
2018,12,25,7,12,8605,359,"20181225","2018122512"
2018,12,25,7,13,8606,359,"20181225","2018122513"
2018,12,25,7,14,8607,359,"20181225","2018122514"
2018,12,25,7,15,8608,359,"20181225","2018122515"
2018,12,25,7,16,8609,359,"20181225","2018122516"
2018,12,25,7,17,8610,359,"20181225","2018122517"
2018,12,25,7,18,8611,359,"20181225","2018122518"
2018,12,25,7,19,8612,359,"20181225","2018122519"
2018,12,25,7,20,8613,359,"20181225","2018122520"
2018,12,25,7,21,8614,359,"20181225","2018122521"
2018,12,25,7,22,8615,359,"20181225","2018122522"
2018,12,25,7,23,8616,359,"20181225","2018122523"
2018,12,26,1,0,8617,360,"20181226","2018122600"
2018,12,26,1,1,8618,360,"20181226","2018122601"
2018,12,26,1,2,8619,360,"20181226","2018122602"
2018,12,26,1,3,8620,360,"20181226","2018122603"
2018,12,26,1,4,8621,360,"20181226","2018122604"
2018,12,26,1,5,8622,360,"20181226","2018122605"
2018,12,26,1,6,8623,360,"20181226","2018122606"
2018,12,26,1,7,8624,360,"20181226","2018122607"
2018,12,26,1,8,8625,360,"20181226","2018122608"
2018,12,26,1,9,8626,360,"20181226","2018122609"
2018,12,26,1,10,8627,360,"20181226","2018122610"
2018,12,26,1,11,8628,360,"20181226","2018122611"
2018,12,26,1,12,8629,360,"20181226","2018122612"
2018,12,26,1,13,8630,360,"20181226","2018122613"
2018,12,26,1,14,8631,360,"20181226","2018122614"
2018,12,26,1,15,8632,360,"20181226","2018122615"
2018,12,26,1,16,8633,360,"20181226","2018122616"
2018,12,26,1,17,8634,360,"20181226","2018122617"
2018,12,26,1,18,8635,360,"20181226","2018122618"
2018,12,26,1,19,8636,360,"20181226","2018122619"
2018,12,26,1,20,8637,360,"20181226","2018122620"
2018,12,26,1,21,8638,360,"20181226","2018122621"
2018,12,26,1,22,8639,360,"20181226","2018122622"
2018,12,26,1,23,8640,360,"20181226","2018122623"
2018,12,27,2,0,8641,361,"20181227","2018122700"
2018,12,27,2,1,8642,361,"20181227","2018122701"
2018,12,27,2,2,8643,361,"20181227","2018122702"
2018,12,27,2,3,8644,361,"20181227","2018122703"
2018,12,27,2,4,8645,361,"20181227","2018122704"
2018,12,27,2,5,8646,361,"20181227","2018122705"
2018,12,27,2,6,8647,361,"20181227","2018122706"
2018,12,27,2,7,8648,361,"20181227","2018122707"
2018,12,27,2,8,8649,361,"20181227","2018122708"
2018,12,27,2,9,8650,361,"20181227","2018122709"
2018,12,27,2,10,8651,361,"20181227","2018122710"
2018,12,27,2,11,8652,361,"20181227","2018122711"
2018,12,27,2,12,8653,361,"20181227","2018122712"
2018,12,27,2,13,8654,361,"20181227","2018122713"
2018,12,27,2,14,8655,361,"20181227","2018122714"
2018,12,27,2,15,8656,361,"20181227","2018122715"
2018,12,27,2,16,8657,361,"20181227","2018122716"
2018,12,27,2,17,8658,361,"20181227","2018122717"
2018,12,27,2,18,8659,361,"20181227","2018122718"
2018,12,27,2,19,8660,361,"20181227","2018122719"
2018,12,27,2,20,8661,361,"20181227","2018122720"
2018,12,27,2,21,8662,361,"20181227","2018122721"
2018,12,27,2,22,8663,361,"20181227","2018122722"
2018,12,27,2,23,8664,361,"20181227","2018122723"
2018,12,28,3,0,8665,362,"20181228","2018122800"
2018,12,28,3,1,8666,362,"20181228","2018122801"
2018,12,28,3,2,8667,362,"20181228","2018122802"
2018,12,28,3,3,8668,362,"20181228","2018122803"
2018,12,28,3,4,8669,362,"20181228","2018122804"
2018,12,28,3,5,8670,362,"20181228","2018122805"
2018,12,28,3,6,8671,362,"20181228","2018122806"
2018,12,28,3,7,8672,362,"20181228","2018122807"
2018,12,28,3,8,8673,362,"20181228","2018122808"
2018,12,28,3,9,8674,362,"20181228","2018122809"
2018,12,28,3,10,8675,362,"20181228","2018122810"
2018,12,28,3,11,8676,362,"20181228","2018122811"
2018,12,28,3,12,8677,362,"20181228","2018122812"
2018,12,28,3,13,8678,362,"20181228","2018122813"
2018,12,28,3,14,8679,362,"20181228","2018122814"
2018,12,28,3,15,8680,362,"20181228","2018122815"
2018,12,28,3,16,8681,362,"20181228","2018122816"
2018,12,28,3,17,8682,362,"20181228","2018122817"
2018,12,28,3,18,8683,362,"20181228","2018122818"
2018,12,28,3,19,8684,362,"20181228","2018122819"
2018,12,28,3,20,8685,362,"20181228","2018122820"
2018,12,28,3,21,8686,362,"20181228","2018122821"
2018,12,28,3,22,8687,362,"20181228","2018122822"
2018,12,28,3,23,8688,362,"20181228","2018122823"
2018,12,29,4,0,8689,363,"20181229","2018122900"
2018,12,29,4,1,8690,363,"20181229","2018122901"
2018,12,29,4,2,8691,363,"20181229","2018122902"
2018,12,29,4,3,8692,363,"20181229","2018122903"
2018,12,29,4,4,8693,363,"20181229","2018122904"
2018,12,29,4,5,8694,363,"20181229","2018122905"
2018,12,29,4,6,8695,363,"20181229","2018122906"
2018,12,29,4,7,8696,363,"20181229","2018122907"
2018,12,29,4,8,8697,363,"20181229","2018122908"
2018,12,29,4,9,8698,363,"20181229","2018122909"
2018,12,29,4,10,8699,363,"20181229","2018122910"
2018,12,29,4,11,8700,363,"20181229","2018122911"
2018,12,29,4,12,8701,363,"20181229","2018122912"
2018,12,29,4,13,8702,363,"20181229","2018122913"
2018,12,29,4,14,8703,363,"20181229","2018122914"
2018,12,29,4,15,8704,363,"20181229","2018122915"
2018,12,29,4,16,8705,363,"20181229","2018122916"
2018,12,29,4,17,8706,363,"20181229","2018122917"
2018,12,29,4,18,8707,363,"20181229","2018122918"
2018,12,29,4,19,8708,363,"20181229","2018122919"
2018,12,29,4,20,8709,363,"20181229","2018122920"
2018,12,29,4,21,8710,363,"20181229","2018122921"
2018,12,29,4,22,8711,363,"20181229","2018122922"
2018,12,29,4,23,8712,363,"20181229","2018122923"
2018,12,30,5,0,8713,364,"20181230","2018123000"
2018,12,30,5,1,8714,364,"20181230","2018123001"
2018,12,30,5,2,8715,364,"20181230","2018123002"
2018,12,30,5,3,8716,364,"20181230","2018123003"
2018,12,30,5,4,8717,364,"20181230","2018123004"
2018,12,30,5,5,8718,364,"20181230","2018123005"
2018,12,30,5,6,8719,364,"20181230","2018123006"
2018,12,30,5,7,8720,364,"20181230","2018123007"
2018,12,30,5,8,8721,364,"20181230","2018123008"
2018,12,30,5,9,8722,364,"20181230","2018123009"
2018,12,30,5,10,8723,364,"20181230","2018123010"
2018,12,30,5,11,8724,364,"20181230","2018123011"
2018,12,30,5,12,8725,364,"20181230","2018123012"
2018,12,30,5,13,8726,364,"20181230","2018123013"
2018,12,30,5,14,8727,364,"20181230","2018123014"
2018,12,30,5,15,8728,364,"20181230","2018123015"
2018,12,30,5,16,8729,364,"20181230","2018123016"
2018,12,30,5,17,8730,364,"20181230","2018123017"
2018,12,30,5,18,8731,364,"20181230","2018123018"
2018,12,30,5,19,8732,364,"20181230","2018123019"
2018,12,30,5,20,8733,364,"20181230","2018123020"
2018,12,30,5,21,8734,364,"20181230","2018123021"
2018,12,30,5,22,8735,364,"20181230","2018123022"
2018,12,30,5,23,8736,364,"20181230","2018123023"
2018,12,31,6,0,8737,365,"20181231","2018123100"
2018,12,31,6,1,8738,365,"20181231","2018123101"
2018,12,31,6,2,8739,365,"20181231","2018123102"
2018,12,31,6,3,8740,365,"20181231","2018123103"
2018,12,31,6,4,8741,365,"20181231","2018123104"
2018,12,31,6,5,8742,365,"20181231","2018123105"
2018,12,31,6,6,8743,365,"20181231","2018123106"
2018,12,31,6,7,8744,365,"20181231","2018123107"
2018,12,31,6,8,8745,365,"20181231","2018123108"
2018,12,31,6,9,8746,365,"20181231","2018123109"
2018,12,31,6,10,8747,365,"20181231","2018123110"
2018,12,31,6,11,8748,365,"20181231","2018123111"
2018,12,31,6,12,8749,365,"20181231","2018123112"
2018,12,31,6,13,8750,365,"20181231","2018123113"
2018,12,31,6,14,8751,365,"20181231","2018123114"
2018,12,31,6,15,8752,365,"20181231","2018123115"
2018,12,31,6,16,8753,365,"20181231","2018123116"
2018,12,31,6,17,8754,365,"20181231","2018123117"
2018,12,31,6,18,8755,365,"20181231","2018123118"
2018,12,31,6,19,8756,365,"20181231","2018123119"
2018,12,31,6,20,8757,365,"20181231","2018123120"
2018,12,31,6,21,8758,365,"20181231","2018123121"
2018,12,31,6,22,8759,365,"20181231","2018123122"
2018,12,31,6,23,8760,365,"20181231","2018123123"
