year,mon,day,dow,hour,chr,cday,date,datetime
2019,1,1,6,0,1,1,20190101,2019010100
2019,1,1,6,1,2,1,20190101,2019010101
2019,1,1,6,2,3,1,20190101,2019010102
2019,1,1,6,3,4,1,20190101,2019010103
2019,1,1,6,4,5,1,20190101,2019010104
2019,1,1,6,5,6,1,20190101,2019010105
2019,1,1,6,6,7,1,20190101,2019010106
2019,1,1,6,7,8,1,20190101,2019010107
2019,1,1,6,8,9,1,20190101,2019010108
2019,1,1,6,9,10,1,20190101,2019010109
2019,1,1,6,10,11,1,20190101,2019010110
2019,1,1,6,11,12,1,20190101,2019010111
2019,1,1,6,12,13,1,20190101,2019010112
2019,1,1,6,13,14,1,20190101,2019010113
2019,1,1,6,14,15,1,20190101,2019010114
2019,1,1,6,15,16,1,20190101,2019010115
2019,1,1,6,16,17,1,20190101,2019010116
2019,1,1,6,17,18,1,20190101,2019010117
2019,1,1,6,18,19,1,20190101,2019010118
2019,1,1,6,19,20,1,20190101,2019010119
2019,1,1,6,20,21,1,20190101,2019010120
2019,1,1,6,21,22,1,20190101,2019010121
2019,1,1,6,22,23,1,20190101,2019010122
2019,1,1,6,23,24,1,20190101,2019010123
2019,1,2,7,0,25,2,20190102,2019010200
2019,1,2,7,1,26,2,20190102,2019010201
2019,1,2,7,2,27,2,20190102,2019010202
2019,1,2,7,3,28,2,20190102,2019010203
2019,1,2,7,4,29,2,20190102,2019010204
2019,1,2,7,5,30,2,20190102,2019010205
2019,1,2,7,6,31,2,20190102,2019010206
2019,1,2,7,7,32,2,20190102,2019010207
2019,1,2,7,8,33,2,20190102,2019010208
2019,1,2,7,9,34,2,20190102,2019010209
2019,1,2,7,10,35,2,20190102,2019010210
2019,1,2,7,11,36,2,20190102,2019010211
2019,1,2,7,12,37,2,20190102,2019010212
2019,1,2,7,13,38,2,20190102,2019010213
2019,1,2,7,14,39,2,20190102,2019010214
2019,1,2,7,15,40,2,20190102,2019010215
2019,1,2,7,16,41,2,20190102,2019010216
2019,1,2,7,17,42,2,20190102,2019010217
2019,1,2,7,18,43,2,20190102,2019010218
2019,1,2,7,19,44,2,20190102,2019010219
2019,1,2,7,20,45,2,20190102,2019010220
2019,1,2,7,21,46,2,20190102,2019010221
2019,1,2,7,22,47,2,20190102,2019010222
2019,1,2,7,23,48,2,20190102,2019010223
2019,1,3,1,0,49,3,20190103,2019010300
2019,1,3,1,1,50,3,20190103,2019010301
2019,1,3,1,2,51,3,20190103,2019010302
2019,1,3,1,3,52,3,20190103,2019010303
2019,1,3,1,4,53,3,20190103,2019010304
2019,1,3,1,5,54,3,20190103,2019010305
2019,1,3,1,6,55,3,20190103,2019010306
2019,1,3,1,7,56,3,20190103,2019010307
2019,1,3,1,8,57,3,20190103,2019010308
2019,1,3,1,9,58,3,20190103,2019010309
2019,1,3,1,10,59,3,20190103,2019010310
2019,1,3,1,11,60,3,20190103,2019010311
2019,1,3,1,12,61,3,20190103,2019010312
2019,1,3,1,13,62,3,20190103,2019010313
2019,1,3,1,14,63,3,20190103,2019010314
2019,1,3,1,15,64,3,20190103,2019010315
2019,1,3,1,16,65,3,20190103,2019010316
2019,1,3,1,17,66,3,20190103,2019010317
2019,1,3,1,18,67,3,20190103,2019010318
2019,1,3,1,19,68,3,20190103,2019010319
2019,1,3,1,20,69,3,20190103,2019010320
2019,1,3,1,21,70,3,20190103,2019010321
2019,1,3,1,22,71,3,20190103,2019010322
2019,1,3,1,23,72,3,20190103,2019010323
2019,1,4,2,0,73,4,20190104,2019010400
2019,1,4,2,1,74,4,20190104,2019010401
2019,1,4,2,2,75,4,20190104,2019010402
2019,1,4,2,3,76,4,20190104,2019010403
2019,1,4,2,4,77,4,20190104,2019010404
2019,1,4,2,5,78,4,20190104,2019010405
2019,1,4,2,6,79,4,20190104,2019010406
2019,1,4,2,7,80,4,20190104,2019010407
2019,1,4,2,8,81,4,20190104,2019010408
2019,1,4,2,9,82,4,20190104,2019010409
2019,1,4,2,10,83,4,20190104,2019010410
2019,1,4,2,11,84,4,20190104,2019010411
2019,1,4,2,12,85,4,20190104,2019010412
2019,1,4,2,13,86,4,20190104,2019010413
2019,1,4,2,14,87,4,20190104,2019010414
2019,1,4,2,15,88,4,20190104,2019010415
2019,1,4,2,16,89,4,20190104,2019010416
2019,1,4,2,17,90,4,20190104,2019010417
2019,1,4,2,18,91,4,20190104,2019010418
2019,1,4,2,19,92,4,20190104,2019010419
2019,1,4,2,20,93,4,20190104,2019010420
2019,1,4,2,21,94,4,20190104,2019010421
2019,1,4,2,22,95,4,20190104,2019010422
2019,1,4,2,23,96,4,20190104,2019010423
2019,1,5,3,0,97,5,20190105,2019010500
2019,1,5,3,1,98,5,20190105,2019010501
2019,1,5,3,2,99,5,20190105,2019010502
2019,1,5,3,3,100,5,20190105,2019010503
2019,1,5,3,4,101,5,20190105,2019010504
2019,1,5,3,5,102,5,20190105,2019010505
2019,1,5,3,6,103,5,20190105,2019010506
2019,1,5,3,7,104,5,20190105,2019010507
2019,1,5,3,8,105,5,20190105,2019010508
2019,1,5,3,9,106,5,20190105,2019010509
2019,1,5,3,10,107,5,20190105,2019010510
2019,1,5,3,11,108,5,20190105,2019010511
2019,1,5,3,12,109,5,20190105,2019010512
2019,1,5,3,13,110,5,20190105,2019010513
2019,1,5,3,14,111,5,20190105,2019010514
2019,1,5,3,15,112,5,20190105,2019010515
2019,1,5,3,16,113,5,20190105,2019010516
2019,1,5,3,17,114,5,20190105,2019010517
2019,1,5,3,18,115,5,20190105,2019010518
2019,1,5,3,19,116,5,20190105,2019010519
2019,1,5,3,20,117,5,20190105,2019010520
2019,1,5,3,21,118,5,20190105,2019010521
2019,1,5,3,22,119,5,20190105,2019010522
2019,1,5,3,23,120,5,20190105,2019010523
2019,1,6,4,0,121,6,20190106,2019010600
2019,1,6,4,1,122,6,20190106,2019010601
2019,1,6,4,2,123,6,20190106,2019010602
2019,1,6,4,3,124,6,20190106,2019010603
2019,1,6,4,4,125,6,20190106,2019010604
2019,1,6,4,5,126,6,20190106,2019010605
2019,1,6,4,6,127,6,20190106,2019010606
2019,1,6,4,7,128,6,20190106,2019010607
2019,1,6,4,8,129,6,20190106,2019010608
2019,1,6,4,9,130,6,20190106,2019010609
2019,1,6,4,10,131,6,20190106,2019010610
2019,1,6,4,11,132,6,20190106,2019010611
2019,1,6,4,12,133,6,20190106,2019010612
2019,1,6,4,13,134,6,20190106,2019010613
2019,1,6,4,14,135,6,20190106,2019010614
2019,1,6,4,15,136,6,20190106,2019010615
2019,1,6,4,16,137,6,20190106,2019010616
2019,1,6,4,17,138,6,20190106,2019010617
2019,1,6,4,18,139,6,20190106,2019010618
2019,1,6,4,19,140,6,20190106,2019010619
2019,1,6,4,20,141,6,20190106,2019010620
2019,1,6,4,21,142,6,20190106,2019010621
2019,1,6,4,22,143,6,20190106,2019010622
2019,1,6,4,23,144,6,20190106,2019010623
2019,1,7,5,0,145,7,20190107,2019010700
2019,1,7,5,1,146,7,20190107,2019010701
2019,1,7,5,2,147,7,20190107,2019010702
2019,1,7,5,3,148,7,20190107,2019010703
2019,1,7,5,4,149,7,20190107,2019010704
2019,1,7,5,5,150,7,20190107,2019010705
2019,1,7,5,6,151,7,20190107,2019010706
2019,1,7,5,7,152,7,20190107,2019010707
2019,1,7,5,8,153,7,20190107,2019010708
2019,1,7,5,9,154,7,20190107,2019010709
2019,1,7,5,10,155,7,20190107,2019010710
2019,1,7,5,11,156,7,20190107,2019010711
2019,1,7,5,12,157,7,20190107,2019010712
2019,1,7,5,13,158,7,20190107,2019010713
2019,1,7,5,14,159,7,20190107,2019010714
2019,1,7,5,15,160,7,20190107,2019010715
2019,1,7,5,16,161,7,20190107,2019010716
2019,1,7,5,17,162,7,20190107,2019010717
2019,1,7,5,18,163,7,20190107,2019010718
2019,1,7,5,19,164,7,20190107,2019010719
2019,1,7,5,20,165,7,20190107,2019010720
2019,1,7,5,21,166,7,20190107,2019010721
2019,1,7,5,22,167,7,20190107,2019010722
2019,1,7,5,23,168,7,20190107,2019010723
2019,1,8,6,0,169,8,20190108,2019010800
2019,1,8,6,1,170,8,20190108,2019010801
2019,1,8,6,2,171,8,20190108,2019010802
2019,1,8,6,3,172,8,20190108,2019010803
2019,1,8,6,4,173,8,20190108,2019010804
2019,1,8,6,5,174,8,20190108,2019010805
2019,1,8,6,6,175,8,20190108,2019010806
2019,1,8,6,7,176,8,20190108,2019010807
2019,1,8,6,8,177,8,20190108,2019010808
2019,1,8,6,9,178,8,20190108,2019010809
2019,1,8,6,10,179,8,20190108,2019010810
2019,1,8,6,11,180,8,20190108,2019010811
2019,1,8,6,12,181,8,20190108,2019010812
2019,1,8,6,13,182,8,20190108,2019010813
2019,1,8,6,14,183,8,20190108,2019010814
2019,1,8,6,15,184,8,20190108,2019010815
2019,1,8,6,16,185,8,20190108,2019010816
2019,1,8,6,17,186,8,20190108,2019010817
2019,1,8,6,18,187,8,20190108,2019010818
2019,1,8,6,19,188,8,20190108,2019010819
2019,1,8,6,20,189,8,20190108,2019010820
2019,1,8,6,21,190,8,20190108,2019010821
2019,1,8,6,22,191,8,20190108,2019010822
2019,1,8,6,23,192,8,20190108,2019010823
2019,1,9,7,0,193,9,20190109,2019010900
2019,1,9,7,1,194,9,20190109,2019010901
2019,1,9,7,2,195,9,20190109,2019010902
2019,1,9,7,3,196,9,20190109,2019010903
2019,1,9,7,4,197,9,20190109,2019010904
2019,1,9,7,5,198,9,20190109,2019010905
2019,1,9,7,6,199,9,20190109,2019010906
2019,1,9,7,7,200,9,20190109,2019010907
2019,1,9,7,8,201,9,20190109,2019010908
2019,1,9,7,9,202,9,20190109,2019010909
2019,1,9,7,10,203,9,20190109,2019010910
2019,1,9,7,11,204,9,20190109,2019010911
2019,1,9,7,12,205,9,20190109,2019010912
2019,1,9,7,13,206,9,20190109,2019010913
2019,1,9,7,14,207,9,20190109,2019010914
2019,1,9,7,15,208,9,20190109,2019010915
2019,1,9,7,16,209,9,20190109,2019010916
2019,1,9,7,17,210,9,20190109,2019010917
2019,1,9,7,18,211,9,20190109,2019010918
2019,1,9,7,19,212,9,20190109,2019010919
2019,1,9,7,20,213,9,20190109,2019010920
2019,1,9,7,21,214,9,20190109,2019010921
2019,1,9,7,22,215,9,20190109,2019010922
2019,1,9,7,23,216,9,20190109,2019010923
2019,1,10,1,0,217,10,20190110,2019011000
2019,1,10,1,1,218,10,20190110,2019011001
2019,1,10,1,2,219,10,20190110,2019011002
2019,1,10,1,3,220,10,20190110,2019011003
2019,1,10,1,4,221,10,20190110,2019011004
2019,1,10,1,5,222,10,20190110,2019011005
2019,1,10,1,6,223,10,20190110,2019011006
2019,1,10,1,7,224,10,20190110,2019011007
2019,1,10,1,8,225,10,20190110,2019011008
2019,1,10,1,9,226,10,20190110,2019011009
2019,1,10,1,10,227,10,20190110,2019011010
2019,1,10,1,11,228,10,20190110,2019011011
2019,1,10,1,12,229,10,20190110,2019011012
2019,1,10,1,13,230,10,20190110,2019011013
2019,1,10,1,14,231,10,20190110,2019011014
2019,1,10,1,15,232,10,20190110,2019011015
2019,1,10,1,16,233,10,20190110,2019011016
2019,1,10,1,17,234,10,20190110,2019011017
2019,1,10,1,18,235,10,20190110,2019011018
2019,1,10,1,19,236,10,20190110,2019011019
2019,1,10,1,20,237,10,20190110,2019011020
2019,1,10,1,21,238,10,20190110,2019011021
2019,1,10,1,22,239,10,20190110,2019011022
2019,1,10,1,23,240,10,20190110,2019011023
2019,1,11,2,0,241,11,20190111,2019011100
2019,1,11,2,1,242,11,20190111,2019011101
2019,1,11,2,2,243,11,20190111,2019011102
2019,1,11,2,3,244,11,20190111,2019011103
2019,1,11,2,4,245,11,20190111,2019011104
2019,1,11,2,5,246,11,20190111,2019011105
2019,1,11,2,6,247,11,20190111,2019011106
2019,1,11,2,7,248,11,20190111,2019011107
2019,1,11,2,8,249,11,20190111,2019011108
2019,1,11,2,9,250,11,20190111,2019011109
2019,1,11,2,10,251,11,20190111,2019011110
2019,1,11,2,11,252,11,20190111,2019011111
2019,1,11,2,12,253,11,20190111,2019011112
2019,1,11,2,13,254,11,20190111,2019011113
2019,1,11,2,14,255,11,20190111,2019011114
2019,1,11,2,15,256,11,20190111,2019011115
2019,1,11,2,16,257,11,20190111,2019011116
2019,1,11,2,17,258,11,20190111,2019011117
2019,1,11,2,18,259,11,20190111,2019011118
2019,1,11,2,19,260,11,20190111,2019011119
2019,1,11,2,20,261,11,20190111,2019011120
2019,1,11,2,21,262,11,20190111,2019011121
2019,1,11,2,22,263,11,20190111,2019011122
2019,1,11,2,23,264,11,20190111,2019011123
2019,1,12,3,0,265,12,20190112,2019011200
2019,1,12,3,1,266,12,20190112,2019011201
2019,1,12,3,2,267,12,20190112,2019011202
2019,1,12,3,3,268,12,20190112,2019011203
2019,1,12,3,4,269,12,20190112,2019011204
2019,1,12,3,5,270,12,20190112,2019011205
2019,1,12,3,6,271,12,20190112,2019011206
2019,1,12,3,7,272,12,20190112,2019011207
2019,1,12,3,8,273,12,20190112,2019011208
2019,1,12,3,9,274,12,20190112,2019011209
2019,1,12,3,10,275,12,20190112,2019011210
2019,1,12,3,11,276,12,20190112,2019011211
2019,1,12,3,12,277,12,20190112,2019011212
2019,1,12,3,13,278,12,20190112,2019011213
2019,1,12,3,14,279,12,20190112,2019011214
2019,1,12,3,15,280,12,20190112,2019011215
2019,1,12,3,16,281,12,20190112,2019011216
2019,1,12,3,17,282,12,20190112,2019011217
2019,1,12,3,18,283,12,20190112,2019011218
2019,1,12,3,19,284,12,20190112,2019011219
2019,1,12,3,20,285,12,20190112,2019011220
2019,1,12,3,21,286,12,20190112,2019011221
2019,1,12,3,22,287,12,20190112,2019011222
2019,1,12,3,23,288,12,20190112,2019011223
2019,1,13,4,0,289,13,20190113,2019011300
2019,1,13,4,1,290,13,20190113,2019011301
2019,1,13,4,2,291,13,20190113,2019011302
2019,1,13,4,3,292,13,20190113,2019011303
2019,1,13,4,4,293,13,20190113,2019011304
2019,1,13,4,5,294,13,20190113,2019011305
2019,1,13,4,6,295,13,20190113,2019011306
2019,1,13,4,7,296,13,20190113,2019011307
2019,1,13,4,8,297,13,20190113,2019011308
2019,1,13,4,9,298,13,20190113,2019011309
2019,1,13,4,10,299,13,20190113,2019011310
2019,1,13,4,11,300,13,20190113,2019011311
2019,1,13,4,12,301,13,20190113,2019011312
2019,1,13,4,13,302,13,20190113,2019011313
2019,1,13,4,14,303,13,20190113,2019011314
2019,1,13,4,15,304,13,20190113,2019011315
2019,1,13,4,16,305,13,20190113,2019011316
2019,1,13,4,17,306,13,20190113,2019011317
2019,1,13,4,18,307,13,20190113,2019011318
2019,1,13,4,19,308,13,20190113,2019011319
2019,1,13,4,20,309,13,20190113,2019011320
2019,1,13,4,21,310,13,20190113,2019011321
2019,1,13,4,22,311,13,20190113,2019011322
2019,1,13,4,23,312,13,20190113,2019011323
2019,1,14,5,0,313,14,20190114,2019011400
2019,1,14,5,1,314,14,20190114,2019011401
2019,1,14,5,2,315,14,20190114,2019011402
2019,1,14,5,3,316,14,20190114,2019011403
2019,1,14,5,4,317,14,20190114,2019011404
2019,1,14,5,5,318,14,20190114,2019011405
2019,1,14,5,6,319,14,20190114,2019011406
2019,1,14,5,7,320,14,20190114,2019011407
2019,1,14,5,8,321,14,20190114,2019011408
2019,1,14,5,9,322,14,20190114,2019011409
2019,1,14,5,10,323,14,20190114,2019011410
2019,1,14,5,11,324,14,20190114,2019011411
2019,1,14,5,12,325,14,20190114,2019011412
2019,1,14,5,13,326,14,20190114,2019011413
2019,1,14,5,14,327,14,20190114,2019011414
2019,1,14,5,15,328,14,20190114,2019011415
2019,1,14,5,16,329,14,20190114,2019011416
2019,1,14,5,17,330,14,20190114,2019011417
2019,1,14,5,18,331,14,20190114,2019011418
2019,1,14,5,19,332,14,20190114,2019011419
2019,1,14,5,20,333,14,20190114,2019011420
2019,1,14,5,21,334,14,20190114,2019011421
2019,1,14,5,22,335,14,20190114,2019011422
2019,1,14,5,23,336,14,20190114,2019011423
2019,1,15,6,0,337,15,20190115,2019011500
2019,1,15,6,1,338,15,20190115,2019011501
2019,1,15,6,2,339,15,20190115,2019011502
2019,1,15,6,3,340,15,20190115,2019011503
2019,1,15,6,4,341,15,20190115,2019011504
2019,1,15,6,5,342,15,20190115,2019011505
2019,1,15,6,6,343,15,20190115,2019011506
2019,1,15,6,7,344,15,20190115,2019011507
2019,1,15,6,8,345,15,20190115,2019011508
2019,1,15,6,9,346,15,20190115,2019011509
2019,1,15,6,10,347,15,20190115,2019011510
2019,1,15,6,11,348,15,20190115,2019011511
2019,1,15,6,12,349,15,20190115,2019011512
2019,1,15,6,13,350,15,20190115,2019011513
2019,1,15,6,14,351,15,20190115,2019011514
2019,1,15,6,15,352,15,20190115,2019011515
2019,1,15,6,16,353,15,20190115,2019011516
2019,1,15,6,17,354,15,20190115,2019011517
2019,1,15,6,18,355,15,20190115,2019011518
2019,1,15,6,19,356,15,20190115,2019011519
2019,1,15,6,20,357,15,20190115,2019011520
2019,1,15,6,21,358,15,20190115,2019011521
2019,1,15,6,22,359,15,20190115,2019011522
2019,1,15,6,23,360,15,20190115,2019011523
2019,1,16,7,0,361,16,20190116,2019011600
2019,1,16,7,1,362,16,20190116,2019011601
2019,1,16,7,2,363,16,20190116,2019011602
2019,1,16,7,3,364,16,20190116,2019011603
2019,1,16,7,4,365,16,20190116,2019011604
2019,1,16,7,5,366,16,20190116,2019011605
2019,1,16,7,6,367,16,20190116,2019011606
2019,1,16,7,7,368,16,20190116,2019011607
2019,1,16,7,8,369,16,20190116,2019011608
2019,1,16,7,9,370,16,20190116,2019011609
2019,1,16,7,10,371,16,20190116,2019011610
2019,1,16,7,11,372,16,20190116,2019011611
2019,1,16,7,12,373,16,20190116,2019011612
2019,1,16,7,13,374,16,20190116,2019011613
2019,1,16,7,14,375,16,20190116,2019011614
2019,1,16,7,15,376,16,20190116,2019011615
2019,1,16,7,16,377,16,20190116,2019011616
2019,1,16,7,17,378,16,20190116,2019011617
2019,1,16,7,18,379,16,20190116,2019011618
2019,1,16,7,19,380,16,20190116,2019011619
2019,1,16,7,20,381,16,20190116,2019011620
2019,1,16,7,21,382,16,20190116,2019011621
2019,1,16,7,22,383,16,20190116,2019011622
2019,1,16,7,23,384,16,20190116,2019011623
2019,1,17,1,0,385,17,20190117,2019011700
2019,1,17,1,1,386,17,20190117,2019011701
2019,1,17,1,2,387,17,20190117,2019011702
2019,1,17,1,3,388,17,20190117,2019011703
2019,1,17,1,4,389,17,20190117,2019011704
2019,1,17,1,5,390,17,20190117,2019011705
2019,1,17,1,6,391,17,20190117,2019011706
2019,1,17,1,7,392,17,20190117,2019011707
2019,1,17,1,8,393,17,20190117,2019011708
2019,1,17,1,9,394,17,20190117,2019011709
2019,1,17,1,10,395,17,20190117,2019011710
2019,1,17,1,11,396,17,20190117,2019011711
2019,1,17,1,12,397,17,20190117,2019011712
2019,1,17,1,13,398,17,20190117,2019011713
2019,1,17,1,14,399,17,20190117,2019011714
2019,1,17,1,15,400,17,20190117,2019011715
2019,1,17,1,16,401,17,20190117,2019011716
2019,1,17,1,17,402,17,20190117,2019011717
2019,1,17,1,18,403,17,20190117,2019011718
2019,1,17,1,19,404,17,20190117,2019011719
2019,1,17,1,20,405,17,20190117,2019011720
2019,1,17,1,21,406,17,20190117,2019011721
2019,1,17,1,22,407,17,20190117,2019011722
2019,1,17,1,23,408,17,20190117,2019011723
2019,1,18,2,0,409,18,20190118,2019011800
2019,1,18,2,1,410,18,20190118,2019011801
2019,1,18,2,2,411,18,20190118,2019011802
2019,1,18,2,3,412,18,20190118,2019011803
2019,1,18,2,4,413,18,20190118,2019011804
2019,1,18,2,5,414,18,20190118,2019011805
2019,1,18,2,6,415,18,20190118,2019011806
2019,1,18,2,7,416,18,20190118,2019011807
2019,1,18,2,8,417,18,20190118,2019011808
2019,1,18,2,9,418,18,20190118,2019011809
2019,1,18,2,10,419,18,20190118,2019011810
2019,1,18,2,11,420,18,20190118,2019011811
2019,1,18,2,12,421,18,20190118,2019011812
2019,1,18,2,13,422,18,20190118,2019011813
2019,1,18,2,14,423,18,20190118,2019011814
2019,1,18,2,15,424,18,20190118,2019011815
2019,1,18,2,16,425,18,20190118,2019011816
2019,1,18,2,17,426,18,20190118,2019011817
2019,1,18,2,18,427,18,20190118,2019011818
2019,1,18,2,19,428,18,20190118,2019011819
2019,1,18,2,20,429,18,20190118,2019011820
2019,1,18,2,21,430,18,20190118,2019011821
2019,1,18,2,22,431,18,20190118,2019011822
2019,1,18,2,23,432,18,20190118,2019011823
2019,1,19,3,0,433,19,20190119,2019011900
2019,1,19,3,1,434,19,20190119,2019011901
2019,1,19,3,2,435,19,20190119,2019011902
2019,1,19,3,3,436,19,20190119,2019011903
2019,1,19,3,4,437,19,20190119,2019011904
2019,1,19,3,5,438,19,20190119,2019011905
2019,1,19,3,6,439,19,20190119,2019011906
2019,1,19,3,7,440,19,20190119,2019011907
2019,1,19,3,8,441,19,20190119,2019011908
2019,1,19,3,9,442,19,20190119,2019011909
2019,1,19,3,10,443,19,20190119,2019011910
2019,1,19,3,11,444,19,20190119,2019011911
2019,1,19,3,12,445,19,20190119,2019011912
2019,1,19,3,13,446,19,20190119,2019011913
2019,1,19,3,14,447,19,20190119,2019011914
2019,1,19,3,15,448,19,20190119,2019011915
2019,1,19,3,16,449,19,20190119,2019011916
2019,1,19,3,17,450,19,20190119,2019011917
2019,1,19,3,18,451,19,20190119,2019011918
2019,1,19,3,19,452,19,20190119,2019011919
2019,1,19,3,20,453,19,20190119,2019011920
2019,1,19,3,21,454,19,20190119,2019011921
2019,1,19,3,22,455,19,20190119,2019011922
2019,1,19,3,23,456,19,20190119,2019011923
2019,1,20,4,0,457,20,20190120,2019012000
2019,1,20,4,1,458,20,20190120,2019012001
2019,1,20,4,2,459,20,20190120,2019012002
2019,1,20,4,3,460,20,20190120,2019012003
2019,1,20,4,4,461,20,20190120,2019012004
2019,1,20,4,5,462,20,20190120,2019012005
2019,1,20,4,6,463,20,20190120,2019012006
2019,1,20,4,7,464,20,20190120,2019012007
2019,1,20,4,8,465,20,20190120,2019012008
2019,1,20,4,9,466,20,20190120,2019012009
2019,1,20,4,10,467,20,20190120,2019012010
2019,1,20,4,11,468,20,20190120,2019012011
2019,1,20,4,12,469,20,20190120,2019012012
2019,1,20,4,13,470,20,20190120,2019012013
2019,1,20,4,14,471,20,20190120,2019012014
2019,1,20,4,15,472,20,20190120,2019012015
2019,1,20,4,16,473,20,20190120,2019012016
2019,1,20,4,17,474,20,20190120,2019012017
2019,1,20,4,18,475,20,20190120,2019012018
2019,1,20,4,19,476,20,20190120,2019012019
2019,1,20,4,20,477,20,20190120,2019012020
2019,1,20,4,21,478,20,20190120,2019012021
2019,1,20,4,22,479,20,20190120,2019012022
2019,1,20,4,23,480,20,20190120,2019012023
2019,1,21,5,0,481,21,20190121,2019012100
2019,1,21,5,1,482,21,20190121,2019012101
2019,1,21,5,2,483,21,20190121,2019012102
2019,1,21,5,3,484,21,20190121,2019012103
2019,1,21,5,4,485,21,20190121,2019012104
2019,1,21,5,5,486,21,20190121,2019012105
2019,1,21,5,6,487,21,20190121,2019012106
2019,1,21,5,7,488,21,20190121,2019012107
2019,1,21,5,8,489,21,20190121,2019012108
2019,1,21,5,9,490,21,20190121,2019012109
2019,1,21,5,10,491,21,20190121,2019012110
2019,1,21,5,11,492,21,20190121,2019012111
2019,1,21,5,12,493,21,20190121,2019012112
2019,1,21,5,13,494,21,20190121,2019012113
2019,1,21,5,14,495,21,20190121,2019012114
2019,1,21,5,15,496,21,20190121,2019012115
2019,1,21,5,16,497,21,20190121,2019012116
2019,1,21,5,17,498,21,20190121,2019012117
2019,1,21,5,18,499,21,20190121,2019012118
2019,1,21,5,19,500,21,20190121,2019012119
2019,1,21,5,20,501,21,20190121,2019012120
2019,1,21,5,21,502,21,20190121,2019012121
2019,1,21,5,22,503,21,20190121,2019012122
2019,1,21,5,23,504,21,20190121,2019012123
2019,1,22,6,0,505,22,20190122,2019012200
2019,1,22,6,1,506,22,20190122,2019012201
2019,1,22,6,2,507,22,20190122,2019012202
2019,1,22,6,3,508,22,20190122,2019012203
2019,1,22,6,4,509,22,20190122,2019012204
2019,1,22,6,5,510,22,20190122,2019012205
2019,1,22,6,6,511,22,20190122,2019012206
2019,1,22,6,7,512,22,20190122,2019012207
2019,1,22,6,8,513,22,20190122,2019012208
2019,1,22,6,9,514,22,20190122,2019012209
2019,1,22,6,10,515,22,20190122,2019012210
2019,1,22,6,11,516,22,20190122,2019012211
2019,1,22,6,12,517,22,20190122,2019012212
2019,1,22,6,13,518,22,20190122,2019012213
2019,1,22,6,14,519,22,20190122,2019012214
2019,1,22,6,15,520,22,20190122,2019012215
2019,1,22,6,16,521,22,20190122,2019012216
2019,1,22,6,17,522,22,20190122,2019012217
2019,1,22,6,18,523,22,20190122,2019012218
2019,1,22,6,19,524,22,20190122,2019012219
2019,1,22,6,20,525,22,20190122,2019012220
2019,1,22,6,21,526,22,20190122,2019012221
2019,1,22,6,22,527,22,20190122,2019012222
2019,1,22,6,23,528,22,20190122,2019012223
2019,1,23,7,0,529,23,20190123,2019012300
2019,1,23,7,1,530,23,20190123,2019012301
2019,1,23,7,2,531,23,20190123,2019012302
2019,1,23,7,3,532,23,20190123,2019012303
2019,1,23,7,4,533,23,20190123,2019012304
2019,1,23,7,5,534,23,20190123,2019012305
2019,1,23,7,6,535,23,20190123,2019012306
2019,1,23,7,7,536,23,20190123,2019012307
2019,1,23,7,8,537,23,20190123,2019012308
2019,1,23,7,9,538,23,20190123,2019012309
2019,1,23,7,10,539,23,20190123,2019012310
2019,1,23,7,11,540,23,20190123,2019012311
2019,1,23,7,12,541,23,20190123,2019012312
2019,1,23,7,13,542,23,20190123,2019012313
2019,1,23,7,14,543,23,20190123,2019012314
2019,1,23,7,15,544,23,20190123,2019012315
2019,1,23,7,16,545,23,20190123,2019012316
2019,1,23,7,17,546,23,20190123,2019012317
2019,1,23,7,18,547,23,20190123,2019012318
2019,1,23,7,19,548,23,20190123,2019012319
2019,1,23,7,20,549,23,20190123,2019012320
2019,1,23,7,21,550,23,20190123,2019012321
2019,1,23,7,22,551,23,20190123,2019012322
2019,1,23,7,23,552,23,20190123,2019012323
2019,1,24,1,0,553,24,20190124,2019012400
2019,1,24,1,1,554,24,20190124,2019012401
2019,1,24,1,2,555,24,20190124,2019012402
2019,1,24,1,3,556,24,20190124,2019012403
2019,1,24,1,4,557,24,20190124,2019012404
2019,1,24,1,5,558,24,20190124,2019012405
2019,1,24,1,6,559,24,20190124,2019012406
2019,1,24,1,7,560,24,20190124,2019012407
2019,1,24,1,8,561,24,20190124,2019012408
2019,1,24,1,9,562,24,20190124,2019012409
2019,1,24,1,10,563,24,20190124,2019012410
2019,1,24,1,11,564,24,20190124,2019012411
2019,1,24,1,12,565,24,20190124,2019012412
2019,1,24,1,13,566,24,20190124,2019012413
2019,1,24,1,14,567,24,20190124,2019012414
2019,1,24,1,15,568,24,20190124,2019012415
2019,1,24,1,16,569,24,20190124,2019012416
2019,1,24,1,17,570,24,20190124,2019012417
2019,1,24,1,18,571,24,20190124,2019012418
2019,1,24,1,19,572,24,20190124,2019012419
2019,1,24,1,20,573,24,20190124,2019012420
2019,1,24,1,21,574,24,20190124,2019012421
2019,1,24,1,22,575,24,20190124,2019012422
2019,1,24,1,23,576,24,20190124,2019012423
2019,1,25,2,0,577,25,20190125,2019012500
2019,1,25,2,1,578,25,20190125,2019012501
2019,1,25,2,2,579,25,20190125,2019012502
2019,1,25,2,3,580,25,20190125,2019012503
2019,1,25,2,4,581,25,20190125,2019012504
2019,1,25,2,5,582,25,20190125,2019012505
2019,1,25,2,6,583,25,20190125,2019012506
2019,1,25,2,7,584,25,20190125,2019012507
2019,1,25,2,8,585,25,20190125,2019012508
2019,1,25,2,9,586,25,20190125,2019012509
2019,1,25,2,10,587,25,20190125,2019012510
2019,1,25,2,11,588,25,20190125,2019012511
2019,1,25,2,12,589,25,20190125,2019012512
2019,1,25,2,13,590,25,20190125,2019012513
2019,1,25,2,14,591,25,20190125,2019012514
2019,1,25,2,15,592,25,20190125,2019012515
2019,1,25,2,16,593,25,20190125,2019012516
2019,1,25,2,17,594,25,20190125,2019012517
2019,1,25,2,18,595,25,20190125,2019012518
2019,1,25,2,19,596,25,20190125,2019012519
2019,1,25,2,20,597,25,20190125,2019012520
2019,1,25,2,21,598,25,20190125,2019012521
2019,1,25,2,22,599,25,20190125,2019012522
2019,1,25,2,23,600,25,20190125,2019012523
2019,1,26,3,0,601,26,20190126,2019012600
2019,1,26,3,1,602,26,20190126,2019012601
2019,1,26,3,2,603,26,20190126,2019012602
2019,1,26,3,3,604,26,20190126,2019012603
2019,1,26,3,4,605,26,20190126,2019012604
2019,1,26,3,5,606,26,20190126,2019012605
2019,1,26,3,6,607,26,20190126,2019012606
2019,1,26,3,7,608,26,20190126,2019012607
2019,1,26,3,8,609,26,20190126,2019012608
2019,1,26,3,9,610,26,20190126,2019012609
2019,1,26,3,10,611,26,20190126,2019012610
2019,1,26,3,11,612,26,20190126,2019012611
2019,1,26,3,12,613,26,20190126,2019012612
2019,1,26,3,13,614,26,20190126,2019012613
2019,1,26,3,14,615,26,20190126,2019012614
2019,1,26,3,15,616,26,20190126,2019012615
2019,1,26,3,16,617,26,20190126,2019012616
2019,1,26,3,17,618,26,20190126,2019012617
2019,1,26,3,18,619,26,20190126,2019012618
2019,1,26,3,19,620,26,20190126,2019012619
2019,1,26,3,20,621,26,20190126,2019012620
2019,1,26,3,21,622,26,20190126,2019012621
2019,1,26,3,22,623,26,20190126,2019012622
2019,1,26,3,23,624,26,20190126,2019012623
2019,1,27,4,0,625,27,20190127,2019012700
2019,1,27,4,1,626,27,20190127,2019012701
2019,1,27,4,2,627,27,20190127,2019012702
2019,1,27,4,3,628,27,20190127,2019012703
2019,1,27,4,4,629,27,20190127,2019012704
2019,1,27,4,5,630,27,20190127,2019012705
2019,1,27,4,6,631,27,20190127,2019012706
2019,1,27,4,7,632,27,20190127,2019012707
2019,1,27,4,8,633,27,20190127,2019012708
2019,1,27,4,9,634,27,20190127,2019012709
2019,1,27,4,10,635,27,20190127,2019012710
2019,1,27,4,11,636,27,20190127,2019012711
2019,1,27,4,12,637,27,20190127,2019012712
2019,1,27,4,13,638,27,20190127,2019012713
2019,1,27,4,14,639,27,20190127,2019012714
2019,1,27,4,15,640,27,20190127,2019012715
2019,1,27,4,16,641,27,20190127,2019012716
2019,1,27,4,17,642,27,20190127,2019012717
2019,1,27,4,18,643,27,20190127,2019012718
2019,1,27,4,19,644,27,20190127,2019012719
2019,1,27,4,20,645,27,20190127,2019012720
2019,1,27,4,21,646,27,20190127,2019012721
2019,1,27,4,22,647,27,20190127,2019012722
2019,1,27,4,23,648,27,20190127,2019012723
2019,1,28,5,0,649,28,20190128,2019012800
2019,1,28,5,1,650,28,20190128,2019012801
2019,1,28,5,2,651,28,20190128,2019012802
2019,1,28,5,3,652,28,20190128,2019012803
2019,1,28,5,4,653,28,20190128,2019012804
2019,1,28,5,5,654,28,20190128,2019012805
2019,1,28,5,6,655,28,20190128,2019012806
2019,1,28,5,7,656,28,20190128,2019012807
2019,1,28,5,8,657,28,20190128,2019012808
2019,1,28,5,9,658,28,20190128,2019012809
2019,1,28,5,10,659,28,20190128,2019012810
2019,1,28,5,11,660,28,20190128,2019012811
2019,1,28,5,12,661,28,20190128,2019012812
2019,1,28,5,13,662,28,20190128,2019012813
2019,1,28,5,14,663,28,20190128,2019012814
2019,1,28,5,15,664,28,20190128,2019012815
2019,1,28,5,16,665,28,20190128,2019012816
2019,1,28,5,17,666,28,20190128,2019012817
2019,1,28,5,18,667,28,20190128,2019012818
2019,1,28,5,19,668,28,20190128,2019012819
2019,1,28,5,20,669,28,20190128,2019012820
2019,1,28,5,21,670,28,20190128,2019012821
2019,1,28,5,22,671,28,20190128,2019012822
2019,1,28,5,23,672,28,20190128,2019012823
2019,1,29,6,0,673,29,20190129,2019012900
2019,1,29,6,1,674,29,20190129,2019012901
2019,1,29,6,2,675,29,20190129,2019012902
2019,1,29,6,3,676,29,20190129,2019012903
2019,1,29,6,4,677,29,20190129,2019012904
2019,1,29,6,5,678,29,20190129,2019012905
2019,1,29,6,6,679,29,20190129,2019012906
2019,1,29,6,7,680,29,20190129,2019012907
2019,1,29,6,8,681,29,20190129,2019012908
2019,1,29,6,9,682,29,20190129,2019012909
2019,1,29,6,10,683,29,20190129,2019012910
2019,1,29,6,11,684,29,20190129,2019012911
2019,1,29,6,12,685,29,20190129,2019012912
2019,1,29,6,13,686,29,20190129,2019012913
2019,1,29,6,14,687,29,20190129,2019012914
2019,1,29,6,15,688,29,20190129,2019012915
2019,1,29,6,16,689,29,20190129,2019012916
2019,1,29,6,17,690,29,20190129,2019012917
2019,1,29,6,18,691,29,20190129,2019012918
2019,1,29,6,19,692,29,20190129,2019012919
2019,1,29,6,20,693,29,20190129,2019012920
2019,1,29,6,21,694,29,20190129,2019012921
2019,1,29,6,22,695,29,20190129,2019012922
2019,1,29,6,23,696,29,20190129,2019012923
2019,1,30,7,0,697,30,20190130,2019013000
2019,1,30,7,1,698,30,20190130,2019013001
2019,1,30,7,2,699,30,20190130,2019013002
2019,1,30,7,3,700,30,20190130,2019013003
2019,1,30,7,4,701,30,20190130,2019013004
2019,1,30,7,5,702,30,20190130,2019013005
2019,1,30,7,6,703,30,20190130,2019013006
2019,1,30,7,7,704,30,20190130,2019013007
2019,1,30,7,8,705,30,20190130,2019013008
2019,1,30,7,9,706,30,20190130,2019013009
2019,1,30,7,10,707,30,20190130,2019013010
2019,1,30,7,11,708,30,20190130,2019013011
2019,1,30,7,12,709,30,20190130,2019013012
2019,1,30,7,13,710,30,20190130,2019013013
2019,1,30,7,14,711,30,20190130,2019013014
2019,1,30,7,15,712,30,20190130,2019013015
2019,1,30,7,16,713,30,20190130,2019013016
2019,1,30,7,17,714,30,20190130,2019013017
2019,1,30,7,18,715,30,20190130,2019013018
2019,1,30,7,19,716,30,20190130,2019013019
2019,1,30,7,20,717,30,20190130,2019013020
2019,1,30,7,21,718,30,20190130,2019013021
2019,1,30,7,22,719,30,20190130,2019013022
2019,1,30,7,23,720,30,20190130,2019013023
2019,1,31,1,0,721,31,20190131,2019013100
2019,1,31,1,1,722,31,20190131,2019013101
2019,1,31,1,2,723,31,20190131,2019013102
2019,1,31,1,3,724,31,20190131,2019013103
2019,1,31,1,4,725,31,20190131,2019013104
2019,1,31,1,5,726,31,20190131,2019013105
2019,1,31,1,6,727,31,20190131,2019013106
2019,1,31,1,7,728,31,20190131,2019013107
2019,1,31,1,8,729,31,20190131,2019013108
2019,1,31,1,9,730,31,20190131,2019013109
2019,1,31,1,10,731,31,20190131,2019013110
2019,1,31,1,11,732,31,20190131,2019013111
2019,1,31,1,12,733,31,20190131,2019013112
2019,1,31,1,13,734,31,20190131,2019013113
2019,1,31,1,14,735,31,20190131,2019013114
2019,1,31,1,15,736,31,20190131,2019013115
2019,1,31,1,16,737,31,20190131,2019013116
2019,1,31,1,17,738,31,20190131,2019013117
2019,1,31,1,18,739,31,20190131,2019013118
2019,1,31,1,19,740,31,20190131,2019013119
2019,1,31,1,20,741,31,20190131,2019013120
2019,1,31,1,21,742,31,20190131,2019013121
2019,1,31,1,22,743,31,20190131,2019013122
2019,1,31,1,23,744,31,20190131,2019013123
2019,2,1,2,0,745,32,20190201,2019020100
2019,2,1,2,1,746,32,20190201,2019020101
2019,2,1,2,2,747,32,20190201,2019020102
2019,2,1,2,3,748,32,20190201,2019020103
2019,2,1,2,4,749,32,20190201,2019020104
2019,2,1,2,5,750,32,20190201,2019020105
2019,2,1,2,6,751,32,20190201,2019020106
2019,2,1,2,7,752,32,20190201,2019020107
2019,2,1,2,8,753,32,20190201,2019020108
2019,2,1,2,9,754,32,20190201,2019020109
2019,2,1,2,10,755,32,20190201,2019020110
2019,2,1,2,11,756,32,20190201,2019020111
2019,2,1,2,12,757,32,20190201,2019020112
2019,2,1,2,13,758,32,20190201,2019020113
2019,2,1,2,14,759,32,20190201,2019020114
2019,2,1,2,15,760,32,20190201,2019020115
2019,2,1,2,16,761,32,20190201,2019020116
2019,2,1,2,17,762,32,20190201,2019020117
2019,2,1,2,18,763,32,20190201,2019020118
2019,2,1,2,19,764,32,20190201,2019020119
2019,2,1,2,20,765,32,20190201,2019020120
2019,2,1,2,21,766,32,20190201,2019020121
2019,2,1,2,22,767,32,20190201,2019020122
2019,2,1,2,23,768,32,20190201,2019020123
2019,2,2,3,0,769,33,20190202,2019020200
2019,2,2,3,1,770,33,20190202,2019020201
2019,2,2,3,2,771,33,20190202,2019020202
2019,2,2,3,3,772,33,20190202,2019020203
2019,2,2,3,4,773,33,20190202,2019020204
2019,2,2,3,5,774,33,20190202,2019020205
2019,2,2,3,6,775,33,20190202,2019020206
2019,2,2,3,7,776,33,20190202,2019020207
2019,2,2,3,8,777,33,20190202,2019020208
2019,2,2,3,9,778,33,20190202,2019020209
2019,2,2,3,10,779,33,20190202,2019020210
2019,2,2,3,11,780,33,20190202,2019020211
2019,2,2,3,12,781,33,20190202,2019020212
2019,2,2,3,13,782,33,20190202,2019020213
2019,2,2,3,14,783,33,20190202,2019020214
2019,2,2,3,15,784,33,20190202,2019020215
2019,2,2,3,16,785,33,20190202,2019020216
2019,2,2,3,17,786,33,20190202,2019020217
2019,2,2,3,18,787,33,20190202,2019020218
2019,2,2,3,19,788,33,20190202,2019020219
2019,2,2,3,20,789,33,20190202,2019020220
2019,2,2,3,21,790,33,20190202,2019020221
2019,2,2,3,22,791,33,20190202,2019020222
2019,2,2,3,23,792,33,20190202,2019020223
2019,2,3,4,0,793,34,20190203,2019020300
2019,2,3,4,1,794,34,20190203,2019020301
2019,2,3,4,2,795,34,20190203,2019020302
2019,2,3,4,3,796,34,20190203,2019020303
2019,2,3,4,4,797,34,20190203,2019020304
2019,2,3,4,5,798,34,20190203,2019020305
2019,2,3,4,6,799,34,20190203,2019020306
2019,2,3,4,7,800,34,20190203,2019020307
2019,2,3,4,8,801,34,20190203,2019020308
2019,2,3,4,9,802,34,20190203,2019020309
2019,2,3,4,10,803,34,20190203,2019020310
2019,2,3,4,11,804,34,20190203,2019020311
2019,2,3,4,12,805,34,20190203,2019020312
2019,2,3,4,13,806,34,20190203,2019020313
2019,2,3,4,14,807,34,20190203,2019020314
2019,2,3,4,15,808,34,20190203,2019020315
2019,2,3,4,16,809,34,20190203,2019020316
2019,2,3,4,17,810,34,20190203,2019020317
2019,2,3,4,18,811,34,20190203,2019020318
2019,2,3,4,19,812,34,20190203,2019020319
2019,2,3,4,20,813,34,20190203,2019020320
2019,2,3,4,21,814,34,20190203,2019020321
2019,2,3,4,22,815,34,20190203,2019020322
2019,2,3,4,23,816,34,20190203,2019020323
2019,2,4,5,0,817,35,20190204,2019020400
2019,2,4,5,1,818,35,20190204,2019020401
2019,2,4,5,2,819,35,20190204,2019020402
2019,2,4,5,3,820,35,20190204,2019020403
2019,2,4,5,4,821,35,20190204,2019020404
2019,2,4,5,5,822,35,20190204,2019020405
2019,2,4,5,6,823,35,20190204,2019020406
2019,2,4,5,7,824,35,20190204,2019020407
2019,2,4,5,8,825,35,20190204,2019020408
2019,2,4,5,9,826,35,20190204,2019020409
2019,2,4,5,10,827,35,20190204,2019020410
2019,2,4,5,11,828,35,20190204,2019020411
2019,2,4,5,12,829,35,20190204,2019020412
2019,2,4,5,13,830,35,20190204,2019020413
2019,2,4,5,14,831,35,20190204,2019020414
2019,2,4,5,15,832,35,20190204,2019020415
2019,2,4,5,16,833,35,20190204,2019020416
2019,2,4,5,17,834,35,20190204,2019020417
2019,2,4,5,18,835,35,20190204,2019020418
2019,2,4,5,19,836,35,20190204,2019020419
2019,2,4,5,20,837,35,20190204,2019020420
2019,2,4,5,21,838,35,20190204,2019020421
2019,2,4,5,22,839,35,20190204,2019020422
2019,2,4,5,23,840,35,20190204,2019020423
2019,2,5,6,0,841,36,20190205,2019020500
2019,2,5,6,1,842,36,20190205,2019020501
2019,2,5,6,2,843,36,20190205,2019020502
2019,2,5,6,3,844,36,20190205,2019020503
2019,2,5,6,4,845,36,20190205,2019020504
2019,2,5,6,5,846,36,20190205,2019020505
2019,2,5,6,6,847,36,20190205,2019020506
2019,2,5,6,7,848,36,20190205,2019020507
2019,2,5,6,8,849,36,20190205,2019020508
2019,2,5,6,9,850,36,20190205,2019020509
2019,2,5,6,10,851,36,20190205,2019020510
2019,2,5,6,11,852,36,20190205,2019020511
2019,2,5,6,12,853,36,20190205,2019020512
2019,2,5,6,13,854,36,20190205,2019020513
2019,2,5,6,14,855,36,20190205,2019020514
2019,2,5,6,15,856,36,20190205,2019020515
2019,2,5,6,16,857,36,20190205,2019020516
2019,2,5,6,17,858,36,20190205,2019020517
2019,2,5,6,18,859,36,20190205,2019020518
2019,2,5,6,19,860,36,20190205,2019020519
2019,2,5,6,20,861,36,20190205,2019020520
2019,2,5,6,21,862,36,20190205,2019020521
2019,2,5,6,22,863,36,20190205,2019020522
2019,2,5,6,23,864,36,20190205,2019020523
2019,2,6,7,0,865,37,20190206,2019020600
2019,2,6,7,1,866,37,20190206,2019020601
2019,2,6,7,2,867,37,20190206,2019020602
2019,2,6,7,3,868,37,20190206,2019020603
2019,2,6,7,4,869,37,20190206,2019020604
2019,2,6,7,5,870,37,20190206,2019020605
2019,2,6,7,6,871,37,20190206,2019020606
2019,2,6,7,7,872,37,20190206,2019020607
2019,2,6,7,8,873,37,20190206,2019020608
2019,2,6,7,9,874,37,20190206,2019020609
2019,2,6,7,10,875,37,20190206,2019020610
2019,2,6,7,11,876,37,20190206,2019020611
2019,2,6,7,12,877,37,20190206,2019020612
2019,2,6,7,13,878,37,20190206,2019020613
2019,2,6,7,14,879,37,20190206,2019020614
2019,2,6,7,15,880,37,20190206,2019020615
2019,2,6,7,16,881,37,20190206,2019020616
2019,2,6,7,17,882,37,20190206,2019020617
2019,2,6,7,18,883,37,20190206,2019020618
2019,2,6,7,19,884,37,20190206,2019020619
2019,2,6,7,20,885,37,20190206,2019020620
2019,2,6,7,21,886,37,20190206,2019020621
2019,2,6,7,22,887,37,20190206,2019020622
2019,2,6,7,23,888,37,20190206,2019020623
2019,2,7,1,0,889,38,20190207,2019020700
2019,2,7,1,1,890,38,20190207,2019020701
2019,2,7,1,2,891,38,20190207,2019020702
2019,2,7,1,3,892,38,20190207,2019020703
2019,2,7,1,4,893,38,20190207,2019020704
2019,2,7,1,5,894,38,20190207,2019020705
2019,2,7,1,6,895,38,20190207,2019020706
2019,2,7,1,7,896,38,20190207,2019020707
2019,2,7,1,8,897,38,20190207,2019020708
2019,2,7,1,9,898,38,20190207,2019020709
2019,2,7,1,10,899,38,20190207,2019020710
2019,2,7,1,11,900,38,20190207,2019020711
2019,2,7,1,12,901,38,20190207,2019020712
2019,2,7,1,13,902,38,20190207,2019020713
2019,2,7,1,14,903,38,20190207,2019020714
2019,2,7,1,15,904,38,20190207,2019020715
2019,2,7,1,16,905,38,20190207,2019020716
2019,2,7,1,17,906,38,20190207,2019020717
2019,2,7,1,18,907,38,20190207,2019020718
2019,2,7,1,19,908,38,20190207,2019020719
2019,2,7,1,20,909,38,20190207,2019020720
2019,2,7,1,21,910,38,20190207,2019020721
2019,2,7,1,22,911,38,20190207,2019020722
2019,2,7,1,23,912,38,20190207,2019020723
2019,2,8,2,0,913,39,20190208,2019020800
2019,2,8,2,1,914,39,20190208,2019020801
2019,2,8,2,2,915,39,20190208,2019020802
2019,2,8,2,3,916,39,20190208,2019020803
2019,2,8,2,4,917,39,20190208,2019020804
2019,2,8,2,5,918,39,20190208,2019020805
2019,2,8,2,6,919,39,20190208,2019020806
2019,2,8,2,7,920,39,20190208,2019020807
2019,2,8,2,8,921,39,20190208,2019020808
2019,2,8,2,9,922,39,20190208,2019020809
2019,2,8,2,10,923,39,20190208,2019020810
2019,2,8,2,11,924,39,20190208,2019020811
2019,2,8,2,12,925,39,20190208,2019020812
2019,2,8,2,13,926,39,20190208,2019020813
2019,2,8,2,14,927,39,20190208,2019020814
2019,2,8,2,15,928,39,20190208,2019020815
2019,2,8,2,16,929,39,20190208,2019020816
2019,2,8,2,17,930,39,20190208,2019020817
2019,2,8,2,18,931,39,20190208,2019020818
2019,2,8,2,19,932,39,20190208,2019020819
2019,2,8,2,20,933,39,20190208,2019020820
2019,2,8,2,21,934,39,20190208,2019020821
2019,2,8,2,22,935,39,20190208,2019020822
2019,2,8,2,23,936,39,20190208,2019020823
2019,2,9,3,0,937,40,20190209,2019020900
2019,2,9,3,1,938,40,20190209,2019020901
2019,2,9,3,2,939,40,20190209,2019020902
2019,2,9,3,3,940,40,20190209,2019020903
2019,2,9,3,4,941,40,20190209,2019020904
2019,2,9,3,5,942,40,20190209,2019020905
2019,2,9,3,6,943,40,20190209,2019020906
2019,2,9,3,7,944,40,20190209,2019020907
2019,2,9,3,8,945,40,20190209,2019020908
2019,2,9,3,9,946,40,20190209,2019020909
2019,2,9,3,10,947,40,20190209,2019020910
2019,2,9,3,11,948,40,20190209,2019020911
2019,2,9,3,12,949,40,20190209,2019020912
2019,2,9,3,13,950,40,20190209,2019020913
2019,2,9,3,14,951,40,20190209,2019020914
2019,2,9,3,15,952,40,20190209,2019020915
2019,2,9,3,16,953,40,20190209,2019020916
2019,2,9,3,17,954,40,20190209,2019020917
2019,2,9,3,18,955,40,20190209,2019020918
2019,2,9,3,19,956,40,20190209,2019020919
2019,2,9,3,20,957,40,20190209,2019020920
2019,2,9,3,21,958,40,20190209,2019020921
2019,2,9,3,22,959,40,20190209,2019020922
2019,2,9,3,23,960,40,20190209,2019020923
2019,2,10,4,0,961,41,20190210,2019021000
2019,2,10,4,1,962,41,20190210,2019021001
2019,2,10,4,2,963,41,20190210,2019021002
2019,2,10,4,3,964,41,20190210,2019021003
2019,2,10,4,4,965,41,20190210,2019021004
2019,2,10,4,5,966,41,20190210,2019021005
2019,2,10,4,6,967,41,20190210,2019021006
2019,2,10,4,7,968,41,20190210,2019021007
2019,2,10,4,8,969,41,20190210,2019021008
2019,2,10,4,9,970,41,20190210,2019021009
2019,2,10,4,10,971,41,20190210,2019021010
2019,2,10,4,11,972,41,20190210,2019021011
2019,2,10,4,12,973,41,20190210,2019021012
2019,2,10,4,13,974,41,20190210,2019021013
2019,2,10,4,14,975,41,20190210,2019021014
2019,2,10,4,15,976,41,20190210,2019021015
2019,2,10,4,16,977,41,20190210,2019021016
2019,2,10,4,17,978,41,20190210,2019021017
2019,2,10,4,18,979,41,20190210,2019021018
2019,2,10,4,19,980,41,20190210,2019021019
2019,2,10,4,20,981,41,20190210,2019021020
2019,2,10,4,21,982,41,20190210,2019021021
2019,2,10,4,22,983,41,20190210,2019021022
2019,2,10,4,23,984,41,20190210,2019021023
2019,2,11,5,0,985,42,20190211,2019021100
2019,2,11,5,1,986,42,20190211,2019021101
2019,2,11,5,2,987,42,20190211,2019021102
2019,2,11,5,3,988,42,20190211,2019021103
2019,2,11,5,4,989,42,20190211,2019021104
2019,2,11,5,5,990,42,20190211,2019021105
2019,2,11,5,6,991,42,20190211,2019021106
2019,2,11,5,7,992,42,20190211,2019021107
2019,2,11,5,8,993,42,20190211,2019021108
2019,2,11,5,9,994,42,20190211,2019021109
2019,2,11,5,10,995,42,20190211,2019021110
2019,2,11,5,11,996,42,20190211,2019021111
2019,2,11,5,12,997,42,20190211,2019021112
2019,2,11,5,13,998,42,20190211,2019021113
2019,2,11,5,14,999,42,20190211,2019021114
2019,2,11,5,15,1000,42,20190211,2019021115
2019,2,11,5,16,1001,42,20190211,2019021116
2019,2,11,5,17,1002,42,20190211,2019021117
2019,2,11,5,18,1003,42,20190211,2019021118
2019,2,11,5,19,1004,42,20190211,2019021119
2019,2,11,5,20,1005,42,20190211,2019021120
2019,2,11,5,21,1006,42,20190211,2019021121
2019,2,11,5,22,1007,42,20190211,2019021122
2019,2,11,5,23,1008,42,20190211,2019021123
2019,2,12,6,0,1009,43,20190212,2019021200
2019,2,12,6,1,1010,43,20190212,2019021201
2019,2,12,6,2,1011,43,20190212,2019021202
2019,2,12,6,3,1012,43,20190212,2019021203
2019,2,12,6,4,1013,43,20190212,2019021204
2019,2,12,6,5,1014,43,20190212,2019021205
2019,2,12,6,6,1015,43,20190212,2019021206
2019,2,12,6,7,1016,43,20190212,2019021207
2019,2,12,6,8,1017,43,20190212,2019021208
2019,2,12,6,9,1018,43,20190212,2019021209
2019,2,12,6,10,1019,43,20190212,2019021210
2019,2,12,6,11,1020,43,20190212,2019021211
2019,2,12,6,12,1021,43,20190212,2019021212
2019,2,12,6,13,1022,43,20190212,2019021213
2019,2,12,6,14,1023,43,20190212,2019021214
2019,2,12,6,15,1024,43,20190212,2019021215
2019,2,12,6,16,1025,43,20190212,2019021216
2019,2,12,6,17,1026,43,20190212,2019021217
2019,2,12,6,18,1027,43,20190212,2019021218
2019,2,12,6,19,1028,43,20190212,2019021219
2019,2,12,6,20,1029,43,20190212,2019021220
2019,2,12,6,21,1030,43,20190212,2019021221
2019,2,12,6,22,1031,43,20190212,2019021222
2019,2,12,6,23,1032,43,20190212,2019021223
2019,2,13,7,0,1033,44,20190213,2019021300
2019,2,13,7,1,1034,44,20190213,2019021301
2019,2,13,7,2,1035,44,20190213,2019021302
2019,2,13,7,3,1036,44,20190213,2019021303
2019,2,13,7,4,1037,44,20190213,2019021304
2019,2,13,7,5,1038,44,20190213,2019021305
2019,2,13,7,6,1039,44,20190213,2019021306
2019,2,13,7,7,1040,44,20190213,2019021307
2019,2,13,7,8,1041,44,20190213,2019021308
2019,2,13,7,9,1042,44,20190213,2019021309
2019,2,13,7,10,1043,44,20190213,2019021310
2019,2,13,7,11,1044,44,20190213,2019021311
2019,2,13,7,12,1045,44,20190213,2019021312
2019,2,13,7,13,1046,44,20190213,2019021313
2019,2,13,7,14,1047,44,20190213,2019021314
2019,2,13,7,15,1048,44,20190213,2019021315
2019,2,13,7,16,1049,44,20190213,2019021316
2019,2,13,7,17,1050,44,20190213,2019021317
2019,2,13,7,18,1051,44,20190213,2019021318
2019,2,13,7,19,1052,44,20190213,2019021319
2019,2,13,7,20,1053,44,20190213,2019021320
2019,2,13,7,21,1054,44,20190213,2019021321
2019,2,13,7,22,1055,44,20190213,2019021322
2019,2,13,7,23,1056,44,20190213,2019021323
2019,2,14,1,0,1057,45,20190214,2019021400
2019,2,14,1,1,1058,45,20190214,2019021401
2019,2,14,1,2,1059,45,20190214,2019021402
2019,2,14,1,3,1060,45,20190214,2019021403
2019,2,14,1,4,1061,45,20190214,2019021404
2019,2,14,1,5,1062,45,20190214,2019021405
2019,2,14,1,6,1063,45,20190214,2019021406
2019,2,14,1,7,1064,45,20190214,2019021407
2019,2,14,1,8,1065,45,20190214,2019021408
2019,2,14,1,9,1066,45,20190214,2019021409
2019,2,14,1,10,1067,45,20190214,2019021410
2019,2,14,1,11,1068,45,20190214,2019021411
2019,2,14,1,12,1069,45,20190214,2019021412
2019,2,14,1,13,1070,45,20190214,2019021413
2019,2,14,1,14,1071,45,20190214,2019021414
2019,2,14,1,15,1072,45,20190214,2019021415
2019,2,14,1,16,1073,45,20190214,2019021416
2019,2,14,1,17,1074,45,20190214,2019021417
2019,2,14,1,18,1075,45,20190214,2019021418
2019,2,14,1,19,1076,45,20190214,2019021419
2019,2,14,1,20,1077,45,20190214,2019021420
2019,2,14,1,21,1078,45,20190214,2019021421
2019,2,14,1,22,1079,45,20190214,2019021422
2019,2,14,1,23,1080,45,20190214,2019021423
2019,2,15,2,0,1081,46,20190215,2019021500
2019,2,15,2,1,1082,46,20190215,2019021501
2019,2,15,2,2,1083,46,20190215,2019021502
2019,2,15,2,3,1084,46,20190215,2019021503
2019,2,15,2,4,1085,46,20190215,2019021504
2019,2,15,2,5,1086,46,20190215,2019021505
2019,2,15,2,6,1087,46,20190215,2019021506
2019,2,15,2,7,1088,46,20190215,2019021507
2019,2,15,2,8,1089,46,20190215,2019021508
2019,2,15,2,9,1090,46,20190215,2019021509
2019,2,15,2,10,1091,46,20190215,2019021510
2019,2,15,2,11,1092,46,20190215,2019021511
2019,2,15,2,12,1093,46,20190215,2019021512
2019,2,15,2,13,1094,46,20190215,2019021513
2019,2,15,2,14,1095,46,20190215,2019021514
2019,2,15,2,15,1096,46,20190215,2019021515
2019,2,15,2,16,1097,46,20190215,2019021516
2019,2,15,2,17,1098,46,20190215,2019021517
2019,2,15,2,18,1099,46,20190215,2019021518
2019,2,15,2,19,1100,46,20190215,2019021519
2019,2,15,2,20,1101,46,20190215,2019021520
2019,2,15,2,21,1102,46,20190215,2019021521
2019,2,15,2,22,1103,46,20190215,2019021522
2019,2,15,2,23,1104,46,20190215,2019021523
2019,2,16,3,0,1105,47,20190216,2019021600
2019,2,16,3,1,1106,47,20190216,2019021601
2019,2,16,3,2,1107,47,20190216,2019021602
2019,2,16,3,3,1108,47,20190216,2019021603
2019,2,16,3,4,1109,47,20190216,2019021604
2019,2,16,3,5,1110,47,20190216,2019021605
2019,2,16,3,6,1111,47,20190216,2019021606
2019,2,16,3,7,1112,47,20190216,2019021607
2019,2,16,3,8,1113,47,20190216,2019021608
2019,2,16,3,9,1114,47,20190216,2019021609
2019,2,16,3,10,1115,47,20190216,2019021610
2019,2,16,3,11,1116,47,20190216,2019021611
2019,2,16,3,12,1117,47,20190216,2019021612
2019,2,16,3,13,1118,47,20190216,2019021613
2019,2,16,3,14,1119,47,20190216,2019021614
2019,2,16,3,15,1120,47,20190216,2019021615
2019,2,16,3,16,1121,47,20190216,2019021616
2019,2,16,3,17,1122,47,20190216,2019021617
2019,2,16,3,18,1123,47,20190216,2019021618
2019,2,16,3,19,1124,47,20190216,2019021619
2019,2,16,3,20,1125,47,20190216,2019021620
2019,2,16,3,21,1126,47,20190216,2019021621
2019,2,16,3,22,1127,47,20190216,2019021622
2019,2,16,3,23,1128,47,20190216,2019021623
2019,2,17,4,0,1129,48,20190217,2019021700
2019,2,17,4,1,1130,48,20190217,2019021701
2019,2,17,4,2,1131,48,20190217,2019021702
2019,2,17,4,3,1132,48,20190217,2019021703
2019,2,17,4,4,1133,48,20190217,2019021704
2019,2,17,4,5,1134,48,20190217,2019021705
2019,2,17,4,6,1135,48,20190217,2019021706
2019,2,17,4,7,1136,48,20190217,2019021707
2019,2,17,4,8,1137,48,20190217,2019021708
2019,2,17,4,9,1138,48,20190217,2019021709
2019,2,17,4,10,1139,48,20190217,2019021710
2019,2,17,4,11,1140,48,20190217,2019021711
2019,2,17,4,12,1141,48,20190217,2019021712
2019,2,17,4,13,1142,48,20190217,2019021713
2019,2,17,4,14,1143,48,20190217,2019021714
2019,2,17,4,15,1144,48,20190217,2019021715
2019,2,17,4,16,1145,48,20190217,2019021716
2019,2,17,4,17,1146,48,20190217,2019021717
2019,2,17,4,18,1147,48,20190217,2019021718
2019,2,17,4,19,1148,48,20190217,2019021719
2019,2,17,4,20,1149,48,20190217,2019021720
2019,2,17,4,21,1150,48,20190217,2019021721
2019,2,17,4,22,1151,48,20190217,2019021722
2019,2,17,4,23,1152,48,20190217,2019021723
2019,2,18,5,0,1153,49,20190218,2019021800
2019,2,18,5,1,1154,49,20190218,2019021801
2019,2,18,5,2,1155,49,20190218,2019021802
2019,2,18,5,3,1156,49,20190218,2019021803
2019,2,18,5,4,1157,49,20190218,2019021804
2019,2,18,5,5,1158,49,20190218,2019021805
2019,2,18,5,6,1159,49,20190218,2019021806
2019,2,18,5,7,1160,49,20190218,2019021807
2019,2,18,5,8,1161,49,20190218,2019021808
2019,2,18,5,9,1162,49,20190218,2019021809
2019,2,18,5,10,1163,49,20190218,2019021810
2019,2,18,5,11,1164,49,20190218,2019021811
2019,2,18,5,12,1165,49,20190218,2019021812
2019,2,18,5,13,1166,49,20190218,2019021813
2019,2,18,5,14,1167,49,20190218,2019021814
2019,2,18,5,15,1168,49,20190218,2019021815
2019,2,18,5,16,1169,49,20190218,2019021816
2019,2,18,5,17,1170,49,20190218,2019021817
2019,2,18,5,18,1171,49,20190218,2019021818
2019,2,18,5,19,1172,49,20190218,2019021819
2019,2,18,5,20,1173,49,20190218,2019021820
2019,2,18,5,21,1174,49,20190218,2019021821
2019,2,18,5,22,1175,49,20190218,2019021822
2019,2,18,5,23,1176,49,20190218,2019021823
2019,2,19,6,0,1177,50,20190219,2019021900
2019,2,19,6,1,1178,50,20190219,2019021901
2019,2,19,6,2,1179,50,20190219,2019021902
2019,2,19,6,3,1180,50,20190219,2019021903
2019,2,19,6,4,1181,50,20190219,2019021904
2019,2,19,6,5,1182,50,20190219,2019021905
2019,2,19,6,6,1183,50,20190219,2019021906
2019,2,19,6,7,1184,50,20190219,2019021907
2019,2,19,6,8,1185,50,20190219,2019021908
2019,2,19,6,9,1186,50,20190219,2019021909
2019,2,19,6,10,1187,50,20190219,2019021910
2019,2,19,6,11,1188,50,20190219,2019021911
2019,2,19,6,12,1189,50,20190219,2019021912
2019,2,19,6,13,1190,50,20190219,2019021913
2019,2,19,6,14,1191,50,20190219,2019021914
2019,2,19,6,15,1192,50,20190219,2019021915
2019,2,19,6,16,1193,50,20190219,2019021916
2019,2,19,6,17,1194,50,20190219,2019021917
2019,2,19,6,18,1195,50,20190219,2019021918
2019,2,19,6,19,1196,50,20190219,2019021919
2019,2,19,6,20,1197,50,20190219,2019021920
2019,2,19,6,21,1198,50,20190219,2019021921
2019,2,19,6,22,1199,50,20190219,2019021922
2019,2,19,6,23,1200,50,20190219,2019021923
2019,2,20,7,0,1201,51,20190220,2019022000
2019,2,20,7,1,1202,51,20190220,2019022001
2019,2,20,7,2,1203,51,20190220,2019022002
2019,2,20,7,3,1204,51,20190220,2019022003
2019,2,20,7,4,1205,51,20190220,2019022004
2019,2,20,7,5,1206,51,20190220,2019022005
2019,2,20,7,6,1207,51,20190220,2019022006
2019,2,20,7,7,1208,51,20190220,2019022007
2019,2,20,7,8,1209,51,20190220,2019022008
2019,2,20,7,9,1210,51,20190220,2019022009
2019,2,20,7,10,1211,51,20190220,2019022010
2019,2,20,7,11,1212,51,20190220,2019022011
2019,2,20,7,12,1213,51,20190220,2019022012
2019,2,20,7,13,1214,51,20190220,2019022013
2019,2,20,7,14,1215,51,20190220,2019022014
2019,2,20,7,15,1216,51,20190220,2019022015
2019,2,20,7,16,1217,51,20190220,2019022016
2019,2,20,7,17,1218,51,20190220,2019022017
2019,2,20,7,18,1219,51,20190220,2019022018
2019,2,20,7,19,1220,51,20190220,2019022019
2019,2,20,7,20,1221,51,20190220,2019022020
2019,2,20,7,21,1222,51,20190220,2019022021
2019,2,20,7,22,1223,51,20190220,2019022022
2019,2,20,7,23,1224,51,20190220,2019022023
2019,2,21,1,0,1225,52,20190221,2019022100
2019,2,21,1,1,1226,52,20190221,2019022101
2019,2,21,1,2,1227,52,20190221,2019022102
2019,2,21,1,3,1228,52,20190221,2019022103
2019,2,21,1,4,1229,52,20190221,2019022104
2019,2,21,1,5,1230,52,20190221,2019022105
2019,2,21,1,6,1231,52,20190221,2019022106
2019,2,21,1,7,1232,52,20190221,2019022107
2019,2,21,1,8,1233,52,20190221,2019022108
2019,2,21,1,9,1234,52,20190221,2019022109
2019,2,21,1,10,1235,52,20190221,2019022110
2019,2,21,1,11,1236,52,20190221,2019022111
2019,2,21,1,12,1237,52,20190221,2019022112
2019,2,21,1,13,1238,52,20190221,2019022113
2019,2,21,1,14,1239,52,20190221,2019022114
2019,2,21,1,15,1240,52,20190221,2019022115
2019,2,21,1,16,1241,52,20190221,2019022116
2019,2,21,1,17,1242,52,20190221,2019022117
2019,2,21,1,18,1243,52,20190221,2019022118
2019,2,21,1,19,1244,52,20190221,2019022119
2019,2,21,1,20,1245,52,20190221,2019022120
2019,2,21,1,21,1246,52,20190221,2019022121
2019,2,21,1,22,1247,52,20190221,2019022122
2019,2,21,1,23,1248,52,20190221,2019022123
2019,2,22,2,0,1249,53,20190222,2019022200
2019,2,22,2,1,1250,53,20190222,2019022201
2019,2,22,2,2,1251,53,20190222,2019022202
2019,2,22,2,3,1252,53,20190222,2019022203
2019,2,22,2,4,1253,53,20190222,2019022204
2019,2,22,2,5,1254,53,20190222,2019022205
2019,2,22,2,6,1255,53,20190222,2019022206
2019,2,22,2,7,1256,53,20190222,2019022207
2019,2,22,2,8,1257,53,20190222,2019022208
2019,2,22,2,9,1258,53,20190222,2019022209
2019,2,22,2,10,1259,53,20190222,2019022210
2019,2,22,2,11,1260,53,20190222,2019022211
2019,2,22,2,12,1261,53,20190222,2019022212
2019,2,22,2,13,1262,53,20190222,2019022213
2019,2,22,2,14,1263,53,20190222,2019022214
2019,2,22,2,15,1264,53,20190222,2019022215
2019,2,22,2,16,1265,53,20190222,2019022216
2019,2,22,2,17,1266,53,20190222,2019022217
2019,2,22,2,18,1267,53,20190222,2019022218
2019,2,22,2,19,1268,53,20190222,2019022219
2019,2,22,2,20,1269,53,20190222,2019022220
2019,2,22,2,21,1270,53,20190222,2019022221
2019,2,22,2,22,1271,53,20190222,2019022222
2019,2,22,2,23,1272,53,20190222,2019022223
2019,2,23,3,0,1273,54,20190223,2019022300
2019,2,23,3,1,1274,54,20190223,2019022301
2019,2,23,3,2,1275,54,20190223,2019022302
2019,2,23,3,3,1276,54,20190223,2019022303
2019,2,23,3,4,1277,54,20190223,2019022304
2019,2,23,3,5,1278,54,20190223,2019022305
2019,2,23,3,6,1279,54,20190223,2019022306
2019,2,23,3,7,1280,54,20190223,2019022307
2019,2,23,3,8,1281,54,20190223,2019022308
2019,2,23,3,9,1282,54,20190223,2019022309
2019,2,23,3,10,1283,54,20190223,2019022310
2019,2,23,3,11,1284,54,20190223,2019022311
2019,2,23,3,12,1285,54,20190223,2019022312
2019,2,23,3,13,1286,54,20190223,2019022313
2019,2,23,3,14,1287,54,20190223,2019022314
2019,2,23,3,15,1288,54,20190223,2019022315
2019,2,23,3,16,1289,54,20190223,2019022316
2019,2,23,3,17,1290,54,20190223,2019022317
2019,2,23,3,18,1291,54,20190223,2019022318
2019,2,23,3,19,1292,54,20190223,2019022319
2019,2,23,3,20,1293,54,20190223,2019022320
2019,2,23,3,21,1294,54,20190223,2019022321
2019,2,23,3,22,1295,54,20190223,2019022322
2019,2,23,3,23,1296,54,20190223,2019022323
2019,2,24,4,0,1297,55,20190224,2019022400
2019,2,24,4,1,1298,55,20190224,2019022401
2019,2,24,4,2,1299,55,20190224,2019022402
2019,2,24,4,3,1300,55,20190224,2019022403
2019,2,24,4,4,1301,55,20190224,2019022404
2019,2,24,4,5,1302,55,20190224,2019022405
2019,2,24,4,6,1303,55,20190224,2019022406
2019,2,24,4,7,1304,55,20190224,2019022407
2019,2,24,4,8,1305,55,20190224,2019022408
2019,2,24,4,9,1306,55,20190224,2019022409
2019,2,24,4,10,1307,55,20190224,2019022410
2019,2,24,4,11,1308,55,20190224,2019022411
2019,2,24,4,12,1309,55,20190224,2019022412
2019,2,24,4,13,1310,55,20190224,2019022413
2019,2,24,4,14,1311,55,20190224,2019022414
2019,2,24,4,15,1312,55,20190224,2019022415
2019,2,24,4,16,1313,55,20190224,2019022416
2019,2,24,4,17,1314,55,20190224,2019022417
2019,2,24,4,18,1315,55,20190224,2019022418
2019,2,24,4,19,1316,55,20190224,2019022419
2019,2,24,4,20,1317,55,20190224,2019022420
2019,2,24,4,21,1318,55,20190224,2019022421
2019,2,24,4,22,1319,55,20190224,2019022422
2019,2,24,4,23,1320,55,20190224,2019022423
2019,2,25,5,0,1321,56,20190225,2019022500
2019,2,25,5,1,1322,56,20190225,2019022501
2019,2,25,5,2,1323,56,20190225,2019022502
2019,2,25,5,3,1324,56,20190225,2019022503
2019,2,25,5,4,1325,56,20190225,2019022504
2019,2,25,5,5,1326,56,20190225,2019022505
2019,2,25,5,6,1327,56,20190225,2019022506
2019,2,25,5,7,1328,56,20190225,2019022507
2019,2,25,5,8,1329,56,20190225,2019022508
2019,2,25,5,9,1330,56,20190225,2019022509
2019,2,25,5,10,1331,56,20190225,2019022510
2019,2,25,5,11,1332,56,20190225,2019022511
2019,2,25,5,12,1333,56,20190225,2019022512
2019,2,25,5,13,1334,56,20190225,2019022513
2019,2,25,5,14,1335,56,20190225,2019022514
2019,2,25,5,15,1336,56,20190225,2019022515
2019,2,25,5,16,1337,56,20190225,2019022516
2019,2,25,5,17,1338,56,20190225,2019022517
2019,2,25,5,18,1339,56,20190225,2019022518
2019,2,25,5,19,1340,56,20190225,2019022519
2019,2,25,5,20,1341,56,20190225,2019022520
2019,2,25,5,21,1342,56,20190225,2019022521
2019,2,25,5,22,1343,56,20190225,2019022522
2019,2,25,5,23,1344,56,20190225,2019022523
2019,2,26,6,0,1345,57,20190226,2019022600
2019,2,26,6,1,1346,57,20190226,2019022601
2019,2,26,6,2,1347,57,20190226,2019022602
2019,2,26,6,3,1348,57,20190226,2019022603
2019,2,26,6,4,1349,57,20190226,2019022604
2019,2,26,6,5,1350,57,20190226,2019022605
2019,2,26,6,6,1351,57,20190226,2019022606
2019,2,26,6,7,1352,57,20190226,2019022607
2019,2,26,6,8,1353,57,20190226,2019022608
2019,2,26,6,9,1354,57,20190226,2019022609
2019,2,26,6,10,1355,57,20190226,2019022610
2019,2,26,6,11,1356,57,20190226,2019022611
2019,2,26,6,12,1357,57,20190226,2019022612
2019,2,26,6,13,1358,57,20190226,2019022613
2019,2,26,6,14,1359,57,20190226,2019022614
2019,2,26,6,15,1360,57,20190226,2019022615
2019,2,26,6,16,1361,57,20190226,2019022616
2019,2,26,6,17,1362,57,20190226,2019022617
2019,2,26,6,18,1363,57,20190226,2019022618
2019,2,26,6,19,1364,57,20190226,2019022619
2019,2,26,6,20,1365,57,20190226,2019022620
2019,2,26,6,21,1366,57,20190226,2019022621
2019,2,26,6,22,1367,57,20190226,2019022622
2019,2,26,6,23,1368,57,20190226,2019022623
2019,2,27,7,0,1369,58,20190227,2019022700
2019,2,27,7,1,1370,58,20190227,2019022701
2019,2,27,7,2,1371,58,20190227,2019022702
2019,2,27,7,3,1372,58,20190227,2019022703
2019,2,27,7,4,1373,58,20190227,2019022704
2019,2,27,7,5,1374,58,20190227,2019022705
2019,2,27,7,6,1375,58,20190227,2019022706
2019,2,27,7,7,1376,58,20190227,2019022707
2019,2,27,7,8,1377,58,20190227,2019022708
2019,2,27,7,9,1378,58,20190227,2019022709
2019,2,27,7,10,1379,58,20190227,2019022710
2019,2,27,7,11,1380,58,20190227,2019022711
2019,2,27,7,12,1381,58,20190227,2019022712
2019,2,27,7,13,1382,58,20190227,2019022713
2019,2,27,7,14,1383,58,20190227,2019022714
2019,2,27,7,15,1384,58,20190227,2019022715
2019,2,27,7,16,1385,58,20190227,2019022716
2019,2,27,7,17,1386,58,20190227,2019022717
2019,2,27,7,18,1387,58,20190227,2019022718
2019,2,27,7,19,1388,58,20190227,2019022719
2019,2,27,7,20,1389,58,20190227,2019022720
2019,2,27,7,21,1390,58,20190227,2019022721
2019,2,27,7,22,1391,58,20190227,2019022722
2019,2,27,7,23,1392,58,20190227,2019022723
2019,2,28,1,0,1393,59,20190228,2019022800
2019,2,28,1,1,1394,59,20190228,2019022801
2019,2,28,1,2,1395,59,20190228,2019022802
2019,2,28,1,3,1396,59,20190228,2019022803
2019,2,28,1,4,1397,59,20190228,2019022804
2019,2,28,1,5,1398,59,20190228,2019022805
2019,2,28,1,6,1399,59,20190228,2019022806
2019,2,28,1,7,1400,59,20190228,2019022807
2019,2,28,1,8,1401,59,20190228,2019022808
2019,2,28,1,9,1402,59,20190228,2019022809
2019,2,28,1,10,1403,59,20190228,2019022810
2019,2,28,1,11,1404,59,20190228,2019022811
2019,2,28,1,12,1405,59,20190228,2019022812
2019,2,28,1,13,1406,59,20190228,2019022813
2019,2,28,1,14,1407,59,20190228,2019022814
2019,2,28,1,15,1408,59,20190228,2019022815
2019,2,28,1,16,1409,59,20190228,2019022816
2019,2,28,1,17,1410,59,20190228,2019022817
2019,2,28,1,18,1411,59,20190228,2019022818
2019,2,28,1,19,1412,59,20190228,2019022819
2019,2,28,1,20,1413,59,20190228,2019022820
2019,2,28,1,21,1414,59,20190228,2019022821
2019,2,28,1,22,1415,59,20190228,2019022822
2019,2,28,1,23,1416,59,20190228,2019022823
2019,3,1,2,0,1417,60,20190301,2019030100
2019,3,1,2,1,1418,60,20190301,2019030101
2019,3,1,2,2,1419,60,20190301,2019030102
2019,3,1,2,3,1420,60,20190301,2019030103
2019,3,1,2,4,1421,60,20190301,2019030104
2019,3,1,2,5,1422,60,20190301,2019030105
2019,3,1,2,6,1423,60,20190301,2019030106
2019,3,1,2,7,1424,60,20190301,2019030107
2019,3,1,2,8,1425,60,20190301,2019030108
2019,3,1,2,9,1426,60,20190301,2019030109
2019,3,1,2,10,1427,60,20190301,2019030110
2019,3,1,2,11,1428,60,20190301,2019030111
2019,3,1,2,12,1429,60,20190301,2019030112
2019,3,1,2,13,1430,60,20190301,2019030113
2019,3,1,2,14,1431,60,20190301,2019030114
2019,3,1,2,15,1432,60,20190301,2019030115
2019,3,1,2,16,1433,60,20190301,2019030116
2019,3,1,2,17,1434,60,20190301,2019030117
2019,3,1,2,18,1435,60,20190301,2019030118
2019,3,1,2,19,1436,60,20190301,2019030119
2019,3,1,2,20,1437,60,20190301,2019030120
2019,3,1,2,21,1438,60,20190301,2019030121
2019,3,1,2,22,1439,60,20190301,2019030122
2019,3,1,2,23,1440,60,20190301,2019030123
2019,3,2,3,0,1441,61,20190302,2019030200
2019,3,2,3,1,1442,61,20190302,2019030201
2019,3,2,3,2,1443,61,20190302,2019030202
2019,3,2,3,3,1444,61,20190302,2019030203
2019,3,2,3,4,1445,61,20190302,2019030204
2019,3,2,3,5,1446,61,20190302,2019030205
2019,3,2,3,6,1447,61,20190302,2019030206
2019,3,2,3,7,1448,61,20190302,2019030207
2019,3,2,3,8,1449,61,20190302,2019030208
2019,3,2,3,9,1450,61,20190302,2019030209
2019,3,2,3,10,1451,61,20190302,2019030210
2019,3,2,3,11,1452,61,20190302,2019030211
2019,3,2,3,12,1453,61,20190302,2019030212
2019,3,2,3,13,1454,61,20190302,2019030213
2019,3,2,3,14,1455,61,20190302,2019030214
2019,3,2,3,15,1456,61,20190302,2019030215
2019,3,2,3,16,1457,61,20190302,2019030216
2019,3,2,3,17,1458,61,20190302,2019030217
2019,3,2,3,18,1459,61,20190302,2019030218
2019,3,2,3,19,1460,61,20190302,2019030219
2019,3,2,3,20,1461,61,20190302,2019030220
2019,3,2,3,21,1462,61,20190302,2019030221
2019,3,2,3,22,1463,61,20190302,2019030222
2019,3,2,3,23,1464,61,20190302,2019030223
2019,3,3,4,0,1465,62,20190303,2019030300
2019,3,3,4,1,1466,62,20190303,2019030301
2019,3,3,4,2,1467,62,20190303,2019030302
2019,3,3,4,3,1468,62,20190303,2019030303
2019,3,3,4,4,1469,62,20190303,2019030304
2019,3,3,4,5,1470,62,20190303,2019030305
2019,3,3,4,6,1471,62,20190303,2019030306
2019,3,3,4,7,1472,62,20190303,2019030307
2019,3,3,4,8,1473,62,20190303,2019030308
2019,3,3,4,9,1474,62,20190303,2019030309
2019,3,3,4,10,1475,62,20190303,2019030310
2019,3,3,4,11,1476,62,20190303,2019030311
2019,3,3,4,12,1477,62,20190303,2019030312
2019,3,3,4,13,1478,62,20190303,2019030313
2019,3,3,4,14,1479,62,20190303,2019030314
2019,3,3,4,15,1480,62,20190303,2019030315
2019,3,3,4,16,1481,62,20190303,2019030316
2019,3,3,4,17,1482,62,20190303,2019030317
2019,3,3,4,18,1483,62,20190303,2019030318
2019,3,3,4,19,1484,62,20190303,2019030319
2019,3,3,4,20,1485,62,20190303,2019030320
2019,3,3,4,21,1486,62,20190303,2019030321
2019,3,3,4,22,1487,62,20190303,2019030322
2019,3,3,4,23,1488,62,20190303,2019030323
2019,3,4,5,0,1489,63,20190304,2019030400
2019,3,4,5,1,1490,63,20190304,2019030401
2019,3,4,5,2,1491,63,20190304,2019030402
2019,3,4,5,3,1492,63,20190304,2019030403
2019,3,4,5,4,1493,63,20190304,2019030404
2019,3,4,5,5,1494,63,20190304,2019030405
2019,3,4,5,6,1495,63,20190304,2019030406
2019,3,4,5,7,1496,63,20190304,2019030407
2019,3,4,5,8,1497,63,20190304,2019030408
2019,3,4,5,9,1498,63,20190304,2019030409
2019,3,4,5,10,1499,63,20190304,2019030410
2019,3,4,5,11,1500,63,20190304,2019030411
2019,3,4,5,12,1501,63,20190304,2019030412
2019,3,4,5,13,1502,63,20190304,2019030413
2019,3,4,5,14,1503,63,20190304,2019030414
2019,3,4,5,15,1504,63,20190304,2019030415
2019,3,4,5,16,1505,63,20190304,2019030416
2019,3,4,5,17,1506,63,20190304,2019030417
2019,3,4,5,18,1507,63,20190304,2019030418
2019,3,4,5,19,1508,63,20190304,2019030419
2019,3,4,5,20,1509,63,20190304,2019030420
2019,3,4,5,21,1510,63,20190304,2019030421
2019,3,4,5,22,1511,63,20190304,2019030422
2019,3,4,5,23,1512,63,20190304,2019030423
2019,3,5,6,0,1513,64,20190305,2019030500
2019,3,5,6,1,1514,64,20190305,2019030501
2019,3,5,6,2,1515,64,20190305,2019030502
2019,3,5,6,3,1516,64,20190305,2019030503
2019,3,5,6,4,1517,64,20190305,2019030504
2019,3,5,6,5,1518,64,20190305,2019030505
2019,3,5,6,6,1519,64,20190305,2019030506
2019,3,5,6,7,1520,64,20190305,2019030507
2019,3,5,6,8,1521,64,20190305,2019030508
2019,3,5,6,9,1522,64,20190305,2019030509
2019,3,5,6,10,1523,64,20190305,2019030510
2019,3,5,6,11,1524,64,20190305,2019030511
2019,3,5,6,12,1525,64,20190305,2019030512
2019,3,5,6,13,1526,64,20190305,2019030513
2019,3,5,6,14,1527,64,20190305,2019030514
2019,3,5,6,15,1528,64,20190305,2019030515
2019,3,5,6,16,1529,64,20190305,2019030516
2019,3,5,6,17,1530,64,20190305,2019030517
2019,3,5,6,18,1531,64,20190305,2019030518
2019,3,5,6,19,1532,64,20190305,2019030519
2019,3,5,6,20,1533,64,20190305,2019030520
2019,3,5,6,21,1534,64,20190305,2019030521
2019,3,5,6,22,1535,64,20190305,2019030522
2019,3,5,6,23,1536,64,20190305,2019030523
2019,3,6,7,0,1537,65,20190306,2019030600
2019,3,6,7,1,1538,65,20190306,2019030601
2019,3,6,7,2,1539,65,20190306,2019030602
2019,3,6,7,3,1540,65,20190306,2019030603
2019,3,6,7,4,1541,65,20190306,2019030604
2019,3,6,7,5,1542,65,20190306,2019030605
2019,3,6,7,6,1543,65,20190306,2019030606
2019,3,6,7,7,1544,65,20190306,2019030607
2019,3,6,7,8,1545,65,20190306,2019030608
2019,3,6,7,9,1546,65,20190306,2019030609
2019,3,6,7,10,1547,65,20190306,2019030610
2019,3,6,7,11,1548,65,20190306,2019030611
2019,3,6,7,12,1549,65,20190306,2019030612
2019,3,6,7,13,1550,65,20190306,2019030613
2019,3,6,7,14,1551,65,20190306,2019030614
2019,3,6,7,15,1552,65,20190306,2019030615
2019,3,6,7,16,1553,65,20190306,2019030616
2019,3,6,7,17,1554,65,20190306,2019030617
2019,3,6,7,18,1555,65,20190306,2019030618
2019,3,6,7,19,1556,65,20190306,2019030619
2019,3,6,7,20,1557,65,20190306,2019030620
2019,3,6,7,21,1558,65,20190306,2019030621
2019,3,6,7,22,1559,65,20190306,2019030622
2019,3,6,7,23,1560,65,20190306,2019030623
2019,3,7,1,0,1561,66,20190307,2019030700
2019,3,7,1,1,1562,66,20190307,2019030701
2019,3,7,1,2,1563,66,20190307,2019030702
2019,3,7,1,3,1564,66,20190307,2019030703
2019,3,7,1,4,1565,66,20190307,2019030704
2019,3,7,1,5,1566,66,20190307,2019030705
2019,3,7,1,6,1567,66,20190307,2019030706
2019,3,7,1,7,1568,66,20190307,2019030707
2019,3,7,1,8,1569,66,20190307,2019030708
2019,3,7,1,9,1570,66,20190307,2019030709
2019,3,7,1,10,1571,66,20190307,2019030710
2019,3,7,1,11,1572,66,20190307,2019030711
2019,3,7,1,12,1573,66,20190307,2019030712
2019,3,7,1,13,1574,66,20190307,2019030713
2019,3,7,1,14,1575,66,20190307,2019030714
2019,3,7,1,15,1576,66,20190307,2019030715
2019,3,7,1,16,1577,66,20190307,2019030716
2019,3,7,1,17,1578,66,20190307,2019030717
2019,3,7,1,18,1579,66,20190307,2019030718
2019,3,7,1,19,1580,66,20190307,2019030719
2019,3,7,1,20,1581,66,20190307,2019030720
2019,3,7,1,21,1582,66,20190307,2019030721
2019,3,7,1,22,1583,66,20190307,2019030722
2019,3,7,1,23,1584,66,20190307,2019030723
2019,3,8,2,0,1585,67,20190308,2019030800
2019,3,8,2,1,1586,67,20190308,2019030801
2019,3,8,2,2,1587,67,20190308,2019030802
2019,3,8,2,3,1588,67,20190308,2019030803
2019,3,8,2,4,1589,67,20190308,2019030804
2019,3,8,2,5,1590,67,20190308,2019030805
2019,3,8,2,6,1591,67,20190308,2019030806
2019,3,8,2,7,1592,67,20190308,2019030807
2019,3,8,2,8,1593,67,20190308,2019030808
2019,3,8,2,9,1594,67,20190308,2019030809
2019,3,8,2,10,1595,67,20190308,2019030810
2019,3,8,2,11,1596,67,20190308,2019030811
2019,3,8,2,12,1597,67,20190308,2019030812
2019,3,8,2,13,1598,67,20190308,2019030813
2019,3,8,2,14,1599,67,20190308,2019030814
2019,3,8,2,15,1600,67,20190308,2019030815
2019,3,8,2,16,1601,67,20190308,2019030816
2019,3,8,2,17,1602,67,20190308,2019030817
2019,3,8,2,18,1603,67,20190308,2019030818
2019,3,8,2,19,1604,67,20190308,2019030819
2019,3,8,2,20,1605,67,20190308,2019030820
2019,3,8,2,21,1606,67,20190308,2019030821
2019,3,8,2,22,1607,67,20190308,2019030822
2019,3,8,2,23,1608,67,20190308,2019030823
2019,3,9,3,0,1609,68,20190309,2019030900
2019,3,9,3,1,1610,68,20190309,2019030901
2019,3,9,3,2,1611,68,20190309,2019030902
2019,3,9,3,3,1612,68,20190309,2019030903
2019,3,9,3,4,1613,68,20190309,2019030904
2019,3,9,3,5,1614,68,20190309,2019030905
2019,3,9,3,6,1615,68,20190309,2019030906
2019,3,9,3,7,1616,68,20190309,2019030907
2019,3,9,3,8,1617,68,20190309,2019030908
2019,3,9,3,9,1618,68,20190309,2019030909
2019,3,9,3,10,1619,68,20190309,2019030910
2019,3,9,3,11,1620,68,20190309,2019030911
2019,3,9,3,12,1621,68,20190309,2019030912
2019,3,9,3,13,1622,68,20190309,2019030913
2019,3,9,3,14,1623,68,20190309,2019030914
2019,3,9,3,15,1624,68,20190309,2019030915
2019,3,9,3,16,1625,68,20190309,2019030916
2019,3,9,3,17,1626,68,20190309,2019030917
2019,3,9,3,18,1627,68,20190309,2019030918
2019,3,9,3,19,1628,68,20190309,2019030919
2019,3,9,3,20,1629,68,20190309,2019030920
2019,3,9,3,21,1630,68,20190309,2019030921
2019,3,9,3,22,1631,68,20190309,2019030922
2019,3,9,3,23,1632,68,20190309,2019030923
2019,3,10,4,0,1633,69,20190310,2019031000
2019,3,10,4,1,1634,69,20190310,2019031001
2019,3,10,4,2,1635,69,20190310,2019031002
2019,3,10,4,3,1636,69,20190310,2019031003
2019,3,10,4,4,1637,69,20190310,2019031004
2019,3,10,4,5,1638,69,20190310,2019031005
2019,3,10,4,6,1639,69,20190310,2019031006
2019,3,10,4,7,1640,69,20190310,2019031007
2019,3,10,4,8,1641,69,20190310,2019031008
2019,3,10,4,9,1642,69,20190310,2019031009
2019,3,10,4,10,1643,69,20190310,2019031010
2019,3,10,4,11,1644,69,20190310,2019031011
2019,3,10,4,12,1645,69,20190310,2019031012
2019,3,10,4,13,1646,69,20190310,2019031013
2019,3,10,4,14,1647,69,20190310,2019031014
2019,3,10,4,15,1648,69,20190310,2019031015
2019,3,10,4,16,1649,69,20190310,2019031016
2019,3,10,4,17,1650,69,20190310,2019031017
2019,3,10,4,18,1651,69,20190310,2019031018
2019,3,10,4,19,1652,69,20190310,2019031019
2019,3,10,4,20,1653,69,20190310,2019031020
2019,3,10,4,21,1654,69,20190310,2019031021
2019,3,10,4,22,1655,69,20190310,2019031022
2019,3,10,4,23,1656,69,20190310,2019031023
2019,3,11,5,0,1657,70,20190311,2019031100
2019,3,11,5,1,1658,70,20190311,2019031101
2019,3,11,5,2,1659,70,20190311,2019031102
2019,3,11,5,3,1660,70,20190311,2019031103
2019,3,11,5,4,1661,70,20190311,2019031104
2019,3,11,5,5,1662,70,20190311,2019031105
2019,3,11,5,6,1663,70,20190311,2019031106
2019,3,11,5,7,1664,70,20190311,2019031107
2019,3,11,5,8,1665,70,20190311,2019031108
2019,3,11,5,9,1666,70,20190311,2019031109
2019,3,11,5,10,1667,70,20190311,2019031110
2019,3,11,5,11,1668,70,20190311,2019031111
2019,3,11,5,12,1669,70,20190311,2019031112
2019,3,11,5,13,1670,70,20190311,2019031113
2019,3,11,5,14,1671,70,20190311,2019031114
2019,3,11,5,15,1672,70,20190311,2019031115
2019,3,11,5,16,1673,70,20190311,2019031116
2019,3,11,5,17,1674,70,20190311,2019031117
2019,3,11,5,18,1675,70,20190311,2019031118
2019,3,11,5,19,1676,70,20190311,2019031119
2019,3,11,5,20,1677,70,20190311,2019031120
2019,3,11,5,21,1678,70,20190311,2019031121
2019,3,11,5,22,1679,70,20190311,2019031122
2019,3,11,5,23,1680,70,20190311,2019031123
2019,3,12,6,0,1681,71,20190312,2019031200
2019,3,12,6,1,1682,71,20190312,2019031201
2019,3,12,6,2,1683,71,20190312,2019031202
2019,3,12,6,3,1684,71,20190312,2019031203
2019,3,12,6,4,1685,71,20190312,2019031204
2019,3,12,6,5,1686,71,20190312,2019031205
2019,3,12,6,6,1687,71,20190312,2019031206
2019,3,12,6,7,1688,71,20190312,2019031207
2019,3,12,6,8,1689,71,20190312,2019031208
2019,3,12,6,9,1690,71,20190312,2019031209
2019,3,12,6,10,1691,71,20190312,2019031210
2019,3,12,6,11,1692,71,20190312,2019031211
2019,3,12,6,12,1693,71,20190312,2019031212
2019,3,12,6,13,1694,71,20190312,2019031213
2019,3,12,6,14,1695,71,20190312,2019031214
2019,3,12,6,15,1696,71,20190312,2019031215
2019,3,12,6,16,1697,71,20190312,2019031216
2019,3,12,6,17,1698,71,20190312,2019031217
2019,3,12,6,18,1699,71,20190312,2019031218
2019,3,12,6,19,1700,71,20190312,2019031219
2019,3,12,6,20,1701,71,20190312,2019031220
2019,3,12,6,21,1702,71,20190312,2019031221
2019,3,12,6,22,1703,71,20190312,2019031222
2019,3,12,6,23,1704,71,20190312,2019031223
2019,3,13,7,0,1705,72,20190313,2019031300
2019,3,13,7,1,1706,72,20190313,2019031301
2019,3,13,7,2,1707,72,20190313,2019031302
2019,3,13,7,3,1708,72,20190313,2019031303
2019,3,13,7,4,1709,72,20190313,2019031304
2019,3,13,7,5,1710,72,20190313,2019031305
2019,3,13,7,6,1711,72,20190313,2019031306
2019,3,13,7,7,1712,72,20190313,2019031307
2019,3,13,7,8,1713,72,20190313,2019031308
2019,3,13,7,9,1714,72,20190313,2019031309
2019,3,13,7,10,1715,72,20190313,2019031310
2019,3,13,7,11,1716,72,20190313,2019031311
2019,3,13,7,12,1717,72,20190313,2019031312
2019,3,13,7,13,1718,72,20190313,2019031313
2019,3,13,7,14,1719,72,20190313,2019031314
2019,3,13,7,15,1720,72,20190313,2019031315
2019,3,13,7,16,1721,72,20190313,2019031316
2019,3,13,7,17,1722,72,20190313,2019031317
2019,3,13,7,18,1723,72,20190313,2019031318
2019,3,13,7,19,1724,72,20190313,2019031319
2019,3,13,7,20,1725,72,20190313,2019031320
2019,3,13,7,21,1726,72,20190313,2019031321
2019,3,13,7,22,1727,72,20190313,2019031322
2019,3,13,7,23,1728,72,20190313,2019031323
2019,3,14,1,0,1729,73,20190314,2019031400
2019,3,14,1,1,1730,73,20190314,2019031401
2019,3,14,1,2,1731,73,20190314,2019031402
2019,3,14,1,3,1732,73,20190314,2019031403
2019,3,14,1,4,1733,73,20190314,2019031404
2019,3,14,1,5,1734,73,20190314,2019031405
2019,3,14,1,6,1735,73,20190314,2019031406
2019,3,14,1,7,1736,73,20190314,2019031407
2019,3,14,1,8,1737,73,20190314,2019031408
2019,3,14,1,9,1738,73,20190314,2019031409
2019,3,14,1,10,1739,73,20190314,2019031410
2019,3,14,1,11,1740,73,20190314,2019031411
2019,3,14,1,12,1741,73,20190314,2019031412
2019,3,14,1,13,1742,73,20190314,2019031413
2019,3,14,1,14,1743,73,20190314,2019031414
2019,3,14,1,15,1744,73,20190314,2019031415
2019,3,14,1,16,1745,73,20190314,2019031416
2019,3,14,1,17,1746,73,20190314,2019031417
2019,3,14,1,18,1747,73,20190314,2019031418
2019,3,14,1,19,1748,73,20190314,2019031419
2019,3,14,1,20,1749,73,20190314,2019031420
2019,3,14,1,21,1750,73,20190314,2019031421
2019,3,14,1,22,1751,73,20190314,2019031422
2019,3,14,1,23,1752,73,20190314,2019031423
2019,3,15,2,0,1753,74,20190315,2019031500
2019,3,15,2,1,1754,74,20190315,2019031501
2019,3,15,2,2,1755,74,20190315,2019031502
2019,3,15,2,3,1756,74,20190315,2019031503
2019,3,15,2,4,1757,74,20190315,2019031504
2019,3,15,2,5,1758,74,20190315,2019031505
2019,3,15,2,6,1759,74,20190315,2019031506
2019,3,15,2,7,1760,74,20190315,2019031507
2019,3,15,2,8,1761,74,20190315,2019031508
2019,3,15,2,9,1762,74,20190315,2019031509
2019,3,15,2,10,1763,74,20190315,2019031510
2019,3,15,2,11,1764,74,20190315,2019031511
2019,3,15,2,12,1765,74,20190315,2019031512
2019,3,15,2,13,1766,74,20190315,2019031513
2019,3,15,2,14,1767,74,20190315,2019031514
2019,3,15,2,15,1768,74,20190315,2019031515
2019,3,15,2,16,1769,74,20190315,2019031516
2019,3,15,2,17,1770,74,20190315,2019031517
2019,3,15,2,18,1771,74,20190315,2019031518
2019,3,15,2,19,1772,74,20190315,2019031519
2019,3,15,2,20,1773,74,20190315,2019031520
2019,3,15,2,21,1774,74,20190315,2019031521
2019,3,15,2,22,1775,74,20190315,2019031522
2019,3,15,2,23,1776,74,20190315,2019031523
2019,3,16,3,0,1777,75,20190316,2019031600
2019,3,16,3,1,1778,75,20190316,2019031601
2019,3,16,3,2,1779,75,20190316,2019031602
2019,3,16,3,3,1780,75,20190316,2019031603
2019,3,16,3,4,1781,75,20190316,2019031604
2019,3,16,3,5,1782,75,20190316,2019031605
2019,3,16,3,6,1783,75,20190316,2019031606
2019,3,16,3,7,1784,75,20190316,2019031607
2019,3,16,3,8,1785,75,20190316,2019031608
2019,3,16,3,9,1786,75,20190316,2019031609
2019,3,16,3,10,1787,75,20190316,2019031610
2019,3,16,3,11,1788,75,20190316,2019031611
2019,3,16,3,12,1789,75,20190316,2019031612
2019,3,16,3,13,1790,75,20190316,2019031613
2019,3,16,3,14,1791,75,20190316,2019031614
2019,3,16,3,15,1792,75,20190316,2019031615
2019,3,16,3,16,1793,75,20190316,2019031616
2019,3,16,3,17,1794,75,20190316,2019031617
2019,3,16,3,18,1795,75,20190316,2019031618
2019,3,16,3,19,1796,75,20190316,2019031619
2019,3,16,3,20,1797,75,20190316,2019031620
2019,3,16,3,21,1798,75,20190316,2019031621
2019,3,16,3,22,1799,75,20190316,2019031622
2019,3,16,3,23,1800,75,20190316,2019031623
2019,3,17,4,0,1801,76,20190317,2019031700
2019,3,17,4,1,1802,76,20190317,2019031701
2019,3,17,4,2,1803,76,20190317,2019031702
2019,3,17,4,3,1804,76,20190317,2019031703
2019,3,17,4,4,1805,76,20190317,2019031704
2019,3,17,4,5,1806,76,20190317,2019031705
2019,3,17,4,6,1807,76,20190317,2019031706
2019,3,17,4,7,1808,76,20190317,2019031707
2019,3,17,4,8,1809,76,20190317,2019031708
2019,3,17,4,9,1810,76,20190317,2019031709
2019,3,17,4,10,1811,76,20190317,2019031710
2019,3,17,4,11,1812,76,20190317,2019031711
2019,3,17,4,12,1813,76,20190317,2019031712
2019,3,17,4,13,1814,76,20190317,2019031713
2019,3,17,4,14,1815,76,20190317,2019031714
2019,3,17,4,15,1816,76,20190317,2019031715
2019,3,17,4,16,1817,76,20190317,2019031716
2019,3,17,4,17,1818,76,20190317,2019031717
2019,3,17,4,18,1819,76,20190317,2019031718
2019,3,17,4,19,1820,76,20190317,2019031719
2019,3,17,4,20,1821,76,20190317,2019031720
2019,3,17,4,21,1822,76,20190317,2019031721
2019,3,17,4,22,1823,76,20190317,2019031722
2019,3,17,4,23,1824,76,20190317,2019031723
2019,3,18,5,0,1825,77,20190318,2019031800
2019,3,18,5,1,1826,77,20190318,2019031801
2019,3,18,5,2,1827,77,20190318,2019031802
2019,3,18,5,3,1828,77,20190318,2019031803
2019,3,18,5,4,1829,77,20190318,2019031804
2019,3,18,5,5,1830,77,20190318,2019031805
2019,3,18,5,6,1831,77,20190318,2019031806
2019,3,18,5,7,1832,77,20190318,2019031807
2019,3,18,5,8,1833,77,20190318,2019031808
2019,3,18,5,9,1834,77,20190318,2019031809
2019,3,18,5,10,1835,77,20190318,2019031810
2019,3,18,5,11,1836,77,20190318,2019031811
2019,3,18,5,12,1837,77,20190318,2019031812
2019,3,18,5,13,1838,77,20190318,2019031813
2019,3,18,5,14,1839,77,20190318,2019031814
2019,3,18,5,15,1840,77,20190318,2019031815
2019,3,18,5,16,1841,77,20190318,2019031816
2019,3,18,5,17,1842,77,20190318,2019031817
2019,3,18,5,18,1843,77,20190318,2019031818
2019,3,18,5,19,1844,77,20190318,2019031819
2019,3,18,5,20,1845,77,20190318,2019031820
2019,3,18,5,21,1846,77,20190318,2019031821
2019,3,18,5,22,1847,77,20190318,2019031822
2019,3,18,5,23,1848,77,20190318,2019031823
2019,3,19,6,0,1849,78,20190319,2019031900
2019,3,19,6,1,1850,78,20190319,2019031901
2019,3,19,6,2,1851,78,20190319,2019031902
2019,3,19,6,3,1852,78,20190319,2019031903
2019,3,19,6,4,1853,78,20190319,2019031904
2019,3,19,6,5,1854,78,20190319,2019031905
2019,3,19,6,6,1855,78,20190319,2019031906
2019,3,19,6,7,1856,78,20190319,2019031907
2019,3,19,6,8,1857,78,20190319,2019031908
2019,3,19,6,9,1858,78,20190319,2019031909
2019,3,19,6,10,1859,78,20190319,2019031910
2019,3,19,6,11,1860,78,20190319,2019031911
2019,3,19,6,12,1861,78,20190319,2019031912
2019,3,19,6,13,1862,78,20190319,2019031913
2019,3,19,6,14,1863,78,20190319,2019031914
2019,3,19,6,15,1864,78,20190319,2019031915
2019,3,19,6,16,1865,78,20190319,2019031916
2019,3,19,6,17,1866,78,20190319,2019031917
2019,3,19,6,18,1867,78,20190319,2019031918
2019,3,19,6,19,1868,78,20190319,2019031919
2019,3,19,6,20,1869,78,20190319,2019031920
2019,3,19,6,21,1870,78,20190319,2019031921
2019,3,19,6,22,1871,78,20190319,2019031922
2019,3,19,6,23,1872,78,20190319,2019031923
2019,3,20,7,0,1873,79,20190320,2019032000
2019,3,20,7,1,1874,79,20190320,2019032001
2019,3,20,7,2,1875,79,20190320,2019032002
2019,3,20,7,3,1876,79,20190320,2019032003
2019,3,20,7,4,1877,79,20190320,2019032004
2019,3,20,7,5,1878,79,20190320,2019032005
2019,3,20,7,6,1879,79,20190320,2019032006
2019,3,20,7,7,1880,79,20190320,2019032007
2019,3,20,7,8,1881,79,20190320,2019032008
2019,3,20,7,9,1882,79,20190320,2019032009
2019,3,20,7,10,1883,79,20190320,2019032010
2019,3,20,7,11,1884,79,20190320,2019032011
2019,3,20,7,12,1885,79,20190320,2019032012
2019,3,20,7,13,1886,79,20190320,2019032013
2019,3,20,7,14,1887,79,20190320,2019032014
2019,3,20,7,15,1888,79,20190320,2019032015
2019,3,20,7,16,1889,79,20190320,2019032016
2019,3,20,7,17,1890,79,20190320,2019032017
2019,3,20,7,18,1891,79,20190320,2019032018
2019,3,20,7,19,1892,79,20190320,2019032019
2019,3,20,7,20,1893,79,20190320,2019032020
2019,3,20,7,21,1894,79,20190320,2019032021
2019,3,20,7,22,1895,79,20190320,2019032022
2019,3,20,7,23,1896,79,20190320,2019032023
2019,3,21,1,0,1897,80,20190321,2019032100
2019,3,21,1,1,1898,80,20190321,2019032101
2019,3,21,1,2,1899,80,20190321,2019032102
2019,3,21,1,3,1900,80,20190321,2019032103
2019,3,21,1,4,1901,80,20190321,2019032104
2019,3,21,1,5,1902,80,20190321,2019032105
2019,3,21,1,6,1903,80,20190321,2019032106
2019,3,21,1,7,1904,80,20190321,2019032107
2019,3,21,1,8,1905,80,20190321,2019032108
2019,3,21,1,9,1906,80,20190321,2019032109
2019,3,21,1,10,1907,80,20190321,2019032110
2019,3,21,1,11,1908,80,20190321,2019032111
2019,3,21,1,12,1909,80,20190321,2019032112
2019,3,21,1,13,1910,80,20190321,2019032113
2019,3,21,1,14,1911,80,20190321,2019032114
2019,3,21,1,15,1912,80,20190321,2019032115
2019,3,21,1,16,1913,80,20190321,2019032116
2019,3,21,1,17,1914,80,20190321,2019032117
2019,3,21,1,18,1915,80,20190321,2019032118
2019,3,21,1,19,1916,80,20190321,2019032119
2019,3,21,1,20,1917,80,20190321,2019032120
2019,3,21,1,21,1918,80,20190321,2019032121
2019,3,21,1,22,1919,80,20190321,2019032122
2019,3,21,1,23,1920,80,20190321,2019032123
2019,3,22,2,0,1921,81,20190322,2019032200
2019,3,22,2,1,1922,81,20190322,2019032201
2019,3,22,2,2,1923,81,20190322,2019032202
2019,3,22,2,3,1924,81,20190322,2019032203
2019,3,22,2,4,1925,81,20190322,2019032204
2019,3,22,2,5,1926,81,20190322,2019032205
2019,3,22,2,6,1927,81,20190322,2019032206
2019,3,22,2,7,1928,81,20190322,2019032207
2019,3,22,2,8,1929,81,20190322,2019032208
2019,3,22,2,9,1930,81,20190322,2019032209
2019,3,22,2,10,1931,81,20190322,2019032210
2019,3,22,2,11,1932,81,20190322,2019032211
2019,3,22,2,12,1933,81,20190322,2019032212
2019,3,22,2,13,1934,81,20190322,2019032213
2019,3,22,2,14,1935,81,20190322,2019032214
2019,3,22,2,15,1936,81,20190322,2019032215
2019,3,22,2,16,1937,81,20190322,2019032216
2019,3,22,2,17,1938,81,20190322,2019032217
2019,3,22,2,18,1939,81,20190322,2019032218
2019,3,22,2,19,1940,81,20190322,2019032219
2019,3,22,2,20,1941,81,20190322,2019032220
2019,3,22,2,21,1942,81,20190322,2019032221
2019,3,22,2,22,1943,81,20190322,2019032222
2019,3,22,2,23,1944,81,20190322,2019032223
2019,3,23,3,0,1945,82,20190323,2019032300
2019,3,23,3,1,1946,82,20190323,2019032301
2019,3,23,3,2,1947,82,20190323,2019032302
2019,3,23,3,3,1948,82,20190323,2019032303
2019,3,23,3,4,1949,82,20190323,2019032304
2019,3,23,3,5,1950,82,20190323,2019032305
2019,3,23,3,6,1951,82,20190323,2019032306
2019,3,23,3,7,1952,82,20190323,2019032307
2019,3,23,3,8,1953,82,20190323,2019032308
2019,3,23,3,9,1954,82,20190323,2019032309
2019,3,23,3,10,1955,82,20190323,2019032310
2019,3,23,3,11,1956,82,20190323,2019032311
2019,3,23,3,12,1957,82,20190323,2019032312
2019,3,23,3,13,1958,82,20190323,2019032313
2019,3,23,3,14,1959,82,20190323,2019032314
2019,3,23,3,15,1960,82,20190323,2019032315
2019,3,23,3,16,1961,82,20190323,2019032316
2019,3,23,3,17,1962,82,20190323,2019032317
2019,3,23,3,18,1963,82,20190323,2019032318
2019,3,23,3,19,1964,82,20190323,2019032319
2019,3,23,3,20,1965,82,20190323,2019032320
2019,3,23,3,21,1966,82,20190323,2019032321
2019,3,23,3,22,1967,82,20190323,2019032322
2019,3,23,3,23,1968,82,20190323,2019032323
2019,3,24,4,0,1969,83,20190324,2019032400
2019,3,24,4,1,1970,83,20190324,2019032401
2019,3,24,4,2,1971,83,20190324,2019032402
2019,3,24,4,3,1972,83,20190324,2019032403
2019,3,24,4,4,1973,83,20190324,2019032404
2019,3,24,4,5,1974,83,20190324,2019032405
2019,3,24,4,6,1975,83,20190324,2019032406
2019,3,24,4,7,1976,83,20190324,2019032407
2019,3,24,4,8,1977,83,20190324,2019032408
2019,3,24,4,9,1978,83,20190324,2019032409
2019,3,24,4,10,1979,83,20190324,2019032410
2019,3,24,4,11,1980,83,20190324,2019032411
2019,3,24,4,12,1981,83,20190324,2019032412
2019,3,24,4,13,1982,83,20190324,2019032413
2019,3,24,4,14,1983,83,20190324,2019032414
2019,3,24,4,15,1984,83,20190324,2019032415
2019,3,24,4,16,1985,83,20190324,2019032416
2019,3,24,4,17,1986,83,20190324,2019032417
2019,3,24,4,18,1987,83,20190324,2019032418
2019,3,24,4,19,1988,83,20190324,2019032419
2019,3,24,4,20,1989,83,20190324,2019032420
2019,3,24,4,21,1990,83,20190324,2019032421
2019,3,24,4,22,1991,83,20190324,2019032422
2019,3,24,4,23,1992,83,20190324,2019032423
2019,3,25,5,0,1993,84,20190325,2019032500
2019,3,25,5,1,1994,84,20190325,2019032501
2019,3,25,5,2,1995,84,20190325,2019032502
2019,3,25,5,3,1996,84,20190325,2019032503
2019,3,25,5,4,1997,84,20190325,2019032504
2019,3,25,5,5,1998,84,20190325,2019032505
2019,3,25,5,6,1999,84,20190325,2019032506
2019,3,25,5,7,2000,84,20190325,2019032507
2019,3,25,5,8,2001,84,20190325,2019032508
2019,3,25,5,9,2002,84,20190325,2019032509
2019,3,25,5,10,2003,84,20190325,2019032510
2019,3,25,5,11,2004,84,20190325,2019032511
2019,3,25,5,12,2005,84,20190325,2019032512
2019,3,25,5,13,2006,84,20190325,2019032513
2019,3,25,5,14,2007,84,20190325,2019032514
2019,3,25,5,15,2008,84,20190325,2019032515
2019,3,25,5,16,2009,84,20190325,2019032516
2019,3,25,5,17,2010,84,20190325,2019032517
2019,3,25,5,18,2011,84,20190325,2019032518
2019,3,25,5,19,2012,84,20190325,2019032519
2019,3,25,5,20,2013,84,20190325,2019032520
2019,3,25,5,21,2014,84,20190325,2019032521
2019,3,25,5,22,2015,84,20190325,2019032522
2019,3,25,5,23,2016,84,20190325,2019032523
2019,3,26,6,0,2017,85,20190326,2019032600
2019,3,26,6,1,2018,85,20190326,2019032601
2019,3,26,6,2,2019,85,20190326,2019032602
2019,3,26,6,3,2020,85,20190326,2019032603
2019,3,26,6,4,2021,85,20190326,2019032604
2019,3,26,6,5,2022,85,20190326,2019032605
2019,3,26,6,6,2023,85,20190326,2019032606
2019,3,26,6,7,2024,85,20190326,2019032607
2019,3,26,6,8,2025,85,20190326,2019032608
2019,3,26,6,9,2026,85,20190326,2019032609
2019,3,26,6,10,2027,85,20190326,2019032610
2019,3,26,6,11,2028,85,20190326,2019032611
2019,3,26,6,12,2029,85,20190326,2019032612
2019,3,26,6,13,2030,85,20190326,2019032613
2019,3,26,6,14,2031,85,20190326,2019032614
2019,3,26,6,15,2032,85,20190326,2019032615
2019,3,26,6,16,2033,85,20190326,2019032616
2019,3,26,6,17,2034,85,20190326,2019032617
2019,3,26,6,18,2035,85,20190326,2019032618
2019,3,26,6,19,2036,85,20190326,2019032619
2019,3,26,6,20,2037,85,20190326,2019032620
2019,3,26,6,21,2038,85,20190326,2019032621
2019,3,26,6,22,2039,85,20190326,2019032622
2019,3,26,6,23,2040,85,20190326,2019032623
2019,3,27,7,0,2041,86,20190327,2019032700
2019,3,27,7,1,2042,86,20190327,2019032701
2019,3,27,7,2,2043,86,20190327,2019032702
2019,3,27,7,3,2044,86,20190327,2019032703
2019,3,27,7,4,2045,86,20190327,2019032704
2019,3,27,7,5,2046,86,20190327,2019032705
2019,3,27,7,6,2047,86,20190327,2019032706
2019,3,27,7,7,2048,86,20190327,2019032707
2019,3,27,7,8,2049,86,20190327,2019032708
2019,3,27,7,9,2050,86,20190327,2019032709
2019,3,27,7,10,2051,86,20190327,2019032710
2019,3,27,7,11,2052,86,20190327,2019032711
2019,3,27,7,12,2053,86,20190327,2019032712
2019,3,27,7,13,2054,86,20190327,2019032713
2019,3,27,7,14,2055,86,20190327,2019032714
2019,3,27,7,15,2056,86,20190327,2019032715
2019,3,27,7,16,2057,86,20190327,2019032716
2019,3,27,7,17,2058,86,20190327,2019032717
2019,3,27,7,18,2059,86,20190327,2019032718
2019,3,27,7,19,2060,86,20190327,2019032719
2019,3,27,7,20,2061,86,20190327,2019032720
2019,3,27,7,21,2062,86,20190327,2019032721
2019,3,27,7,22,2063,86,20190327,2019032722
2019,3,27,7,23,2064,86,20190327,2019032723
2019,3,28,1,0,2065,87,20190328,2019032800
2019,3,28,1,1,2066,87,20190328,2019032801
2019,3,28,1,2,2067,87,20190328,2019032802
2019,3,28,1,3,2068,87,20190328,2019032803
2019,3,28,1,4,2069,87,20190328,2019032804
2019,3,28,1,5,2070,87,20190328,2019032805
2019,3,28,1,6,2071,87,20190328,2019032806
2019,3,28,1,7,2072,87,20190328,2019032807
2019,3,28,1,8,2073,87,20190328,2019032808
2019,3,28,1,9,2074,87,20190328,2019032809
2019,3,28,1,10,2075,87,20190328,2019032810
2019,3,28,1,11,2076,87,20190328,2019032811
2019,3,28,1,12,2077,87,20190328,2019032812
2019,3,28,1,13,2078,87,20190328,2019032813
2019,3,28,1,14,2079,87,20190328,2019032814
2019,3,28,1,15,2080,87,20190328,2019032815
2019,3,28,1,16,2081,87,20190328,2019032816
2019,3,28,1,17,2082,87,20190328,2019032817
2019,3,28,1,18,2083,87,20190328,2019032818
2019,3,28,1,19,2084,87,20190328,2019032819
2019,3,28,1,20,2085,87,20190328,2019032820
2019,3,28,1,21,2086,87,20190328,2019032821
2019,3,28,1,22,2087,87,20190328,2019032822
2019,3,28,1,23,2088,87,20190328,2019032823
2019,3,29,2,0,2089,88,20190329,2019032900
2019,3,29,2,1,2090,88,20190329,2019032901
2019,3,29,2,2,2091,88,20190329,2019032902
2019,3,29,2,3,2092,88,20190329,2019032903
2019,3,29,2,4,2093,88,20190329,2019032904
2019,3,29,2,5,2094,88,20190329,2019032905
2019,3,29,2,6,2095,88,20190329,2019032906
2019,3,29,2,7,2096,88,20190329,2019032907
2019,3,29,2,8,2097,88,20190329,2019032908
2019,3,29,2,9,2098,88,20190329,2019032909
2019,3,29,2,10,2099,88,20190329,2019032910
2019,3,29,2,11,2100,88,20190329,2019032911
2019,3,29,2,12,2101,88,20190329,2019032912
2019,3,29,2,13,2102,88,20190329,2019032913
2019,3,29,2,14,2103,88,20190329,2019032914
2019,3,29,2,15,2104,88,20190329,2019032915
2019,3,29,2,16,2105,88,20190329,2019032916
2019,3,29,2,17,2106,88,20190329,2019032917
2019,3,29,2,18,2107,88,20190329,2019032918
2019,3,29,2,19,2108,88,20190329,2019032919
2019,3,29,2,20,2109,88,20190329,2019032920
2019,3,29,2,21,2110,88,20190329,2019032921
2019,3,29,2,22,2111,88,20190329,2019032922
2019,3,29,2,23,2112,88,20190329,2019032923
2019,3,30,3,0,2113,89,20190330,2019033000
2019,3,30,3,1,2114,89,20190330,2019033001
2019,3,30,3,2,2115,89,20190330,2019033002
2019,3,30,3,3,2116,89,20190330,2019033003
2019,3,30,3,4,2117,89,20190330,2019033004
2019,3,30,3,5,2118,89,20190330,2019033005
2019,3,30,3,6,2119,89,20190330,2019033006
2019,3,30,3,7,2120,89,20190330,2019033007
2019,3,30,3,8,2121,89,20190330,2019033008
2019,3,30,3,9,2122,89,20190330,2019033009
2019,3,30,3,10,2123,89,20190330,2019033010
2019,3,30,3,11,2124,89,20190330,2019033011
2019,3,30,3,12,2125,89,20190330,2019033012
2019,3,30,3,13,2126,89,20190330,2019033013
2019,3,30,3,14,2127,89,20190330,2019033014
2019,3,30,3,15,2128,89,20190330,2019033015
2019,3,30,3,16,2129,89,20190330,2019033016
2019,3,30,3,17,2130,89,20190330,2019033017
2019,3,30,3,18,2131,89,20190330,2019033018
2019,3,30,3,19,2132,89,20190330,2019033019
2019,3,30,3,20,2133,89,20190330,2019033020
2019,3,30,3,21,2134,89,20190330,2019033021
2019,3,30,3,22,2135,89,20190330,2019033022
2019,3,30,3,23,2136,89,20190330,2019033023
2019,3,31,4,0,2137,90,20190331,2019033100
2019,3,31,4,1,2138,90,20190331,2019033101
2019,3,31,4,2,2139,90,20190331,2019033102
2019,3,31,4,3,2140,90,20190331,2019033103
2019,3,31,4,4,2141,90,20190331,2019033104
2019,3,31,4,5,2142,90,20190331,2019033105
2019,3,31,4,6,2143,90,20190331,2019033106
2019,3,31,4,7,2144,90,20190331,2019033107
2019,3,31,4,8,2145,90,20190331,2019033108
2019,3,31,4,9,2146,90,20190331,2019033109
2019,3,31,4,10,2147,90,20190331,2019033110
2019,3,31,4,11,2148,90,20190331,2019033111
2019,3,31,4,12,2149,90,20190331,2019033112
2019,3,31,4,13,2150,90,20190331,2019033113
2019,3,31,4,14,2151,90,20190331,2019033114
2019,3,31,4,15,2152,90,20190331,2019033115
2019,3,31,4,16,2153,90,20190331,2019033116
2019,3,31,4,17,2154,90,20190331,2019033117
2019,3,31,4,18,2155,90,20190331,2019033118
2019,3,31,4,19,2156,90,20190331,2019033119
2019,3,31,4,20,2157,90,20190331,2019033120
2019,3,31,4,21,2158,90,20190331,2019033121
2019,3,31,4,22,2159,90,20190331,2019033122
2019,3,31,4,23,2160,90,20190331,2019033123
2019,4,1,5,0,2161,91,20190401,2019040100
2019,4,1,5,1,2162,91,20190401,2019040101
2019,4,1,5,2,2163,91,20190401,2019040102
2019,4,1,5,3,2164,91,20190401,2019040103
2019,4,1,5,4,2165,91,20190401,2019040104
2019,4,1,5,5,2166,91,20190401,2019040105
2019,4,1,5,6,2167,91,20190401,2019040106
2019,4,1,5,7,2168,91,20190401,2019040107
2019,4,1,5,8,2169,91,20190401,2019040108
2019,4,1,5,9,2170,91,20190401,2019040109
2019,4,1,5,10,2171,91,20190401,2019040110
2019,4,1,5,11,2172,91,20190401,2019040111
2019,4,1,5,12,2173,91,20190401,2019040112
2019,4,1,5,13,2174,91,20190401,2019040113
2019,4,1,5,14,2175,91,20190401,2019040114
2019,4,1,5,15,2176,91,20190401,2019040115
2019,4,1,5,16,2177,91,20190401,2019040116
2019,4,1,5,17,2178,91,20190401,2019040117
2019,4,1,5,18,2179,91,20190401,2019040118
2019,4,1,5,19,2180,91,20190401,2019040119
2019,4,1,5,20,2181,91,20190401,2019040120
2019,4,1,5,21,2182,91,20190401,2019040121
2019,4,1,5,22,2183,91,20190401,2019040122
2019,4,1,5,23,2184,91,20190401,2019040123
2019,4,2,6,0,2185,92,20190402,2019040200
2019,4,2,6,1,2186,92,20190402,2019040201
2019,4,2,6,2,2187,92,20190402,2019040202
2019,4,2,6,3,2188,92,20190402,2019040203
2019,4,2,6,4,2189,92,20190402,2019040204
2019,4,2,6,5,2190,92,20190402,2019040205
2019,4,2,6,6,2191,92,20190402,2019040206
2019,4,2,6,7,2192,92,20190402,2019040207
2019,4,2,6,8,2193,92,20190402,2019040208
2019,4,2,6,9,2194,92,20190402,2019040209
2019,4,2,6,10,2195,92,20190402,2019040210
2019,4,2,6,11,2196,92,20190402,2019040211
2019,4,2,6,12,2197,92,20190402,2019040212
2019,4,2,6,13,2198,92,20190402,2019040213
2019,4,2,6,14,2199,92,20190402,2019040214
2019,4,2,6,15,2200,92,20190402,2019040215
2019,4,2,6,16,2201,92,20190402,2019040216
2019,4,2,6,17,2202,92,20190402,2019040217
2019,4,2,6,18,2203,92,20190402,2019040218
2019,4,2,6,19,2204,92,20190402,2019040219
2019,4,2,6,20,2205,92,20190402,2019040220
2019,4,2,6,21,2206,92,20190402,2019040221
2019,4,2,6,22,2207,92,20190402,2019040222
2019,4,2,6,23,2208,92,20190402,2019040223
2019,4,3,7,0,2209,93,20190403,2019040300
2019,4,3,7,1,2210,93,20190403,2019040301
2019,4,3,7,2,2211,93,20190403,2019040302
2019,4,3,7,3,2212,93,20190403,2019040303
2019,4,3,7,4,2213,93,20190403,2019040304
2019,4,3,7,5,2214,93,20190403,2019040305
2019,4,3,7,6,2215,93,20190403,2019040306
2019,4,3,7,7,2216,93,20190403,2019040307
2019,4,3,7,8,2217,93,20190403,2019040308
2019,4,3,7,9,2218,93,20190403,2019040309
2019,4,3,7,10,2219,93,20190403,2019040310
2019,4,3,7,11,2220,93,20190403,2019040311
2019,4,3,7,12,2221,93,20190403,2019040312
2019,4,3,7,13,2222,93,20190403,2019040313
2019,4,3,7,14,2223,93,20190403,2019040314
2019,4,3,7,15,2224,93,20190403,2019040315
2019,4,3,7,16,2225,93,20190403,2019040316
2019,4,3,7,17,2226,93,20190403,2019040317
2019,4,3,7,18,2227,93,20190403,2019040318
2019,4,3,7,19,2228,93,20190403,2019040319
2019,4,3,7,20,2229,93,20190403,2019040320
2019,4,3,7,21,2230,93,20190403,2019040321
2019,4,3,7,22,2231,93,20190403,2019040322
2019,4,3,7,23,2232,93,20190403,2019040323
2019,4,4,1,0,2233,94,20190404,2019040400
2019,4,4,1,1,2234,94,20190404,2019040401
2019,4,4,1,2,2235,94,20190404,2019040402
2019,4,4,1,3,2236,94,20190404,2019040403
2019,4,4,1,4,2237,94,20190404,2019040404
2019,4,4,1,5,2238,94,20190404,2019040405
2019,4,4,1,6,2239,94,20190404,2019040406
2019,4,4,1,7,2240,94,20190404,2019040407
2019,4,4,1,8,2241,94,20190404,2019040408
2019,4,4,1,9,2242,94,20190404,2019040409
2019,4,4,1,10,2243,94,20190404,2019040410
2019,4,4,1,11,2244,94,20190404,2019040411
2019,4,4,1,12,2245,94,20190404,2019040412
2019,4,4,1,13,2246,94,20190404,2019040413
2019,4,4,1,14,2247,94,20190404,2019040414
2019,4,4,1,15,2248,94,20190404,2019040415
2019,4,4,1,16,2249,94,20190404,2019040416
2019,4,4,1,17,2250,94,20190404,2019040417
2019,4,4,1,18,2251,94,20190404,2019040418
2019,4,4,1,19,2252,94,20190404,2019040419
2019,4,4,1,20,2253,94,20190404,2019040420
2019,4,4,1,21,2254,94,20190404,2019040421
2019,4,4,1,22,2255,94,20190404,2019040422
2019,4,4,1,23,2256,94,20190404,2019040423
2019,4,5,2,0,2257,95,20190405,2019040500
2019,4,5,2,1,2258,95,20190405,2019040501
2019,4,5,2,2,2259,95,20190405,2019040502
2019,4,5,2,3,2260,95,20190405,2019040503
2019,4,5,2,4,2261,95,20190405,2019040504
2019,4,5,2,5,2262,95,20190405,2019040505
2019,4,5,2,6,2263,95,20190405,2019040506
2019,4,5,2,7,2264,95,20190405,2019040507
2019,4,5,2,8,2265,95,20190405,2019040508
2019,4,5,2,9,2266,95,20190405,2019040509
2019,4,5,2,10,2267,95,20190405,2019040510
2019,4,5,2,11,2268,95,20190405,2019040511
2019,4,5,2,12,2269,95,20190405,2019040512
2019,4,5,2,13,2270,95,20190405,2019040513
2019,4,5,2,14,2271,95,20190405,2019040514
2019,4,5,2,15,2272,95,20190405,2019040515
2019,4,5,2,16,2273,95,20190405,2019040516
2019,4,5,2,17,2274,95,20190405,2019040517
2019,4,5,2,18,2275,95,20190405,2019040518
2019,4,5,2,19,2276,95,20190405,2019040519
2019,4,5,2,20,2277,95,20190405,2019040520
2019,4,5,2,21,2278,95,20190405,2019040521
2019,4,5,2,22,2279,95,20190405,2019040522
2019,4,5,2,23,2280,95,20190405,2019040523
2019,4,6,3,0,2281,96,20190406,2019040600
2019,4,6,3,1,2282,96,20190406,2019040601
2019,4,6,3,2,2283,96,20190406,2019040602
2019,4,6,3,3,2284,96,20190406,2019040603
2019,4,6,3,4,2285,96,20190406,2019040604
2019,4,6,3,5,2286,96,20190406,2019040605
2019,4,6,3,6,2287,96,20190406,2019040606
2019,4,6,3,7,2288,96,20190406,2019040607
2019,4,6,3,8,2289,96,20190406,2019040608
2019,4,6,3,9,2290,96,20190406,2019040609
2019,4,6,3,10,2291,96,20190406,2019040610
2019,4,6,3,11,2292,96,20190406,2019040611
2019,4,6,3,12,2293,96,20190406,2019040612
2019,4,6,3,13,2294,96,20190406,2019040613
2019,4,6,3,14,2295,96,20190406,2019040614
2019,4,6,3,15,2296,96,20190406,2019040615
2019,4,6,3,16,2297,96,20190406,2019040616
2019,4,6,3,17,2298,96,20190406,2019040617
2019,4,6,3,18,2299,96,20190406,2019040618
2019,4,6,3,19,2300,96,20190406,2019040619
2019,4,6,3,20,2301,96,20190406,2019040620
2019,4,6,3,21,2302,96,20190406,2019040621
2019,4,6,3,22,2303,96,20190406,2019040622
2019,4,6,3,23,2304,96,20190406,2019040623
2019,4,7,4,0,2305,97,20190407,2019040700
2019,4,7,4,1,2306,97,20190407,2019040701
2019,4,7,4,2,2307,97,20190407,2019040702
2019,4,7,4,3,2308,97,20190407,2019040703
2019,4,7,4,4,2309,97,20190407,2019040704
2019,4,7,4,5,2310,97,20190407,2019040705
2019,4,7,4,6,2311,97,20190407,2019040706
2019,4,7,4,7,2312,97,20190407,2019040707
2019,4,7,4,8,2313,97,20190407,2019040708
2019,4,7,4,9,2314,97,20190407,2019040709
2019,4,7,4,10,2315,97,20190407,2019040710
2019,4,7,4,11,2316,97,20190407,2019040711
2019,4,7,4,12,2317,97,20190407,2019040712
2019,4,7,4,13,2318,97,20190407,2019040713
2019,4,7,4,14,2319,97,20190407,2019040714
2019,4,7,4,15,2320,97,20190407,2019040715
2019,4,7,4,16,2321,97,20190407,2019040716
2019,4,7,4,17,2322,97,20190407,2019040717
2019,4,7,4,18,2323,97,20190407,2019040718
2019,4,7,4,19,2324,97,20190407,2019040719
2019,4,7,4,20,2325,97,20190407,2019040720
2019,4,7,4,21,2326,97,20190407,2019040721
2019,4,7,4,22,2327,97,20190407,2019040722
2019,4,7,4,23,2328,97,20190407,2019040723
2019,4,8,5,0,2329,98,20190408,2019040800
2019,4,8,5,1,2330,98,20190408,2019040801
2019,4,8,5,2,2331,98,20190408,2019040802
2019,4,8,5,3,2332,98,20190408,2019040803
2019,4,8,5,4,2333,98,20190408,2019040804
2019,4,8,5,5,2334,98,20190408,2019040805
2019,4,8,5,6,2335,98,20190408,2019040806
2019,4,8,5,7,2336,98,20190408,2019040807
2019,4,8,5,8,2337,98,20190408,2019040808
2019,4,8,5,9,2338,98,20190408,2019040809
2019,4,8,5,10,2339,98,20190408,2019040810
2019,4,8,5,11,2340,98,20190408,2019040811
2019,4,8,5,12,2341,98,20190408,2019040812
2019,4,8,5,13,2342,98,20190408,2019040813
2019,4,8,5,14,2343,98,20190408,2019040814
2019,4,8,5,15,2344,98,20190408,2019040815
2019,4,8,5,16,2345,98,20190408,2019040816
2019,4,8,5,17,2346,98,20190408,2019040817
2019,4,8,5,18,2347,98,20190408,2019040818
2019,4,8,5,19,2348,98,20190408,2019040819
2019,4,8,5,20,2349,98,20190408,2019040820
2019,4,8,5,21,2350,98,20190408,2019040821
2019,4,8,5,22,2351,98,20190408,2019040822
2019,4,8,5,23,2352,98,20190408,2019040823
2019,4,9,6,0,2353,99,20190409,2019040900
2019,4,9,6,1,2354,99,20190409,2019040901
2019,4,9,6,2,2355,99,20190409,2019040902
2019,4,9,6,3,2356,99,20190409,2019040903
2019,4,9,6,4,2357,99,20190409,2019040904
2019,4,9,6,5,2358,99,20190409,2019040905
2019,4,9,6,6,2359,99,20190409,2019040906
2019,4,9,6,7,2360,99,20190409,2019040907
2019,4,9,6,8,2361,99,20190409,2019040908
2019,4,9,6,9,2362,99,20190409,2019040909
2019,4,9,6,10,2363,99,20190409,2019040910
2019,4,9,6,11,2364,99,20190409,2019040911
2019,4,9,6,12,2365,99,20190409,2019040912
2019,4,9,6,13,2366,99,20190409,2019040913
2019,4,9,6,14,2367,99,20190409,2019040914
2019,4,9,6,15,2368,99,20190409,2019040915
2019,4,9,6,16,2369,99,20190409,2019040916
2019,4,9,6,17,2370,99,20190409,2019040917
2019,4,9,6,18,2371,99,20190409,2019040918
2019,4,9,6,19,2372,99,20190409,2019040919
2019,4,9,6,20,2373,99,20190409,2019040920
2019,4,9,6,21,2374,99,20190409,2019040921
2019,4,9,6,22,2375,99,20190409,2019040922
2019,4,9,6,23,2376,99,20190409,2019040923
2019,4,10,7,0,2377,100,20190410,2019041000
2019,4,10,7,1,2378,100,20190410,2019041001
2019,4,10,7,2,2379,100,20190410,2019041002
2019,4,10,7,3,2380,100,20190410,2019041003
2019,4,10,7,4,2381,100,20190410,2019041004
2019,4,10,7,5,2382,100,20190410,2019041005
2019,4,10,7,6,2383,100,20190410,2019041006
2019,4,10,7,7,2384,100,20190410,2019041007
2019,4,10,7,8,2385,100,20190410,2019041008
2019,4,10,7,9,2386,100,20190410,2019041009
2019,4,10,7,10,2387,100,20190410,2019041010
2019,4,10,7,11,2388,100,20190410,2019041011
2019,4,10,7,12,2389,100,20190410,2019041012
2019,4,10,7,13,2390,100,20190410,2019041013
2019,4,10,7,14,2391,100,20190410,2019041014
2019,4,10,7,15,2392,100,20190410,2019041015
2019,4,10,7,16,2393,100,20190410,2019041016
2019,4,10,7,17,2394,100,20190410,2019041017
2019,4,10,7,18,2395,100,20190410,2019041018
2019,4,10,7,19,2396,100,20190410,2019041019
2019,4,10,7,20,2397,100,20190410,2019041020
2019,4,10,7,21,2398,100,20190410,2019041021
2019,4,10,7,22,2399,100,20190410,2019041022
2019,4,10,7,23,2400,100,20190410,2019041023
2019,4,11,1,0,2401,101,20190411,2019041100
2019,4,11,1,1,2402,101,20190411,2019041101
2019,4,11,1,2,2403,101,20190411,2019041102
2019,4,11,1,3,2404,101,20190411,2019041103
2019,4,11,1,4,2405,101,20190411,2019041104
2019,4,11,1,5,2406,101,20190411,2019041105
2019,4,11,1,6,2407,101,20190411,2019041106
2019,4,11,1,7,2408,101,20190411,2019041107
2019,4,11,1,8,2409,101,20190411,2019041108
2019,4,11,1,9,2410,101,20190411,2019041109
2019,4,11,1,10,2411,101,20190411,2019041110
2019,4,11,1,11,2412,101,20190411,2019041111
2019,4,11,1,12,2413,101,20190411,2019041112
2019,4,11,1,13,2414,101,20190411,2019041113
2019,4,11,1,14,2415,101,20190411,2019041114
2019,4,11,1,15,2416,101,20190411,2019041115
2019,4,11,1,16,2417,101,20190411,2019041116
2019,4,11,1,17,2418,101,20190411,2019041117
2019,4,11,1,18,2419,101,20190411,2019041118
2019,4,11,1,19,2420,101,20190411,2019041119
2019,4,11,1,20,2421,101,20190411,2019041120
2019,4,11,1,21,2422,101,20190411,2019041121
2019,4,11,1,22,2423,101,20190411,2019041122
2019,4,11,1,23,2424,101,20190411,2019041123
2019,4,12,2,0,2425,102,20190412,2019041200
2019,4,12,2,1,2426,102,20190412,2019041201
2019,4,12,2,2,2427,102,20190412,2019041202
2019,4,12,2,3,2428,102,20190412,2019041203
2019,4,12,2,4,2429,102,20190412,2019041204
2019,4,12,2,5,2430,102,20190412,2019041205
2019,4,12,2,6,2431,102,20190412,2019041206
2019,4,12,2,7,2432,102,20190412,2019041207
2019,4,12,2,8,2433,102,20190412,2019041208
2019,4,12,2,9,2434,102,20190412,2019041209
2019,4,12,2,10,2435,102,20190412,2019041210
2019,4,12,2,11,2436,102,20190412,2019041211
2019,4,12,2,12,2437,102,20190412,2019041212
2019,4,12,2,13,2438,102,20190412,2019041213
2019,4,12,2,14,2439,102,20190412,2019041214
2019,4,12,2,15,2440,102,20190412,2019041215
2019,4,12,2,16,2441,102,20190412,2019041216
2019,4,12,2,17,2442,102,20190412,2019041217
2019,4,12,2,18,2443,102,20190412,2019041218
2019,4,12,2,19,2444,102,20190412,2019041219
2019,4,12,2,20,2445,102,20190412,2019041220
2019,4,12,2,21,2446,102,20190412,2019041221
2019,4,12,2,22,2447,102,20190412,2019041222
2019,4,12,2,23,2448,102,20190412,2019041223
2019,4,13,3,0,2449,103,20190413,2019041300
2019,4,13,3,1,2450,103,20190413,2019041301
2019,4,13,3,2,2451,103,20190413,2019041302
2019,4,13,3,3,2452,103,20190413,2019041303
2019,4,13,3,4,2453,103,20190413,2019041304
2019,4,13,3,5,2454,103,20190413,2019041305
2019,4,13,3,6,2455,103,20190413,2019041306
2019,4,13,3,7,2456,103,20190413,2019041307
2019,4,13,3,8,2457,103,20190413,2019041308
2019,4,13,3,9,2458,103,20190413,2019041309
2019,4,13,3,10,2459,103,20190413,2019041310
2019,4,13,3,11,2460,103,20190413,2019041311
2019,4,13,3,12,2461,103,20190413,2019041312
2019,4,13,3,13,2462,103,20190413,2019041313
2019,4,13,3,14,2463,103,20190413,2019041314
2019,4,13,3,15,2464,103,20190413,2019041315
2019,4,13,3,16,2465,103,20190413,2019041316
2019,4,13,3,17,2466,103,20190413,2019041317
2019,4,13,3,18,2467,103,20190413,2019041318
2019,4,13,3,19,2468,103,20190413,2019041319
2019,4,13,3,20,2469,103,20190413,2019041320
2019,4,13,3,21,2470,103,20190413,2019041321
2019,4,13,3,22,2471,103,20190413,2019041322
2019,4,13,3,23,2472,103,20190413,2019041323
2019,4,14,4,0,2473,104,20190414,2019041400
2019,4,14,4,1,2474,104,20190414,2019041401
2019,4,14,4,2,2475,104,20190414,2019041402
2019,4,14,4,3,2476,104,20190414,2019041403
2019,4,14,4,4,2477,104,20190414,2019041404
2019,4,14,4,5,2478,104,20190414,2019041405
2019,4,14,4,6,2479,104,20190414,2019041406
2019,4,14,4,7,2480,104,20190414,2019041407
2019,4,14,4,8,2481,104,20190414,2019041408
2019,4,14,4,9,2482,104,20190414,2019041409
2019,4,14,4,10,2483,104,20190414,2019041410
2019,4,14,4,11,2484,104,20190414,2019041411
2019,4,14,4,12,2485,104,20190414,2019041412
2019,4,14,4,13,2486,104,20190414,2019041413
2019,4,14,4,14,2487,104,20190414,2019041414
2019,4,14,4,15,2488,104,20190414,2019041415
2019,4,14,4,16,2489,104,20190414,2019041416
2019,4,14,4,17,2490,104,20190414,2019041417
2019,4,14,4,18,2491,104,20190414,2019041418
2019,4,14,4,19,2492,104,20190414,2019041419
2019,4,14,4,20,2493,104,20190414,2019041420
2019,4,14,4,21,2494,104,20190414,2019041421
2019,4,14,4,22,2495,104,20190414,2019041422
2019,4,14,4,23,2496,104,20190414,2019041423
2019,4,15,5,0,2497,105,20190415,2019041500
2019,4,15,5,1,2498,105,20190415,2019041501
2019,4,15,5,2,2499,105,20190415,2019041502
2019,4,15,5,3,2500,105,20190415,2019041503
2019,4,15,5,4,2501,105,20190415,2019041504
2019,4,15,5,5,2502,105,20190415,2019041505
2019,4,15,5,6,2503,105,20190415,2019041506
2019,4,15,5,7,2504,105,20190415,2019041507
2019,4,15,5,8,2505,105,20190415,2019041508
2019,4,15,5,9,2506,105,20190415,2019041509
2019,4,15,5,10,2507,105,20190415,2019041510
2019,4,15,5,11,2508,105,20190415,2019041511
2019,4,15,5,12,2509,105,20190415,2019041512
2019,4,15,5,13,2510,105,20190415,2019041513
2019,4,15,5,14,2511,105,20190415,2019041514
2019,4,15,5,15,2512,105,20190415,2019041515
2019,4,15,5,16,2513,105,20190415,2019041516
2019,4,15,5,17,2514,105,20190415,2019041517
2019,4,15,5,18,2515,105,20190415,2019041518
2019,4,15,5,19,2516,105,20190415,2019041519
2019,4,15,5,20,2517,105,20190415,2019041520
2019,4,15,5,21,2518,105,20190415,2019041521
2019,4,15,5,22,2519,105,20190415,2019041522
2019,4,15,5,23,2520,105,20190415,2019041523
2019,4,16,6,0,2521,106,20190416,2019041600
2019,4,16,6,1,2522,106,20190416,2019041601
2019,4,16,6,2,2523,106,20190416,2019041602
2019,4,16,6,3,2524,106,20190416,2019041603
2019,4,16,6,4,2525,106,20190416,2019041604
2019,4,16,6,5,2526,106,20190416,2019041605
2019,4,16,6,6,2527,106,20190416,2019041606
2019,4,16,6,7,2528,106,20190416,2019041607
2019,4,16,6,8,2529,106,20190416,2019041608
2019,4,16,6,9,2530,106,20190416,2019041609
2019,4,16,6,10,2531,106,20190416,2019041610
2019,4,16,6,11,2532,106,20190416,2019041611
2019,4,16,6,12,2533,106,20190416,2019041612
2019,4,16,6,13,2534,106,20190416,2019041613
2019,4,16,6,14,2535,106,20190416,2019041614
2019,4,16,6,15,2536,106,20190416,2019041615
2019,4,16,6,16,2537,106,20190416,2019041616
2019,4,16,6,17,2538,106,20190416,2019041617
2019,4,16,6,18,2539,106,20190416,2019041618
2019,4,16,6,19,2540,106,20190416,2019041619
2019,4,16,6,20,2541,106,20190416,2019041620
2019,4,16,6,21,2542,106,20190416,2019041621
2019,4,16,6,22,2543,106,20190416,2019041622
2019,4,16,6,23,2544,106,20190416,2019041623
2019,4,17,7,0,2545,107,20190417,2019041700
2019,4,17,7,1,2546,107,20190417,2019041701
2019,4,17,7,2,2547,107,20190417,2019041702
2019,4,17,7,3,2548,107,20190417,2019041703
2019,4,17,7,4,2549,107,20190417,2019041704
2019,4,17,7,5,2550,107,20190417,2019041705
2019,4,17,7,6,2551,107,20190417,2019041706
2019,4,17,7,7,2552,107,20190417,2019041707
2019,4,17,7,8,2553,107,20190417,2019041708
2019,4,17,7,9,2554,107,20190417,2019041709
2019,4,17,7,10,2555,107,20190417,2019041710
2019,4,17,7,11,2556,107,20190417,2019041711
2019,4,17,7,12,2557,107,20190417,2019041712
2019,4,17,7,13,2558,107,20190417,2019041713
2019,4,17,7,14,2559,107,20190417,2019041714
2019,4,17,7,15,2560,107,20190417,2019041715
2019,4,17,7,16,2561,107,20190417,2019041716
2019,4,17,7,17,2562,107,20190417,2019041717
2019,4,17,7,18,2563,107,20190417,2019041718
2019,4,17,7,19,2564,107,20190417,2019041719
2019,4,17,7,20,2565,107,20190417,2019041720
2019,4,17,7,21,2566,107,20190417,2019041721
2019,4,17,7,22,2567,107,20190417,2019041722
2019,4,17,7,23,2568,107,20190417,2019041723
2019,4,18,1,0,2569,108,20190418,2019041800
2019,4,18,1,1,2570,108,20190418,2019041801
2019,4,18,1,2,2571,108,20190418,2019041802
2019,4,18,1,3,2572,108,20190418,2019041803
2019,4,18,1,4,2573,108,20190418,2019041804
2019,4,18,1,5,2574,108,20190418,2019041805
2019,4,18,1,6,2575,108,20190418,2019041806
2019,4,18,1,7,2576,108,20190418,2019041807
2019,4,18,1,8,2577,108,20190418,2019041808
2019,4,18,1,9,2578,108,20190418,2019041809
2019,4,18,1,10,2579,108,20190418,2019041810
2019,4,18,1,11,2580,108,20190418,2019041811
2019,4,18,1,12,2581,108,20190418,2019041812
2019,4,18,1,13,2582,108,20190418,2019041813
2019,4,18,1,14,2583,108,20190418,2019041814
2019,4,18,1,15,2584,108,20190418,2019041815
2019,4,18,1,16,2585,108,20190418,2019041816
2019,4,18,1,17,2586,108,20190418,2019041817
2019,4,18,1,18,2587,108,20190418,2019041818
2019,4,18,1,19,2588,108,20190418,2019041819
2019,4,18,1,20,2589,108,20190418,2019041820
2019,4,18,1,21,2590,108,20190418,2019041821
2019,4,18,1,22,2591,108,20190418,2019041822
2019,4,18,1,23,2592,108,20190418,2019041823
2019,4,19,2,0,2593,109,20190419,2019041900
2019,4,19,2,1,2594,109,20190419,2019041901
2019,4,19,2,2,2595,109,20190419,2019041902
2019,4,19,2,3,2596,109,20190419,2019041903
2019,4,19,2,4,2597,109,20190419,2019041904
2019,4,19,2,5,2598,109,20190419,2019041905
2019,4,19,2,6,2599,109,20190419,2019041906
2019,4,19,2,7,2600,109,20190419,2019041907
2019,4,19,2,8,2601,109,20190419,2019041908
2019,4,19,2,9,2602,109,20190419,2019041909
2019,4,19,2,10,2603,109,20190419,2019041910
2019,4,19,2,11,2604,109,20190419,2019041911
2019,4,19,2,12,2605,109,20190419,2019041912
2019,4,19,2,13,2606,109,20190419,2019041913
2019,4,19,2,14,2607,109,20190419,2019041914
2019,4,19,2,15,2608,109,20190419,2019041915
2019,4,19,2,16,2609,109,20190419,2019041916
2019,4,19,2,17,2610,109,20190419,2019041917
2019,4,19,2,18,2611,109,20190419,2019041918
2019,4,19,2,19,2612,109,20190419,2019041919
2019,4,19,2,20,2613,109,20190419,2019041920
2019,4,19,2,21,2614,109,20190419,2019041921
2019,4,19,2,22,2615,109,20190419,2019041922
2019,4,19,2,23,2616,109,20190419,2019041923
2019,4,20,3,0,2617,110,20190420,2019042000
2019,4,20,3,1,2618,110,20190420,2019042001
2019,4,20,3,2,2619,110,20190420,2019042002
2019,4,20,3,3,2620,110,20190420,2019042003
2019,4,20,3,4,2621,110,20190420,2019042004
2019,4,20,3,5,2622,110,20190420,2019042005
2019,4,20,3,6,2623,110,20190420,2019042006
2019,4,20,3,7,2624,110,20190420,2019042007
2019,4,20,3,8,2625,110,20190420,2019042008
2019,4,20,3,9,2626,110,20190420,2019042009
2019,4,20,3,10,2627,110,20190420,2019042010
2019,4,20,3,11,2628,110,20190420,2019042011
2019,4,20,3,12,2629,110,20190420,2019042012
2019,4,20,3,13,2630,110,20190420,2019042013
2019,4,20,3,14,2631,110,20190420,2019042014
2019,4,20,3,15,2632,110,20190420,2019042015
2019,4,20,3,16,2633,110,20190420,2019042016
2019,4,20,3,17,2634,110,20190420,2019042017
2019,4,20,3,18,2635,110,20190420,2019042018
2019,4,20,3,19,2636,110,20190420,2019042019
2019,4,20,3,20,2637,110,20190420,2019042020
2019,4,20,3,21,2638,110,20190420,2019042021
2019,4,20,3,22,2639,110,20190420,2019042022
2019,4,20,3,23,2640,110,20190420,2019042023
2019,4,21,4,0,2641,111,20190421,2019042100
2019,4,21,4,1,2642,111,20190421,2019042101
2019,4,21,4,2,2643,111,20190421,2019042102
2019,4,21,4,3,2644,111,20190421,2019042103
2019,4,21,4,4,2645,111,20190421,2019042104
2019,4,21,4,5,2646,111,20190421,2019042105
2019,4,21,4,6,2647,111,20190421,2019042106
2019,4,21,4,7,2648,111,20190421,2019042107
2019,4,21,4,8,2649,111,20190421,2019042108
2019,4,21,4,9,2650,111,20190421,2019042109
2019,4,21,4,10,2651,111,20190421,2019042110
2019,4,21,4,11,2652,111,20190421,2019042111
2019,4,21,4,12,2653,111,20190421,2019042112
2019,4,21,4,13,2654,111,20190421,2019042113
2019,4,21,4,14,2655,111,20190421,2019042114
2019,4,21,4,15,2656,111,20190421,2019042115
2019,4,21,4,16,2657,111,20190421,2019042116
2019,4,21,4,17,2658,111,20190421,2019042117
2019,4,21,4,18,2659,111,20190421,2019042118
2019,4,21,4,19,2660,111,20190421,2019042119
2019,4,21,4,20,2661,111,20190421,2019042120
2019,4,21,4,21,2662,111,20190421,2019042121
2019,4,21,4,22,2663,111,20190421,2019042122
2019,4,21,4,23,2664,111,20190421,2019042123
2019,4,22,5,0,2665,112,20190422,2019042200
2019,4,22,5,1,2666,112,20190422,2019042201
2019,4,22,5,2,2667,112,20190422,2019042202
2019,4,22,5,3,2668,112,20190422,2019042203
2019,4,22,5,4,2669,112,20190422,2019042204
2019,4,22,5,5,2670,112,20190422,2019042205
2019,4,22,5,6,2671,112,20190422,2019042206
2019,4,22,5,7,2672,112,20190422,2019042207
2019,4,22,5,8,2673,112,20190422,2019042208
2019,4,22,5,9,2674,112,20190422,2019042209
2019,4,22,5,10,2675,112,20190422,2019042210
2019,4,22,5,11,2676,112,20190422,2019042211
2019,4,22,5,12,2677,112,20190422,2019042212
2019,4,22,5,13,2678,112,20190422,2019042213
2019,4,22,5,14,2679,112,20190422,2019042214
2019,4,22,5,15,2680,112,20190422,2019042215
2019,4,22,5,16,2681,112,20190422,2019042216
2019,4,22,5,17,2682,112,20190422,2019042217
2019,4,22,5,18,2683,112,20190422,2019042218
2019,4,22,5,19,2684,112,20190422,2019042219
2019,4,22,5,20,2685,112,20190422,2019042220
2019,4,22,5,21,2686,112,20190422,2019042221
2019,4,22,5,22,2687,112,20190422,2019042222
2019,4,22,5,23,2688,112,20190422,2019042223
2019,4,23,6,0,2689,113,20190423,2019042300
2019,4,23,6,1,2690,113,20190423,2019042301
2019,4,23,6,2,2691,113,20190423,2019042302
2019,4,23,6,3,2692,113,20190423,2019042303
2019,4,23,6,4,2693,113,20190423,2019042304
2019,4,23,6,5,2694,113,20190423,2019042305
2019,4,23,6,6,2695,113,20190423,2019042306
2019,4,23,6,7,2696,113,20190423,2019042307
2019,4,23,6,8,2697,113,20190423,2019042308
2019,4,23,6,9,2698,113,20190423,2019042309
2019,4,23,6,10,2699,113,20190423,2019042310
2019,4,23,6,11,2700,113,20190423,2019042311
2019,4,23,6,12,2701,113,20190423,2019042312
2019,4,23,6,13,2702,113,20190423,2019042313
2019,4,23,6,14,2703,113,20190423,2019042314
2019,4,23,6,15,2704,113,20190423,2019042315
2019,4,23,6,16,2705,113,20190423,2019042316
2019,4,23,6,17,2706,113,20190423,2019042317
2019,4,23,6,18,2707,113,20190423,2019042318
2019,4,23,6,19,2708,113,20190423,2019042319
2019,4,23,6,20,2709,113,20190423,2019042320
2019,4,23,6,21,2710,113,20190423,2019042321
2019,4,23,6,22,2711,113,20190423,2019042322
2019,4,23,6,23,2712,113,20190423,2019042323
2019,4,24,7,0,2713,114,20190424,2019042400
2019,4,24,7,1,2714,114,20190424,2019042401
2019,4,24,7,2,2715,114,20190424,2019042402
2019,4,24,7,3,2716,114,20190424,2019042403
2019,4,24,7,4,2717,114,20190424,2019042404
2019,4,24,7,5,2718,114,20190424,2019042405
2019,4,24,7,6,2719,114,20190424,2019042406
2019,4,24,7,7,2720,114,20190424,2019042407
2019,4,24,7,8,2721,114,20190424,2019042408
2019,4,24,7,9,2722,114,20190424,2019042409
2019,4,24,7,10,2723,114,20190424,2019042410
2019,4,24,7,11,2724,114,20190424,2019042411
2019,4,24,7,12,2725,114,20190424,2019042412
2019,4,24,7,13,2726,114,20190424,2019042413
2019,4,24,7,14,2727,114,20190424,2019042414
2019,4,24,7,15,2728,114,20190424,2019042415
2019,4,24,7,16,2729,114,20190424,2019042416
2019,4,24,7,17,2730,114,20190424,2019042417
2019,4,24,7,18,2731,114,20190424,2019042418
2019,4,24,7,19,2732,114,20190424,2019042419
2019,4,24,7,20,2733,114,20190424,2019042420
2019,4,24,7,21,2734,114,20190424,2019042421
2019,4,24,7,22,2735,114,20190424,2019042422
2019,4,24,7,23,2736,114,20190424,2019042423
2019,4,25,1,0,2737,115,20190425,2019042500
2019,4,25,1,1,2738,115,20190425,2019042501
2019,4,25,1,2,2739,115,20190425,2019042502
2019,4,25,1,3,2740,115,20190425,2019042503
2019,4,25,1,4,2741,115,20190425,2019042504
2019,4,25,1,5,2742,115,20190425,2019042505
2019,4,25,1,6,2743,115,20190425,2019042506
2019,4,25,1,7,2744,115,20190425,2019042507
2019,4,25,1,8,2745,115,20190425,2019042508
2019,4,25,1,9,2746,115,20190425,2019042509
2019,4,25,1,10,2747,115,20190425,2019042510
2019,4,25,1,11,2748,115,20190425,2019042511
2019,4,25,1,12,2749,115,20190425,2019042512
2019,4,25,1,13,2750,115,20190425,2019042513
2019,4,25,1,14,2751,115,20190425,2019042514
2019,4,25,1,15,2752,115,20190425,2019042515
2019,4,25,1,16,2753,115,20190425,2019042516
2019,4,25,1,17,2754,115,20190425,2019042517
2019,4,25,1,18,2755,115,20190425,2019042518
2019,4,25,1,19,2756,115,20190425,2019042519
2019,4,25,1,20,2757,115,20190425,2019042520
2019,4,25,1,21,2758,115,20190425,2019042521
2019,4,25,1,22,2759,115,20190425,2019042522
2019,4,25,1,23,2760,115,20190425,2019042523
2019,4,26,2,0,2761,116,20190426,2019042600
2019,4,26,2,1,2762,116,20190426,2019042601
2019,4,26,2,2,2763,116,20190426,2019042602
2019,4,26,2,3,2764,116,20190426,2019042603
2019,4,26,2,4,2765,116,20190426,2019042604
2019,4,26,2,5,2766,116,20190426,2019042605
2019,4,26,2,6,2767,116,20190426,2019042606
2019,4,26,2,7,2768,116,20190426,2019042607
2019,4,26,2,8,2769,116,20190426,2019042608
2019,4,26,2,9,2770,116,20190426,2019042609
2019,4,26,2,10,2771,116,20190426,2019042610
2019,4,26,2,11,2772,116,20190426,2019042611
2019,4,26,2,12,2773,116,20190426,2019042612
2019,4,26,2,13,2774,116,20190426,2019042613
2019,4,26,2,14,2775,116,20190426,2019042614
2019,4,26,2,15,2776,116,20190426,2019042615
2019,4,26,2,16,2777,116,20190426,2019042616
2019,4,26,2,17,2778,116,20190426,2019042617
2019,4,26,2,18,2779,116,20190426,2019042618
2019,4,26,2,19,2780,116,20190426,2019042619
2019,4,26,2,20,2781,116,20190426,2019042620
2019,4,26,2,21,2782,116,20190426,2019042621
2019,4,26,2,22,2783,116,20190426,2019042622
2019,4,26,2,23,2784,116,20190426,2019042623
2019,4,27,3,0,2785,117,20190427,2019042700
2019,4,27,3,1,2786,117,20190427,2019042701
2019,4,27,3,2,2787,117,20190427,2019042702
2019,4,27,3,3,2788,117,20190427,2019042703
2019,4,27,3,4,2789,117,20190427,2019042704
2019,4,27,3,5,2790,117,20190427,2019042705
2019,4,27,3,6,2791,117,20190427,2019042706
2019,4,27,3,7,2792,117,20190427,2019042707
2019,4,27,3,8,2793,117,20190427,2019042708
2019,4,27,3,9,2794,117,20190427,2019042709
2019,4,27,3,10,2795,117,20190427,2019042710
2019,4,27,3,11,2796,117,20190427,2019042711
2019,4,27,3,12,2797,117,20190427,2019042712
2019,4,27,3,13,2798,117,20190427,2019042713
2019,4,27,3,14,2799,117,20190427,2019042714
2019,4,27,3,15,2800,117,20190427,2019042715
2019,4,27,3,16,2801,117,20190427,2019042716
2019,4,27,3,17,2802,117,20190427,2019042717
2019,4,27,3,18,2803,117,20190427,2019042718
2019,4,27,3,19,2804,117,20190427,2019042719
2019,4,27,3,20,2805,117,20190427,2019042720
2019,4,27,3,21,2806,117,20190427,2019042721
2019,4,27,3,22,2807,117,20190427,2019042722
2019,4,27,3,23,2808,117,20190427,2019042723
2019,4,28,4,0,2809,118,20190428,2019042800
2019,4,28,4,1,2810,118,20190428,2019042801
2019,4,28,4,2,2811,118,20190428,2019042802
2019,4,28,4,3,2812,118,20190428,2019042803
2019,4,28,4,4,2813,118,20190428,2019042804
2019,4,28,4,5,2814,118,20190428,2019042805
2019,4,28,4,6,2815,118,20190428,2019042806
2019,4,28,4,7,2816,118,20190428,2019042807
2019,4,28,4,8,2817,118,20190428,2019042808
2019,4,28,4,9,2818,118,20190428,2019042809
2019,4,28,4,10,2819,118,20190428,2019042810
2019,4,28,4,11,2820,118,20190428,2019042811
2019,4,28,4,12,2821,118,20190428,2019042812
2019,4,28,4,13,2822,118,20190428,2019042813
2019,4,28,4,14,2823,118,20190428,2019042814
2019,4,28,4,15,2824,118,20190428,2019042815
2019,4,28,4,16,2825,118,20190428,2019042816
2019,4,28,4,17,2826,118,20190428,2019042817
2019,4,28,4,18,2827,118,20190428,2019042818
2019,4,28,4,19,2828,118,20190428,2019042819
2019,4,28,4,20,2829,118,20190428,2019042820
2019,4,28,4,21,2830,118,20190428,2019042821
2019,4,28,4,22,2831,118,20190428,2019042822
2019,4,28,4,23,2832,118,20190428,2019042823
2019,4,29,5,0,2833,119,20190429,2019042900
2019,4,29,5,1,2834,119,20190429,2019042901
2019,4,29,5,2,2835,119,20190429,2019042902
2019,4,29,5,3,2836,119,20190429,2019042903
2019,4,29,5,4,2837,119,20190429,2019042904
2019,4,29,5,5,2838,119,20190429,2019042905
2019,4,29,5,6,2839,119,20190429,2019042906
2019,4,29,5,7,2840,119,20190429,2019042907
2019,4,29,5,8,2841,119,20190429,2019042908
2019,4,29,5,9,2842,119,20190429,2019042909
2019,4,29,5,10,2843,119,20190429,2019042910
2019,4,29,5,11,2844,119,20190429,2019042911
2019,4,29,5,12,2845,119,20190429,2019042912
2019,4,29,5,13,2846,119,20190429,2019042913
2019,4,29,5,14,2847,119,20190429,2019042914
2019,4,29,5,15,2848,119,20190429,2019042915
2019,4,29,5,16,2849,119,20190429,2019042916
2019,4,29,5,17,2850,119,20190429,2019042917
2019,4,29,5,18,2851,119,20190429,2019042918
2019,4,29,5,19,2852,119,20190429,2019042919
2019,4,29,5,20,2853,119,20190429,2019042920
2019,4,29,5,21,2854,119,20190429,2019042921
2019,4,29,5,22,2855,119,20190429,2019042922
2019,4,29,5,23,2856,119,20190429,2019042923
2019,4,30,6,0,2857,120,20190430,2019043000
2019,4,30,6,1,2858,120,20190430,2019043001
2019,4,30,6,2,2859,120,20190430,2019043002
2019,4,30,6,3,2860,120,20190430,2019043003
2019,4,30,6,4,2861,120,20190430,2019043004
2019,4,30,6,5,2862,120,20190430,2019043005
2019,4,30,6,6,2863,120,20190430,2019043006
2019,4,30,6,7,2864,120,20190430,2019043007
2019,4,30,6,8,2865,120,20190430,2019043008
2019,4,30,6,9,2866,120,20190430,2019043009
2019,4,30,6,10,2867,120,20190430,2019043010
2019,4,30,6,11,2868,120,20190430,2019043011
2019,4,30,6,12,2869,120,20190430,2019043012
2019,4,30,6,13,2870,120,20190430,2019043013
2019,4,30,6,14,2871,120,20190430,2019043014
2019,4,30,6,15,2872,120,20190430,2019043015
2019,4,30,6,16,2873,120,20190430,2019043016
2019,4,30,6,17,2874,120,20190430,2019043017
2019,4,30,6,18,2875,120,20190430,2019043018
2019,4,30,6,19,2876,120,20190430,2019043019
2019,4,30,6,20,2877,120,20190430,2019043020
2019,4,30,6,21,2878,120,20190430,2019043021
2019,4,30,6,22,2879,120,20190430,2019043022
2019,4,30,6,23,2880,120,20190430,2019043023
2019,5,1,7,0,2881,121,20190501,2019050100
2019,5,1,7,1,2882,121,20190501,2019050101
2019,5,1,7,2,2883,121,20190501,2019050102
2019,5,1,7,3,2884,121,20190501,2019050103
2019,5,1,7,4,2885,121,20190501,2019050104
2019,5,1,7,5,2886,121,20190501,2019050105
2019,5,1,7,6,2887,121,20190501,2019050106
2019,5,1,7,7,2888,121,20190501,2019050107
2019,5,1,7,8,2889,121,20190501,2019050108
2019,5,1,7,9,2890,121,20190501,2019050109
2019,5,1,7,10,2891,121,20190501,2019050110
2019,5,1,7,11,2892,121,20190501,2019050111
2019,5,1,7,12,2893,121,20190501,2019050112
2019,5,1,7,13,2894,121,20190501,2019050113
2019,5,1,7,14,2895,121,20190501,2019050114
2019,5,1,7,15,2896,121,20190501,2019050115
2019,5,1,7,16,2897,121,20190501,2019050116
2019,5,1,7,17,2898,121,20190501,2019050117
2019,5,1,7,18,2899,121,20190501,2019050118
2019,5,1,7,19,2900,121,20190501,2019050119
2019,5,1,7,20,2901,121,20190501,2019050120
2019,5,1,7,21,2902,121,20190501,2019050121
2019,5,1,7,22,2903,121,20190501,2019050122
2019,5,1,7,23,2904,121,20190501,2019050123
2019,5,2,1,0,2905,122,20190502,2019050200
2019,5,2,1,1,2906,122,20190502,2019050201
2019,5,2,1,2,2907,122,20190502,2019050202
2019,5,2,1,3,2908,122,20190502,2019050203
2019,5,2,1,4,2909,122,20190502,2019050204
2019,5,2,1,5,2910,122,20190502,2019050205
2019,5,2,1,6,2911,122,20190502,2019050206
2019,5,2,1,7,2912,122,20190502,2019050207
2019,5,2,1,8,2913,122,20190502,2019050208
2019,5,2,1,9,2914,122,20190502,2019050209
2019,5,2,1,10,2915,122,20190502,2019050210
2019,5,2,1,11,2916,122,20190502,2019050211
2019,5,2,1,12,2917,122,20190502,2019050212
2019,5,2,1,13,2918,122,20190502,2019050213
2019,5,2,1,14,2919,122,20190502,2019050214
2019,5,2,1,15,2920,122,20190502,2019050215
2019,5,2,1,16,2921,122,20190502,2019050216
2019,5,2,1,17,2922,122,20190502,2019050217
2019,5,2,1,18,2923,122,20190502,2019050218
2019,5,2,1,19,2924,122,20190502,2019050219
2019,5,2,1,20,2925,122,20190502,2019050220
2019,5,2,1,21,2926,122,20190502,2019050221
2019,5,2,1,22,2927,122,20190502,2019050222
2019,5,2,1,23,2928,122,20190502,2019050223
2019,5,3,2,0,2929,123,20190503,2019050300
2019,5,3,2,1,2930,123,20190503,2019050301
2019,5,3,2,2,2931,123,20190503,2019050302
2019,5,3,2,3,2932,123,20190503,2019050303
2019,5,3,2,4,2933,123,20190503,2019050304
2019,5,3,2,5,2934,123,20190503,2019050305
2019,5,3,2,6,2935,123,20190503,2019050306
2019,5,3,2,7,2936,123,20190503,2019050307
2019,5,3,2,8,2937,123,20190503,2019050308
2019,5,3,2,9,2938,123,20190503,2019050309
2019,5,3,2,10,2939,123,20190503,2019050310
2019,5,3,2,11,2940,123,20190503,2019050311
2019,5,3,2,12,2941,123,20190503,2019050312
2019,5,3,2,13,2942,123,20190503,2019050313
2019,5,3,2,14,2943,123,20190503,2019050314
2019,5,3,2,15,2944,123,20190503,2019050315
2019,5,3,2,16,2945,123,20190503,2019050316
2019,5,3,2,17,2946,123,20190503,2019050317
2019,5,3,2,18,2947,123,20190503,2019050318
2019,5,3,2,19,2948,123,20190503,2019050319
2019,5,3,2,20,2949,123,20190503,2019050320
2019,5,3,2,21,2950,123,20190503,2019050321
2019,5,3,2,22,2951,123,20190503,2019050322
2019,5,3,2,23,2952,123,20190503,2019050323
2019,5,4,3,0,2953,124,20190504,2019050400
2019,5,4,3,1,2954,124,20190504,2019050401
2019,5,4,3,2,2955,124,20190504,2019050402
2019,5,4,3,3,2956,124,20190504,2019050403
2019,5,4,3,4,2957,124,20190504,2019050404
2019,5,4,3,5,2958,124,20190504,2019050405
2019,5,4,3,6,2959,124,20190504,2019050406
2019,5,4,3,7,2960,124,20190504,2019050407
2019,5,4,3,8,2961,124,20190504,2019050408
2019,5,4,3,9,2962,124,20190504,2019050409
2019,5,4,3,10,2963,124,20190504,2019050410
2019,5,4,3,11,2964,124,20190504,2019050411
2019,5,4,3,12,2965,124,20190504,2019050412
2019,5,4,3,13,2966,124,20190504,2019050413
2019,5,4,3,14,2967,124,20190504,2019050414
2019,5,4,3,15,2968,124,20190504,2019050415
2019,5,4,3,16,2969,124,20190504,2019050416
2019,5,4,3,17,2970,124,20190504,2019050417
2019,5,4,3,18,2971,124,20190504,2019050418
2019,5,4,3,19,2972,124,20190504,2019050419
2019,5,4,3,20,2973,124,20190504,2019050420
2019,5,4,3,21,2974,124,20190504,2019050421
2019,5,4,3,22,2975,124,20190504,2019050422
2019,5,4,3,23,2976,124,20190504,2019050423
2019,5,5,4,0,2977,125,20190505,2019050500
2019,5,5,4,1,2978,125,20190505,2019050501
2019,5,5,4,2,2979,125,20190505,2019050502
2019,5,5,4,3,2980,125,20190505,2019050503
2019,5,5,4,4,2981,125,20190505,2019050504
2019,5,5,4,5,2982,125,20190505,2019050505
2019,5,5,4,6,2983,125,20190505,2019050506
2019,5,5,4,7,2984,125,20190505,2019050507
2019,5,5,4,8,2985,125,20190505,2019050508
2019,5,5,4,9,2986,125,20190505,2019050509
2019,5,5,4,10,2987,125,20190505,2019050510
2019,5,5,4,11,2988,125,20190505,2019050511
2019,5,5,4,12,2989,125,20190505,2019050512
2019,5,5,4,13,2990,125,20190505,2019050513
2019,5,5,4,14,2991,125,20190505,2019050514
2019,5,5,4,15,2992,125,20190505,2019050515
2019,5,5,4,16,2993,125,20190505,2019050516
2019,5,5,4,17,2994,125,20190505,2019050517
2019,5,5,4,18,2995,125,20190505,2019050518
2019,5,5,4,19,2996,125,20190505,2019050519
2019,5,5,4,20,2997,125,20190505,2019050520
2019,5,5,4,21,2998,125,20190505,2019050521
2019,5,5,4,22,2999,125,20190505,2019050522
2019,5,5,4,23,3000,125,20190505,2019050523
2019,5,6,5,0,3001,126,20190506,2019050600
2019,5,6,5,1,3002,126,20190506,2019050601
2019,5,6,5,2,3003,126,20190506,2019050602
2019,5,6,5,3,3004,126,20190506,2019050603
2019,5,6,5,4,3005,126,20190506,2019050604
2019,5,6,5,5,3006,126,20190506,2019050605
2019,5,6,5,6,3007,126,20190506,2019050606
2019,5,6,5,7,3008,126,20190506,2019050607
2019,5,6,5,8,3009,126,20190506,2019050608
2019,5,6,5,9,3010,126,20190506,2019050609
2019,5,6,5,10,3011,126,20190506,2019050610
2019,5,6,5,11,3012,126,20190506,2019050611
2019,5,6,5,12,3013,126,20190506,2019050612
2019,5,6,5,13,3014,126,20190506,2019050613
2019,5,6,5,14,3015,126,20190506,2019050614
2019,5,6,5,15,3016,126,20190506,2019050615
2019,5,6,5,16,3017,126,20190506,2019050616
2019,5,6,5,17,3018,126,20190506,2019050617
2019,5,6,5,18,3019,126,20190506,2019050618
2019,5,6,5,19,3020,126,20190506,2019050619
2019,5,6,5,20,3021,126,20190506,2019050620
2019,5,6,5,21,3022,126,20190506,2019050621
2019,5,6,5,22,3023,126,20190506,2019050622
2019,5,6,5,23,3024,126,20190506,2019050623
2019,5,7,6,0,3025,127,20190507,2019050700
2019,5,7,6,1,3026,127,20190507,2019050701
2019,5,7,6,2,3027,127,20190507,2019050702
2019,5,7,6,3,3028,127,20190507,2019050703
2019,5,7,6,4,3029,127,20190507,2019050704
2019,5,7,6,5,3030,127,20190507,2019050705
2019,5,7,6,6,3031,127,20190507,2019050706
2019,5,7,6,7,3032,127,20190507,2019050707
2019,5,7,6,8,3033,127,20190507,2019050708
2019,5,7,6,9,3034,127,20190507,2019050709
2019,5,7,6,10,3035,127,20190507,2019050710
2019,5,7,6,11,3036,127,20190507,2019050711
2019,5,7,6,12,3037,127,20190507,2019050712
2019,5,7,6,13,3038,127,20190507,2019050713
2019,5,7,6,14,3039,127,20190507,2019050714
2019,5,7,6,15,3040,127,20190507,2019050715
2019,5,7,6,16,3041,127,20190507,2019050716
2019,5,7,6,17,3042,127,20190507,2019050717
2019,5,7,6,18,3043,127,20190507,2019050718
2019,5,7,6,19,3044,127,20190507,2019050719
2019,5,7,6,20,3045,127,20190507,2019050720
2019,5,7,6,21,3046,127,20190507,2019050721
2019,5,7,6,22,3047,127,20190507,2019050722
2019,5,7,6,23,3048,127,20190507,2019050723
2019,5,8,7,0,3049,128,20190508,2019050800
2019,5,8,7,1,3050,128,20190508,2019050801
2019,5,8,7,2,3051,128,20190508,2019050802
2019,5,8,7,3,3052,128,20190508,2019050803
2019,5,8,7,4,3053,128,20190508,2019050804
2019,5,8,7,5,3054,128,20190508,2019050805
2019,5,8,7,6,3055,128,20190508,2019050806
2019,5,8,7,7,3056,128,20190508,2019050807
2019,5,8,7,8,3057,128,20190508,2019050808
2019,5,8,7,9,3058,128,20190508,2019050809
2019,5,8,7,10,3059,128,20190508,2019050810
2019,5,8,7,11,3060,128,20190508,2019050811
2019,5,8,7,12,3061,128,20190508,2019050812
2019,5,8,7,13,3062,128,20190508,2019050813
2019,5,8,7,14,3063,128,20190508,2019050814
2019,5,8,7,15,3064,128,20190508,2019050815
2019,5,8,7,16,3065,128,20190508,2019050816
2019,5,8,7,17,3066,128,20190508,2019050817
2019,5,8,7,18,3067,128,20190508,2019050818
2019,5,8,7,19,3068,128,20190508,2019050819
2019,5,8,7,20,3069,128,20190508,2019050820
2019,5,8,7,21,3070,128,20190508,2019050821
2019,5,8,7,22,3071,128,20190508,2019050822
2019,5,8,7,23,3072,128,20190508,2019050823
2019,5,9,1,0,3073,129,20190509,2019050900
2019,5,9,1,1,3074,129,20190509,2019050901
2019,5,9,1,2,3075,129,20190509,2019050902
2019,5,9,1,3,3076,129,20190509,2019050903
2019,5,9,1,4,3077,129,20190509,2019050904
2019,5,9,1,5,3078,129,20190509,2019050905
2019,5,9,1,6,3079,129,20190509,2019050906
2019,5,9,1,7,3080,129,20190509,2019050907
2019,5,9,1,8,3081,129,20190509,2019050908
2019,5,9,1,9,3082,129,20190509,2019050909
2019,5,9,1,10,3083,129,20190509,2019050910
2019,5,9,1,11,3084,129,20190509,2019050911
2019,5,9,1,12,3085,129,20190509,2019050912
2019,5,9,1,13,3086,129,20190509,2019050913
2019,5,9,1,14,3087,129,20190509,2019050914
2019,5,9,1,15,3088,129,20190509,2019050915
2019,5,9,1,16,3089,129,20190509,2019050916
2019,5,9,1,17,3090,129,20190509,2019050917
2019,5,9,1,18,3091,129,20190509,2019050918
2019,5,9,1,19,3092,129,20190509,2019050919
2019,5,9,1,20,3093,129,20190509,2019050920
2019,5,9,1,21,3094,129,20190509,2019050921
2019,5,9,1,22,3095,129,20190509,2019050922
2019,5,9,1,23,3096,129,20190509,2019050923
2019,5,10,2,0,3097,130,20190510,2019051000
2019,5,10,2,1,3098,130,20190510,2019051001
2019,5,10,2,2,3099,130,20190510,2019051002
2019,5,10,2,3,3100,130,20190510,2019051003
2019,5,10,2,4,3101,130,20190510,2019051004
2019,5,10,2,5,3102,130,20190510,2019051005
2019,5,10,2,6,3103,130,20190510,2019051006
2019,5,10,2,7,3104,130,20190510,2019051007
2019,5,10,2,8,3105,130,20190510,2019051008
2019,5,10,2,9,3106,130,20190510,2019051009
2019,5,10,2,10,3107,130,20190510,2019051010
2019,5,10,2,11,3108,130,20190510,2019051011
2019,5,10,2,12,3109,130,20190510,2019051012
2019,5,10,2,13,3110,130,20190510,2019051013
2019,5,10,2,14,3111,130,20190510,2019051014
2019,5,10,2,15,3112,130,20190510,2019051015
2019,5,10,2,16,3113,130,20190510,2019051016
2019,5,10,2,17,3114,130,20190510,2019051017
2019,5,10,2,18,3115,130,20190510,2019051018
2019,5,10,2,19,3116,130,20190510,2019051019
2019,5,10,2,20,3117,130,20190510,2019051020
2019,5,10,2,21,3118,130,20190510,2019051021
2019,5,10,2,22,3119,130,20190510,2019051022
2019,5,10,2,23,3120,130,20190510,2019051023
2019,5,11,3,0,3121,131,20190511,2019051100
2019,5,11,3,1,3122,131,20190511,2019051101
2019,5,11,3,2,3123,131,20190511,2019051102
2019,5,11,3,3,3124,131,20190511,2019051103
2019,5,11,3,4,3125,131,20190511,2019051104
2019,5,11,3,5,3126,131,20190511,2019051105
2019,5,11,3,6,3127,131,20190511,2019051106
2019,5,11,3,7,3128,131,20190511,2019051107
2019,5,11,3,8,3129,131,20190511,2019051108
2019,5,11,3,9,3130,131,20190511,2019051109
2019,5,11,3,10,3131,131,20190511,2019051110
2019,5,11,3,11,3132,131,20190511,2019051111
2019,5,11,3,12,3133,131,20190511,2019051112
2019,5,11,3,13,3134,131,20190511,2019051113
2019,5,11,3,14,3135,131,20190511,2019051114
2019,5,11,3,15,3136,131,20190511,2019051115
2019,5,11,3,16,3137,131,20190511,2019051116
2019,5,11,3,17,3138,131,20190511,2019051117
2019,5,11,3,18,3139,131,20190511,2019051118
2019,5,11,3,19,3140,131,20190511,2019051119
2019,5,11,3,20,3141,131,20190511,2019051120
2019,5,11,3,21,3142,131,20190511,2019051121
2019,5,11,3,22,3143,131,20190511,2019051122
2019,5,11,3,23,3144,131,20190511,2019051123
2019,5,12,4,0,3145,132,20190512,2019051200
2019,5,12,4,1,3146,132,20190512,2019051201
2019,5,12,4,2,3147,132,20190512,2019051202
2019,5,12,4,3,3148,132,20190512,2019051203
2019,5,12,4,4,3149,132,20190512,2019051204
2019,5,12,4,5,3150,132,20190512,2019051205
2019,5,12,4,6,3151,132,20190512,2019051206
2019,5,12,4,7,3152,132,20190512,2019051207
2019,5,12,4,8,3153,132,20190512,2019051208
2019,5,12,4,9,3154,132,20190512,2019051209
2019,5,12,4,10,3155,132,20190512,2019051210
2019,5,12,4,11,3156,132,20190512,2019051211
2019,5,12,4,12,3157,132,20190512,2019051212
2019,5,12,4,13,3158,132,20190512,2019051213
2019,5,12,4,14,3159,132,20190512,2019051214
2019,5,12,4,15,3160,132,20190512,2019051215
2019,5,12,4,16,3161,132,20190512,2019051216
2019,5,12,4,17,3162,132,20190512,2019051217
2019,5,12,4,18,3163,132,20190512,2019051218
2019,5,12,4,19,3164,132,20190512,2019051219
2019,5,12,4,20,3165,132,20190512,2019051220
2019,5,12,4,21,3166,132,20190512,2019051221
2019,5,12,4,22,3167,132,20190512,2019051222
2019,5,12,4,23,3168,132,20190512,2019051223
2019,5,13,5,0,3169,133,20190513,2019051300
2019,5,13,5,1,3170,133,20190513,2019051301
2019,5,13,5,2,3171,133,20190513,2019051302
2019,5,13,5,3,3172,133,20190513,2019051303
2019,5,13,5,4,3173,133,20190513,2019051304
2019,5,13,5,5,3174,133,20190513,2019051305
2019,5,13,5,6,3175,133,20190513,2019051306
2019,5,13,5,7,3176,133,20190513,2019051307
2019,5,13,5,8,3177,133,20190513,2019051308
2019,5,13,5,9,3178,133,20190513,2019051309
2019,5,13,5,10,3179,133,20190513,2019051310
2019,5,13,5,11,3180,133,20190513,2019051311
2019,5,13,5,12,3181,133,20190513,2019051312
2019,5,13,5,13,3182,133,20190513,2019051313
2019,5,13,5,14,3183,133,20190513,2019051314
2019,5,13,5,15,3184,133,20190513,2019051315
2019,5,13,5,16,3185,133,20190513,2019051316
2019,5,13,5,17,3186,133,20190513,2019051317
2019,5,13,5,18,3187,133,20190513,2019051318
2019,5,13,5,19,3188,133,20190513,2019051319
2019,5,13,5,20,3189,133,20190513,2019051320
2019,5,13,5,21,3190,133,20190513,2019051321
2019,5,13,5,22,3191,133,20190513,2019051322
2019,5,13,5,23,3192,133,20190513,2019051323
2019,5,14,6,0,3193,134,20190514,2019051400
2019,5,14,6,1,3194,134,20190514,2019051401
2019,5,14,6,2,3195,134,20190514,2019051402
2019,5,14,6,3,3196,134,20190514,2019051403
2019,5,14,6,4,3197,134,20190514,2019051404
2019,5,14,6,5,3198,134,20190514,2019051405
2019,5,14,6,6,3199,134,20190514,2019051406
2019,5,14,6,7,3200,134,20190514,2019051407
2019,5,14,6,8,3201,134,20190514,2019051408
2019,5,14,6,9,3202,134,20190514,2019051409
2019,5,14,6,10,3203,134,20190514,2019051410
2019,5,14,6,11,3204,134,20190514,2019051411
2019,5,14,6,12,3205,134,20190514,2019051412
2019,5,14,6,13,3206,134,20190514,2019051413
2019,5,14,6,14,3207,134,20190514,2019051414
2019,5,14,6,15,3208,134,20190514,2019051415
2019,5,14,6,16,3209,134,20190514,2019051416
2019,5,14,6,17,3210,134,20190514,2019051417
2019,5,14,6,18,3211,134,20190514,2019051418
2019,5,14,6,19,3212,134,20190514,2019051419
2019,5,14,6,20,3213,134,20190514,2019051420
2019,5,14,6,21,3214,134,20190514,2019051421
2019,5,14,6,22,3215,134,20190514,2019051422
2019,5,14,6,23,3216,134,20190514,2019051423
2019,5,15,7,0,3217,135,20190515,2019051500
2019,5,15,7,1,3218,135,20190515,2019051501
2019,5,15,7,2,3219,135,20190515,2019051502
2019,5,15,7,3,3220,135,20190515,2019051503
2019,5,15,7,4,3221,135,20190515,2019051504
2019,5,15,7,5,3222,135,20190515,2019051505
2019,5,15,7,6,3223,135,20190515,2019051506
2019,5,15,7,7,3224,135,20190515,2019051507
2019,5,15,7,8,3225,135,20190515,2019051508
2019,5,15,7,9,3226,135,20190515,2019051509
2019,5,15,7,10,3227,135,20190515,2019051510
2019,5,15,7,11,3228,135,20190515,2019051511
2019,5,15,7,12,3229,135,20190515,2019051512
2019,5,15,7,13,3230,135,20190515,2019051513
2019,5,15,7,14,3231,135,20190515,2019051514
2019,5,15,7,15,3232,135,20190515,2019051515
2019,5,15,7,16,3233,135,20190515,2019051516
2019,5,15,7,17,3234,135,20190515,2019051517
2019,5,15,7,18,3235,135,20190515,2019051518
2019,5,15,7,19,3236,135,20190515,2019051519
2019,5,15,7,20,3237,135,20190515,2019051520
2019,5,15,7,21,3238,135,20190515,2019051521
2019,5,15,7,22,3239,135,20190515,2019051522
2019,5,15,7,23,3240,135,20190515,2019051523
2019,5,16,1,0,3241,136,20190516,2019051600
2019,5,16,1,1,3242,136,20190516,2019051601
2019,5,16,1,2,3243,136,20190516,2019051602
2019,5,16,1,3,3244,136,20190516,2019051603
2019,5,16,1,4,3245,136,20190516,2019051604
2019,5,16,1,5,3246,136,20190516,2019051605
2019,5,16,1,6,3247,136,20190516,2019051606
2019,5,16,1,7,3248,136,20190516,2019051607
2019,5,16,1,8,3249,136,20190516,2019051608
2019,5,16,1,9,3250,136,20190516,2019051609
2019,5,16,1,10,3251,136,20190516,2019051610
2019,5,16,1,11,3252,136,20190516,2019051611
2019,5,16,1,12,3253,136,20190516,2019051612
2019,5,16,1,13,3254,136,20190516,2019051613
2019,5,16,1,14,3255,136,20190516,2019051614
2019,5,16,1,15,3256,136,20190516,2019051615
2019,5,16,1,16,3257,136,20190516,2019051616
2019,5,16,1,17,3258,136,20190516,2019051617
2019,5,16,1,18,3259,136,20190516,2019051618
2019,5,16,1,19,3260,136,20190516,2019051619
2019,5,16,1,20,3261,136,20190516,2019051620
2019,5,16,1,21,3262,136,20190516,2019051621
2019,5,16,1,22,3263,136,20190516,2019051622
2019,5,16,1,23,3264,136,20190516,2019051623
2019,5,17,2,0,3265,137,20190517,2019051700
2019,5,17,2,1,3266,137,20190517,2019051701
2019,5,17,2,2,3267,137,20190517,2019051702
2019,5,17,2,3,3268,137,20190517,2019051703
2019,5,17,2,4,3269,137,20190517,2019051704
2019,5,17,2,5,3270,137,20190517,2019051705
2019,5,17,2,6,3271,137,20190517,2019051706
2019,5,17,2,7,3272,137,20190517,2019051707
2019,5,17,2,8,3273,137,20190517,2019051708
2019,5,17,2,9,3274,137,20190517,2019051709
2019,5,17,2,10,3275,137,20190517,2019051710
2019,5,17,2,11,3276,137,20190517,2019051711
2019,5,17,2,12,3277,137,20190517,2019051712
2019,5,17,2,13,3278,137,20190517,2019051713
2019,5,17,2,14,3279,137,20190517,2019051714
2019,5,17,2,15,3280,137,20190517,2019051715
2019,5,17,2,16,3281,137,20190517,2019051716
2019,5,17,2,17,3282,137,20190517,2019051717
2019,5,17,2,18,3283,137,20190517,2019051718
2019,5,17,2,19,3284,137,20190517,2019051719
2019,5,17,2,20,3285,137,20190517,2019051720
2019,5,17,2,21,3286,137,20190517,2019051721
2019,5,17,2,22,3287,137,20190517,2019051722
2019,5,17,2,23,3288,137,20190517,2019051723
2019,5,18,3,0,3289,138,20190518,2019051800
2019,5,18,3,1,3290,138,20190518,2019051801
2019,5,18,3,2,3291,138,20190518,2019051802
2019,5,18,3,3,3292,138,20190518,2019051803
2019,5,18,3,4,3293,138,20190518,2019051804
2019,5,18,3,5,3294,138,20190518,2019051805
2019,5,18,3,6,3295,138,20190518,2019051806
2019,5,18,3,7,3296,138,20190518,2019051807
2019,5,18,3,8,3297,138,20190518,2019051808
2019,5,18,3,9,3298,138,20190518,2019051809
2019,5,18,3,10,3299,138,20190518,2019051810
2019,5,18,3,11,3300,138,20190518,2019051811
2019,5,18,3,12,3301,138,20190518,2019051812
2019,5,18,3,13,3302,138,20190518,2019051813
2019,5,18,3,14,3303,138,20190518,2019051814
2019,5,18,3,15,3304,138,20190518,2019051815
2019,5,18,3,16,3305,138,20190518,2019051816
2019,5,18,3,17,3306,138,20190518,2019051817
2019,5,18,3,18,3307,138,20190518,2019051818
2019,5,18,3,19,3308,138,20190518,2019051819
2019,5,18,3,20,3309,138,20190518,2019051820
2019,5,18,3,21,3310,138,20190518,2019051821
2019,5,18,3,22,3311,138,20190518,2019051822
2019,5,18,3,23,3312,138,20190518,2019051823
2019,5,19,4,0,3313,139,20190519,2019051900
2019,5,19,4,1,3314,139,20190519,2019051901
2019,5,19,4,2,3315,139,20190519,2019051902
2019,5,19,4,3,3316,139,20190519,2019051903
2019,5,19,4,4,3317,139,20190519,2019051904
2019,5,19,4,5,3318,139,20190519,2019051905
2019,5,19,4,6,3319,139,20190519,2019051906
2019,5,19,4,7,3320,139,20190519,2019051907
2019,5,19,4,8,3321,139,20190519,2019051908
2019,5,19,4,9,3322,139,20190519,2019051909
2019,5,19,4,10,3323,139,20190519,2019051910
2019,5,19,4,11,3324,139,20190519,2019051911
2019,5,19,4,12,3325,139,20190519,2019051912
2019,5,19,4,13,3326,139,20190519,2019051913
2019,5,19,4,14,3327,139,20190519,2019051914
2019,5,19,4,15,3328,139,20190519,2019051915
2019,5,19,4,16,3329,139,20190519,2019051916
2019,5,19,4,17,3330,139,20190519,2019051917
2019,5,19,4,18,3331,139,20190519,2019051918
2019,5,19,4,19,3332,139,20190519,2019051919
2019,5,19,4,20,3333,139,20190519,2019051920
2019,5,19,4,21,3334,139,20190519,2019051921
2019,5,19,4,22,3335,139,20190519,2019051922
2019,5,19,4,23,3336,139,20190519,2019051923
2019,5,20,5,0,3337,140,20190520,2019052000
2019,5,20,5,1,3338,140,20190520,2019052001
2019,5,20,5,2,3339,140,20190520,2019052002
2019,5,20,5,3,3340,140,20190520,2019052003
2019,5,20,5,4,3341,140,20190520,2019052004
2019,5,20,5,5,3342,140,20190520,2019052005
2019,5,20,5,6,3343,140,20190520,2019052006
2019,5,20,5,7,3344,140,20190520,2019052007
2019,5,20,5,8,3345,140,20190520,2019052008
2019,5,20,5,9,3346,140,20190520,2019052009
2019,5,20,5,10,3347,140,20190520,2019052010
2019,5,20,5,11,3348,140,20190520,2019052011
2019,5,20,5,12,3349,140,20190520,2019052012
2019,5,20,5,13,3350,140,20190520,2019052013
2019,5,20,5,14,3351,140,20190520,2019052014
2019,5,20,5,15,3352,140,20190520,2019052015
2019,5,20,5,16,3353,140,20190520,2019052016
2019,5,20,5,17,3354,140,20190520,2019052017
2019,5,20,5,18,3355,140,20190520,2019052018
2019,5,20,5,19,3356,140,20190520,2019052019
2019,5,20,5,20,3357,140,20190520,2019052020
2019,5,20,5,21,3358,140,20190520,2019052021
2019,5,20,5,22,3359,140,20190520,2019052022
2019,5,20,5,23,3360,140,20190520,2019052023
2019,5,21,6,0,3361,141,20190521,2019052100
2019,5,21,6,1,3362,141,20190521,2019052101
2019,5,21,6,2,3363,141,20190521,2019052102
2019,5,21,6,3,3364,141,20190521,2019052103
2019,5,21,6,4,3365,141,20190521,2019052104
2019,5,21,6,5,3366,141,20190521,2019052105
2019,5,21,6,6,3367,141,20190521,2019052106
2019,5,21,6,7,3368,141,20190521,2019052107
2019,5,21,6,8,3369,141,20190521,2019052108
2019,5,21,6,9,3370,141,20190521,2019052109
2019,5,21,6,10,3371,141,20190521,2019052110
2019,5,21,6,11,3372,141,20190521,2019052111
2019,5,21,6,12,3373,141,20190521,2019052112
2019,5,21,6,13,3374,141,20190521,2019052113
2019,5,21,6,14,3375,141,20190521,2019052114
2019,5,21,6,15,3376,141,20190521,2019052115
2019,5,21,6,16,3377,141,20190521,2019052116
2019,5,21,6,17,3378,141,20190521,2019052117
2019,5,21,6,18,3379,141,20190521,2019052118
2019,5,21,6,19,3380,141,20190521,2019052119
2019,5,21,6,20,3381,141,20190521,2019052120
2019,5,21,6,21,3382,141,20190521,2019052121
2019,5,21,6,22,3383,141,20190521,2019052122
2019,5,21,6,23,3384,141,20190521,2019052123
2019,5,22,7,0,3385,142,20190522,2019052200
2019,5,22,7,1,3386,142,20190522,2019052201
2019,5,22,7,2,3387,142,20190522,2019052202
2019,5,22,7,3,3388,142,20190522,2019052203
2019,5,22,7,4,3389,142,20190522,2019052204
2019,5,22,7,5,3390,142,20190522,2019052205
2019,5,22,7,6,3391,142,20190522,2019052206
2019,5,22,7,7,3392,142,20190522,2019052207
2019,5,22,7,8,3393,142,20190522,2019052208
2019,5,22,7,9,3394,142,20190522,2019052209
2019,5,22,7,10,3395,142,20190522,2019052210
2019,5,22,7,11,3396,142,20190522,2019052211
2019,5,22,7,12,3397,142,20190522,2019052212
2019,5,22,7,13,3398,142,20190522,2019052213
2019,5,22,7,14,3399,142,20190522,2019052214
2019,5,22,7,15,3400,142,20190522,2019052215
2019,5,22,7,16,3401,142,20190522,2019052216
2019,5,22,7,17,3402,142,20190522,2019052217
2019,5,22,7,18,3403,142,20190522,2019052218
2019,5,22,7,19,3404,142,20190522,2019052219
2019,5,22,7,20,3405,142,20190522,2019052220
2019,5,22,7,21,3406,142,20190522,2019052221
2019,5,22,7,22,3407,142,20190522,2019052222
2019,5,22,7,23,3408,142,20190522,2019052223
2019,5,23,1,0,3409,143,20190523,2019052300
2019,5,23,1,1,3410,143,20190523,2019052301
2019,5,23,1,2,3411,143,20190523,2019052302
2019,5,23,1,3,3412,143,20190523,2019052303
2019,5,23,1,4,3413,143,20190523,2019052304
2019,5,23,1,5,3414,143,20190523,2019052305
2019,5,23,1,6,3415,143,20190523,2019052306
2019,5,23,1,7,3416,143,20190523,2019052307
2019,5,23,1,8,3417,143,20190523,2019052308
2019,5,23,1,9,3418,143,20190523,2019052309
2019,5,23,1,10,3419,143,20190523,2019052310
2019,5,23,1,11,3420,143,20190523,2019052311
2019,5,23,1,12,3421,143,20190523,2019052312
2019,5,23,1,13,3422,143,20190523,2019052313
2019,5,23,1,14,3423,143,20190523,2019052314
2019,5,23,1,15,3424,143,20190523,2019052315
2019,5,23,1,16,3425,143,20190523,2019052316
2019,5,23,1,17,3426,143,20190523,2019052317
2019,5,23,1,18,3427,143,20190523,2019052318
2019,5,23,1,19,3428,143,20190523,2019052319
2019,5,23,1,20,3429,143,20190523,2019052320
2019,5,23,1,21,3430,143,20190523,2019052321
2019,5,23,1,22,3431,143,20190523,2019052322
2019,5,23,1,23,3432,143,20190523,2019052323
2019,5,24,2,0,3433,144,20190524,2019052400
2019,5,24,2,1,3434,144,20190524,2019052401
2019,5,24,2,2,3435,144,20190524,2019052402
2019,5,24,2,3,3436,144,20190524,2019052403
2019,5,24,2,4,3437,144,20190524,2019052404
2019,5,24,2,5,3438,144,20190524,2019052405
2019,5,24,2,6,3439,144,20190524,2019052406
2019,5,24,2,7,3440,144,20190524,2019052407
2019,5,24,2,8,3441,144,20190524,2019052408
2019,5,24,2,9,3442,144,20190524,2019052409
2019,5,24,2,10,3443,144,20190524,2019052410
2019,5,24,2,11,3444,144,20190524,2019052411
2019,5,24,2,12,3445,144,20190524,2019052412
2019,5,24,2,13,3446,144,20190524,2019052413
2019,5,24,2,14,3447,144,20190524,2019052414
2019,5,24,2,15,3448,144,20190524,2019052415
2019,5,24,2,16,3449,144,20190524,2019052416
2019,5,24,2,17,3450,144,20190524,2019052417
2019,5,24,2,18,3451,144,20190524,2019052418
2019,5,24,2,19,3452,144,20190524,2019052419
2019,5,24,2,20,3453,144,20190524,2019052420
2019,5,24,2,21,3454,144,20190524,2019052421
2019,5,24,2,22,3455,144,20190524,2019052422
2019,5,24,2,23,3456,144,20190524,2019052423
2019,5,25,3,0,3457,145,20190525,2019052500
2019,5,25,3,1,3458,145,20190525,2019052501
2019,5,25,3,2,3459,145,20190525,2019052502
2019,5,25,3,3,3460,145,20190525,2019052503
2019,5,25,3,4,3461,145,20190525,2019052504
2019,5,25,3,5,3462,145,20190525,2019052505
2019,5,25,3,6,3463,145,20190525,2019052506
2019,5,25,3,7,3464,145,20190525,2019052507
2019,5,25,3,8,3465,145,20190525,2019052508
2019,5,25,3,9,3466,145,20190525,2019052509
2019,5,25,3,10,3467,145,20190525,2019052510
2019,5,25,3,11,3468,145,20190525,2019052511
2019,5,25,3,12,3469,145,20190525,2019052512
2019,5,25,3,13,3470,145,20190525,2019052513
2019,5,25,3,14,3471,145,20190525,2019052514
2019,5,25,3,15,3472,145,20190525,2019052515
2019,5,25,3,16,3473,145,20190525,2019052516
2019,5,25,3,17,3474,145,20190525,2019052517
2019,5,25,3,18,3475,145,20190525,2019052518
2019,5,25,3,19,3476,145,20190525,2019052519
2019,5,25,3,20,3477,145,20190525,2019052520
2019,5,25,3,21,3478,145,20190525,2019052521
2019,5,25,3,22,3479,145,20190525,2019052522
2019,5,25,3,23,3480,145,20190525,2019052523
2019,5,26,4,0,3481,146,20190526,2019052600
2019,5,26,4,1,3482,146,20190526,2019052601
2019,5,26,4,2,3483,146,20190526,2019052602
2019,5,26,4,3,3484,146,20190526,2019052603
2019,5,26,4,4,3485,146,20190526,2019052604
2019,5,26,4,5,3486,146,20190526,2019052605
2019,5,26,4,6,3487,146,20190526,2019052606
2019,5,26,4,7,3488,146,20190526,2019052607
2019,5,26,4,8,3489,146,20190526,2019052608
2019,5,26,4,9,3490,146,20190526,2019052609
2019,5,26,4,10,3491,146,20190526,2019052610
2019,5,26,4,11,3492,146,20190526,2019052611
2019,5,26,4,12,3493,146,20190526,2019052612
2019,5,26,4,13,3494,146,20190526,2019052613
2019,5,26,4,14,3495,146,20190526,2019052614
2019,5,26,4,15,3496,146,20190526,2019052615
2019,5,26,4,16,3497,146,20190526,2019052616
2019,5,26,4,17,3498,146,20190526,2019052617
2019,5,26,4,18,3499,146,20190526,2019052618
2019,5,26,4,19,3500,146,20190526,2019052619
2019,5,26,4,20,3501,146,20190526,2019052620
2019,5,26,4,21,3502,146,20190526,2019052621
2019,5,26,4,22,3503,146,20190526,2019052622
2019,5,26,4,23,3504,146,20190526,2019052623
2019,5,27,5,0,3505,147,20190527,2019052700
2019,5,27,5,1,3506,147,20190527,2019052701
2019,5,27,5,2,3507,147,20190527,2019052702
2019,5,27,5,3,3508,147,20190527,2019052703
2019,5,27,5,4,3509,147,20190527,2019052704
2019,5,27,5,5,3510,147,20190527,2019052705
2019,5,27,5,6,3511,147,20190527,2019052706
2019,5,27,5,7,3512,147,20190527,2019052707
2019,5,27,5,8,3513,147,20190527,2019052708
2019,5,27,5,9,3514,147,20190527,2019052709
2019,5,27,5,10,3515,147,20190527,2019052710
2019,5,27,5,11,3516,147,20190527,2019052711
2019,5,27,5,12,3517,147,20190527,2019052712
2019,5,27,5,13,3518,147,20190527,2019052713
2019,5,27,5,14,3519,147,20190527,2019052714
2019,5,27,5,15,3520,147,20190527,2019052715
2019,5,27,5,16,3521,147,20190527,2019052716
2019,5,27,5,17,3522,147,20190527,2019052717
2019,5,27,5,18,3523,147,20190527,2019052718
2019,5,27,5,19,3524,147,20190527,2019052719
2019,5,27,5,20,3525,147,20190527,2019052720
2019,5,27,5,21,3526,147,20190527,2019052721
2019,5,27,5,22,3527,147,20190527,2019052722
2019,5,27,5,23,3528,147,20190527,2019052723
2019,5,28,6,0,3529,148,20190528,2019052800
2019,5,28,6,1,3530,148,20190528,2019052801
2019,5,28,6,2,3531,148,20190528,2019052802
2019,5,28,6,3,3532,148,20190528,2019052803
2019,5,28,6,4,3533,148,20190528,2019052804
2019,5,28,6,5,3534,148,20190528,2019052805
2019,5,28,6,6,3535,148,20190528,2019052806
2019,5,28,6,7,3536,148,20190528,2019052807
2019,5,28,6,8,3537,148,20190528,2019052808
2019,5,28,6,9,3538,148,20190528,2019052809
2019,5,28,6,10,3539,148,20190528,2019052810
2019,5,28,6,11,3540,148,20190528,2019052811
2019,5,28,6,12,3541,148,20190528,2019052812
2019,5,28,6,13,3542,148,20190528,2019052813
2019,5,28,6,14,3543,148,20190528,2019052814
2019,5,28,6,15,3544,148,20190528,2019052815
2019,5,28,6,16,3545,148,20190528,2019052816
2019,5,28,6,17,3546,148,20190528,2019052817
2019,5,28,6,18,3547,148,20190528,2019052818
2019,5,28,6,19,3548,148,20190528,2019052819
2019,5,28,6,20,3549,148,20190528,2019052820
2019,5,28,6,21,3550,148,20190528,2019052821
2019,5,28,6,22,3551,148,20190528,2019052822
2019,5,28,6,23,3552,148,20190528,2019052823
2019,5,29,7,0,3553,149,20190529,2019052900
2019,5,29,7,1,3554,149,20190529,2019052901
2019,5,29,7,2,3555,149,20190529,2019052902
2019,5,29,7,3,3556,149,20190529,2019052903
2019,5,29,7,4,3557,149,20190529,2019052904
2019,5,29,7,5,3558,149,20190529,2019052905
2019,5,29,7,6,3559,149,20190529,2019052906
2019,5,29,7,7,3560,149,20190529,2019052907
2019,5,29,7,8,3561,149,20190529,2019052908
2019,5,29,7,9,3562,149,20190529,2019052909
2019,5,29,7,10,3563,149,20190529,2019052910
2019,5,29,7,11,3564,149,20190529,2019052911
2019,5,29,7,12,3565,149,20190529,2019052912
2019,5,29,7,13,3566,149,20190529,2019052913
2019,5,29,7,14,3567,149,20190529,2019052914
2019,5,29,7,15,3568,149,20190529,2019052915
2019,5,29,7,16,3569,149,20190529,2019052916
2019,5,29,7,17,3570,149,20190529,2019052917
2019,5,29,7,18,3571,149,20190529,2019052918
2019,5,29,7,19,3572,149,20190529,2019052919
2019,5,29,7,20,3573,149,20190529,2019052920
2019,5,29,7,21,3574,149,20190529,2019052921
2019,5,29,7,22,3575,149,20190529,2019052922
2019,5,29,7,23,3576,149,20190529,2019052923
2019,5,30,1,0,3577,150,20190530,2019053000
2019,5,30,1,1,3578,150,20190530,2019053001
2019,5,30,1,2,3579,150,20190530,2019053002
2019,5,30,1,3,3580,150,20190530,2019053003
2019,5,30,1,4,3581,150,20190530,2019053004
2019,5,30,1,5,3582,150,20190530,2019053005
2019,5,30,1,6,3583,150,20190530,2019053006
2019,5,30,1,7,3584,150,20190530,2019053007
2019,5,30,1,8,3585,150,20190530,2019053008
2019,5,30,1,9,3586,150,20190530,2019053009
2019,5,30,1,10,3587,150,20190530,2019053010
2019,5,30,1,11,3588,150,20190530,2019053011
2019,5,30,1,12,3589,150,20190530,2019053012
2019,5,30,1,13,3590,150,20190530,2019053013
2019,5,30,1,14,3591,150,20190530,2019053014
2019,5,30,1,15,3592,150,20190530,2019053015
2019,5,30,1,16,3593,150,20190530,2019053016
2019,5,30,1,17,3594,150,20190530,2019053017
2019,5,30,1,18,3595,150,20190530,2019053018
2019,5,30,1,19,3596,150,20190530,2019053019
2019,5,30,1,20,3597,150,20190530,2019053020
2019,5,30,1,21,3598,150,20190530,2019053021
2019,5,30,1,22,3599,150,20190530,2019053022
2019,5,30,1,23,3600,150,20190530,2019053023
2019,5,31,2,0,3601,151,20190531,2019053100
2019,5,31,2,1,3602,151,20190531,2019053101
2019,5,31,2,2,3603,151,20190531,2019053102
2019,5,31,2,3,3604,151,20190531,2019053103
2019,5,31,2,4,3605,151,20190531,2019053104
2019,5,31,2,5,3606,151,20190531,2019053105
2019,5,31,2,6,3607,151,20190531,2019053106
2019,5,31,2,7,3608,151,20190531,2019053107
2019,5,31,2,8,3609,151,20190531,2019053108
2019,5,31,2,9,3610,151,20190531,2019053109
2019,5,31,2,10,3611,151,20190531,2019053110
2019,5,31,2,11,3612,151,20190531,2019053111
2019,5,31,2,12,3613,151,20190531,2019053112
2019,5,31,2,13,3614,151,20190531,2019053113
2019,5,31,2,14,3615,151,20190531,2019053114
2019,5,31,2,15,3616,151,20190531,2019053115
2019,5,31,2,16,3617,151,20190531,2019053116
2019,5,31,2,17,3618,151,20190531,2019053117
2019,5,31,2,18,3619,151,20190531,2019053118
2019,5,31,2,19,3620,151,20190531,2019053119
2019,5,31,2,20,3621,151,20190531,2019053120
2019,5,31,2,21,3622,151,20190531,2019053121
2019,5,31,2,22,3623,151,20190531,2019053122
2019,5,31,2,23,3624,151,20190531,2019053123
2019,6,1,3,0,3625,152,20190601,2019060100
2019,6,1,3,1,3626,152,20190601,2019060101
2019,6,1,3,2,3627,152,20190601,2019060102
2019,6,1,3,3,3628,152,20190601,2019060103
2019,6,1,3,4,3629,152,20190601,2019060104
2019,6,1,3,5,3630,152,20190601,2019060105
2019,6,1,3,6,3631,152,20190601,2019060106
2019,6,1,3,7,3632,152,20190601,2019060107
2019,6,1,3,8,3633,152,20190601,2019060108
2019,6,1,3,9,3634,152,20190601,2019060109
2019,6,1,3,10,3635,152,20190601,2019060110
2019,6,1,3,11,3636,152,20190601,2019060111
2019,6,1,3,12,3637,152,20190601,2019060112
2019,6,1,3,13,3638,152,20190601,2019060113
2019,6,1,3,14,3639,152,20190601,2019060114
2019,6,1,3,15,3640,152,20190601,2019060115
2019,6,1,3,16,3641,152,20190601,2019060116
2019,6,1,3,17,3642,152,20190601,2019060117
2019,6,1,3,18,3643,152,20190601,2019060118
2019,6,1,3,19,3644,152,20190601,2019060119
2019,6,1,3,20,3645,152,20190601,2019060120
2019,6,1,3,21,3646,152,20190601,2019060121
2019,6,1,3,22,3647,152,20190601,2019060122
2019,6,1,3,23,3648,152,20190601,2019060123
2019,6,2,4,0,3649,153,20190602,2019060200
2019,6,2,4,1,3650,153,20190602,2019060201
2019,6,2,4,2,3651,153,20190602,2019060202
2019,6,2,4,3,3652,153,20190602,2019060203
2019,6,2,4,4,3653,153,20190602,2019060204
2019,6,2,4,5,3654,153,20190602,2019060205
2019,6,2,4,6,3655,153,20190602,2019060206
2019,6,2,4,7,3656,153,20190602,2019060207
2019,6,2,4,8,3657,153,20190602,2019060208
2019,6,2,4,9,3658,153,20190602,2019060209
2019,6,2,4,10,3659,153,20190602,2019060210
2019,6,2,4,11,3660,153,20190602,2019060211
2019,6,2,4,12,3661,153,20190602,2019060212
2019,6,2,4,13,3662,153,20190602,2019060213
2019,6,2,4,14,3663,153,20190602,2019060214
2019,6,2,4,15,3664,153,20190602,2019060215
2019,6,2,4,16,3665,153,20190602,2019060216
2019,6,2,4,17,3666,153,20190602,2019060217
2019,6,2,4,18,3667,153,20190602,2019060218
2019,6,2,4,19,3668,153,20190602,2019060219
2019,6,2,4,20,3669,153,20190602,2019060220
2019,6,2,4,21,3670,153,20190602,2019060221
2019,6,2,4,22,3671,153,20190602,2019060222
2019,6,2,4,23,3672,153,20190602,2019060223
2019,6,3,5,0,3673,154,20190603,2019060300
2019,6,3,5,1,3674,154,20190603,2019060301
2019,6,3,5,2,3675,154,20190603,2019060302
2019,6,3,5,3,3676,154,20190603,2019060303
2019,6,3,5,4,3677,154,20190603,2019060304
2019,6,3,5,5,3678,154,20190603,2019060305
2019,6,3,5,6,3679,154,20190603,2019060306
2019,6,3,5,7,3680,154,20190603,2019060307
2019,6,3,5,8,3681,154,20190603,2019060308
2019,6,3,5,9,3682,154,20190603,2019060309
2019,6,3,5,10,3683,154,20190603,2019060310
2019,6,3,5,11,3684,154,20190603,2019060311
2019,6,3,5,12,3685,154,20190603,2019060312
2019,6,3,5,13,3686,154,20190603,2019060313
2019,6,3,5,14,3687,154,20190603,2019060314
2019,6,3,5,15,3688,154,20190603,2019060315
2019,6,3,5,16,3689,154,20190603,2019060316
2019,6,3,5,17,3690,154,20190603,2019060317
2019,6,3,5,18,3691,154,20190603,2019060318
2019,6,3,5,19,3692,154,20190603,2019060319
2019,6,3,5,20,3693,154,20190603,2019060320
2019,6,3,5,21,3694,154,20190603,2019060321
2019,6,3,5,22,3695,154,20190603,2019060322
2019,6,3,5,23,3696,154,20190603,2019060323
2019,6,4,6,0,3697,155,20190604,2019060400
2019,6,4,6,1,3698,155,20190604,2019060401
2019,6,4,6,2,3699,155,20190604,2019060402
2019,6,4,6,3,3700,155,20190604,2019060403
2019,6,4,6,4,3701,155,20190604,2019060404
2019,6,4,6,5,3702,155,20190604,2019060405
2019,6,4,6,6,3703,155,20190604,2019060406
2019,6,4,6,7,3704,155,20190604,2019060407
2019,6,4,6,8,3705,155,20190604,2019060408
2019,6,4,6,9,3706,155,20190604,2019060409
2019,6,4,6,10,3707,155,20190604,2019060410
2019,6,4,6,11,3708,155,20190604,2019060411
2019,6,4,6,12,3709,155,20190604,2019060412
2019,6,4,6,13,3710,155,20190604,2019060413
2019,6,4,6,14,3711,155,20190604,2019060414
2019,6,4,6,15,3712,155,20190604,2019060415
2019,6,4,6,16,3713,155,20190604,2019060416
2019,6,4,6,17,3714,155,20190604,2019060417
2019,6,4,6,18,3715,155,20190604,2019060418
2019,6,4,6,19,3716,155,20190604,2019060419
2019,6,4,6,20,3717,155,20190604,2019060420
2019,6,4,6,21,3718,155,20190604,2019060421
2019,6,4,6,22,3719,155,20190604,2019060422
2019,6,4,6,23,3720,155,20190604,2019060423
2019,6,5,7,0,3721,156,20190605,2019060500
2019,6,5,7,1,3722,156,20190605,2019060501
2019,6,5,7,2,3723,156,20190605,2019060502
2019,6,5,7,3,3724,156,20190605,2019060503
2019,6,5,7,4,3725,156,20190605,2019060504
2019,6,5,7,5,3726,156,20190605,2019060505
2019,6,5,7,6,3727,156,20190605,2019060506
2019,6,5,7,7,3728,156,20190605,2019060507
2019,6,5,7,8,3729,156,20190605,2019060508
2019,6,5,7,9,3730,156,20190605,2019060509
2019,6,5,7,10,3731,156,20190605,2019060510
2019,6,5,7,11,3732,156,20190605,2019060511
2019,6,5,7,12,3733,156,20190605,2019060512
2019,6,5,7,13,3734,156,20190605,2019060513
2019,6,5,7,14,3735,156,20190605,2019060514
2019,6,5,7,15,3736,156,20190605,2019060515
2019,6,5,7,16,3737,156,20190605,2019060516
2019,6,5,7,17,3738,156,20190605,2019060517
2019,6,5,7,18,3739,156,20190605,2019060518
2019,6,5,7,19,3740,156,20190605,2019060519
2019,6,5,7,20,3741,156,20190605,2019060520
2019,6,5,7,21,3742,156,20190605,2019060521
2019,6,5,7,22,3743,156,20190605,2019060522
2019,6,5,7,23,3744,156,20190605,2019060523
2019,6,6,1,0,3745,157,20190606,2019060600
2019,6,6,1,1,3746,157,20190606,2019060601
2019,6,6,1,2,3747,157,20190606,2019060602
2019,6,6,1,3,3748,157,20190606,2019060603
2019,6,6,1,4,3749,157,20190606,2019060604
2019,6,6,1,5,3750,157,20190606,2019060605
2019,6,6,1,6,3751,157,20190606,2019060606
2019,6,6,1,7,3752,157,20190606,2019060607
2019,6,6,1,8,3753,157,20190606,2019060608
2019,6,6,1,9,3754,157,20190606,2019060609
2019,6,6,1,10,3755,157,20190606,2019060610
2019,6,6,1,11,3756,157,20190606,2019060611
2019,6,6,1,12,3757,157,20190606,2019060612
2019,6,6,1,13,3758,157,20190606,2019060613
2019,6,6,1,14,3759,157,20190606,2019060614
2019,6,6,1,15,3760,157,20190606,2019060615
2019,6,6,1,16,3761,157,20190606,2019060616
2019,6,6,1,17,3762,157,20190606,2019060617
2019,6,6,1,18,3763,157,20190606,2019060618
2019,6,6,1,19,3764,157,20190606,2019060619
2019,6,6,1,20,3765,157,20190606,2019060620
2019,6,6,1,21,3766,157,20190606,2019060621
2019,6,6,1,22,3767,157,20190606,2019060622
2019,6,6,1,23,3768,157,20190606,2019060623
2019,6,7,2,0,3769,158,20190607,2019060700
2019,6,7,2,1,3770,158,20190607,2019060701
2019,6,7,2,2,3771,158,20190607,2019060702
2019,6,7,2,3,3772,158,20190607,2019060703
2019,6,7,2,4,3773,158,20190607,2019060704
2019,6,7,2,5,3774,158,20190607,2019060705
2019,6,7,2,6,3775,158,20190607,2019060706
2019,6,7,2,7,3776,158,20190607,2019060707
2019,6,7,2,8,3777,158,20190607,2019060708
2019,6,7,2,9,3778,158,20190607,2019060709
2019,6,7,2,10,3779,158,20190607,2019060710
2019,6,7,2,11,3780,158,20190607,2019060711
2019,6,7,2,12,3781,158,20190607,2019060712
2019,6,7,2,13,3782,158,20190607,2019060713
2019,6,7,2,14,3783,158,20190607,2019060714
2019,6,7,2,15,3784,158,20190607,2019060715
2019,6,7,2,16,3785,158,20190607,2019060716
2019,6,7,2,17,3786,158,20190607,2019060717
2019,6,7,2,18,3787,158,20190607,2019060718
2019,6,7,2,19,3788,158,20190607,2019060719
2019,6,7,2,20,3789,158,20190607,2019060720
2019,6,7,2,21,3790,158,20190607,2019060721
2019,6,7,2,22,3791,158,20190607,2019060722
2019,6,7,2,23,3792,158,20190607,2019060723
2019,6,8,3,0,3793,159,20190608,2019060800
2019,6,8,3,1,3794,159,20190608,2019060801
2019,6,8,3,2,3795,159,20190608,2019060802
2019,6,8,3,3,3796,159,20190608,2019060803
2019,6,8,3,4,3797,159,20190608,2019060804
2019,6,8,3,5,3798,159,20190608,2019060805
2019,6,8,3,6,3799,159,20190608,2019060806
2019,6,8,3,7,3800,159,20190608,2019060807
2019,6,8,3,8,3801,159,20190608,2019060808
2019,6,8,3,9,3802,159,20190608,2019060809
2019,6,8,3,10,3803,159,20190608,2019060810
2019,6,8,3,11,3804,159,20190608,2019060811
2019,6,8,3,12,3805,159,20190608,2019060812
2019,6,8,3,13,3806,159,20190608,2019060813
2019,6,8,3,14,3807,159,20190608,2019060814
2019,6,8,3,15,3808,159,20190608,2019060815
2019,6,8,3,16,3809,159,20190608,2019060816
2019,6,8,3,17,3810,159,20190608,2019060817
2019,6,8,3,18,3811,159,20190608,2019060818
2019,6,8,3,19,3812,159,20190608,2019060819
2019,6,8,3,20,3813,159,20190608,2019060820
2019,6,8,3,21,3814,159,20190608,2019060821
2019,6,8,3,22,3815,159,20190608,2019060822
2019,6,8,3,23,3816,159,20190608,2019060823
2019,6,9,4,0,3817,160,20190609,2019060900
2019,6,9,4,1,3818,160,20190609,2019060901
2019,6,9,4,2,3819,160,20190609,2019060902
2019,6,9,4,3,3820,160,20190609,2019060903
2019,6,9,4,4,3821,160,20190609,2019060904
2019,6,9,4,5,3822,160,20190609,2019060905
2019,6,9,4,6,3823,160,20190609,2019060906
2019,6,9,4,7,3824,160,20190609,2019060907
2019,6,9,4,8,3825,160,20190609,2019060908
2019,6,9,4,9,3826,160,20190609,2019060909
2019,6,9,4,10,3827,160,20190609,2019060910
2019,6,9,4,11,3828,160,20190609,2019060911
2019,6,9,4,12,3829,160,20190609,2019060912
2019,6,9,4,13,3830,160,20190609,2019060913
2019,6,9,4,14,3831,160,20190609,2019060914
2019,6,9,4,15,3832,160,20190609,2019060915
2019,6,9,4,16,3833,160,20190609,2019060916
2019,6,9,4,17,3834,160,20190609,2019060917
2019,6,9,4,18,3835,160,20190609,2019060918
2019,6,9,4,19,3836,160,20190609,2019060919
2019,6,9,4,20,3837,160,20190609,2019060920
2019,6,9,4,21,3838,160,20190609,2019060921
2019,6,9,4,22,3839,160,20190609,2019060922
2019,6,9,4,23,3840,160,20190609,2019060923
2019,6,10,5,0,3841,161,20190610,2019061000
2019,6,10,5,1,3842,161,20190610,2019061001
2019,6,10,5,2,3843,161,20190610,2019061002
2019,6,10,5,3,3844,161,20190610,2019061003
2019,6,10,5,4,3845,161,20190610,2019061004
2019,6,10,5,5,3846,161,20190610,2019061005
2019,6,10,5,6,3847,161,20190610,2019061006
2019,6,10,5,7,3848,161,20190610,2019061007
2019,6,10,5,8,3849,161,20190610,2019061008
2019,6,10,5,9,3850,161,20190610,2019061009
2019,6,10,5,10,3851,161,20190610,2019061010
2019,6,10,5,11,3852,161,20190610,2019061011
2019,6,10,5,12,3853,161,20190610,2019061012
2019,6,10,5,13,3854,161,20190610,2019061013
2019,6,10,5,14,3855,161,20190610,2019061014
2019,6,10,5,15,3856,161,20190610,2019061015
2019,6,10,5,16,3857,161,20190610,2019061016
2019,6,10,5,17,3858,161,20190610,2019061017
2019,6,10,5,18,3859,161,20190610,2019061018
2019,6,10,5,19,3860,161,20190610,2019061019
2019,6,10,5,20,3861,161,20190610,2019061020
2019,6,10,5,21,3862,161,20190610,2019061021
2019,6,10,5,22,3863,161,20190610,2019061022
2019,6,10,5,23,3864,161,20190610,2019061023
2019,6,11,6,0,3865,162,20190611,2019061100
2019,6,11,6,1,3866,162,20190611,2019061101
2019,6,11,6,2,3867,162,20190611,2019061102
2019,6,11,6,3,3868,162,20190611,2019061103
2019,6,11,6,4,3869,162,20190611,2019061104
2019,6,11,6,5,3870,162,20190611,2019061105
2019,6,11,6,6,3871,162,20190611,2019061106
2019,6,11,6,7,3872,162,20190611,2019061107
2019,6,11,6,8,3873,162,20190611,2019061108
2019,6,11,6,9,3874,162,20190611,2019061109
2019,6,11,6,10,3875,162,20190611,2019061110
2019,6,11,6,11,3876,162,20190611,2019061111
2019,6,11,6,12,3877,162,20190611,2019061112
2019,6,11,6,13,3878,162,20190611,2019061113
2019,6,11,6,14,3879,162,20190611,2019061114
2019,6,11,6,15,3880,162,20190611,2019061115
2019,6,11,6,16,3881,162,20190611,2019061116
2019,6,11,6,17,3882,162,20190611,2019061117
2019,6,11,6,18,3883,162,20190611,2019061118
2019,6,11,6,19,3884,162,20190611,2019061119
2019,6,11,6,20,3885,162,20190611,2019061120
2019,6,11,6,21,3886,162,20190611,2019061121
2019,6,11,6,22,3887,162,20190611,2019061122
2019,6,11,6,23,3888,162,20190611,2019061123
2019,6,12,7,0,3889,163,20190612,2019061200
2019,6,12,7,1,3890,163,20190612,2019061201
2019,6,12,7,2,3891,163,20190612,2019061202
2019,6,12,7,3,3892,163,20190612,2019061203
2019,6,12,7,4,3893,163,20190612,2019061204
2019,6,12,7,5,3894,163,20190612,2019061205
2019,6,12,7,6,3895,163,20190612,2019061206
2019,6,12,7,7,3896,163,20190612,2019061207
2019,6,12,7,8,3897,163,20190612,2019061208
2019,6,12,7,9,3898,163,20190612,2019061209
2019,6,12,7,10,3899,163,20190612,2019061210
2019,6,12,7,11,3900,163,20190612,2019061211
2019,6,12,7,12,3901,163,20190612,2019061212
2019,6,12,7,13,3902,163,20190612,2019061213
2019,6,12,7,14,3903,163,20190612,2019061214
2019,6,12,7,15,3904,163,20190612,2019061215
2019,6,12,7,16,3905,163,20190612,2019061216
2019,6,12,7,17,3906,163,20190612,2019061217
2019,6,12,7,18,3907,163,20190612,2019061218
2019,6,12,7,19,3908,163,20190612,2019061219
2019,6,12,7,20,3909,163,20190612,2019061220
2019,6,12,7,21,3910,163,20190612,2019061221
2019,6,12,7,22,3911,163,20190612,2019061222
2019,6,12,7,23,3912,163,20190612,2019061223
2019,6,13,1,0,3913,164,20190613,2019061300
2019,6,13,1,1,3914,164,20190613,2019061301
2019,6,13,1,2,3915,164,20190613,2019061302
2019,6,13,1,3,3916,164,20190613,2019061303
2019,6,13,1,4,3917,164,20190613,2019061304
2019,6,13,1,5,3918,164,20190613,2019061305
2019,6,13,1,6,3919,164,20190613,2019061306
2019,6,13,1,7,3920,164,20190613,2019061307
2019,6,13,1,8,3921,164,20190613,2019061308
2019,6,13,1,9,3922,164,20190613,2019061309
2019,6,13,1,10,3923,164,20190613,2019061310
2019,6,13,1,11,3924,164,20190613,2019061311
2019,6,13,1,12,3925,164,20190613,2019061312
2019,6,13,1,13,3926,164,20190613,2019061313
2019,6,13,1,14,3927,164,20190613,2019061314
2019,6,13,1,15,3928,164,20190613,2019061315
2019,6,13,1,16,3929,164,20190613,2019061316
2019,6,13,1,17,3930,164,20190613,2019061317
2019,6,13,1,18,3931,164,20190613,2019061318
2019,6,13,1,19,3932,164,20190613,2019061319
2019,6,13,1,20,3933,164,20190613,2019061320
2019,6,13,1,21,3934,164,20190613,2019061321
2019,6,13,1,22,3935,164,20190613,2019061322
2019,6,13,1,23,3936,164,20190613,2019061323
2019,6,14,2,0,3937,165,20190614,2019061400
2019,6,14,2,1,3938,165,20190614,2019061401
2019,6,14,2,2,3939,165,20190614,2019061402
2019,6,14,2,3,3940,165,20190614,2019061403
2019,6,14,2,4,3941,165,20190614,2019061404
2019,6,14,2,5,3942,165,20190614,2019061405
2019,6,14,2,6,3943,165,20190614,2019061406
2019,6,14,2,7,3944,165,20190614,2019061407
2019,6,14,2,8,3945,165,20190614,2019061408
2019,6,14,2,9,3946,165,20190614,2019061409
2019,6,14,2,10,3947,165,20190614,2019061410
2019,6,14,2,11,3948,165,20190614,2019061411
2019,6,14,2,12,3949,165,20190614,2019061412
2019,6,14,2,13,3950,165,20190614,2019061413
2019,6,14,2,14,3951,165,20190614,2019061414
2019,6,14,2,15,3952,165,20190614,2019061415
2019,6,14,2,16,3953,165,20190614,2019061416
2019,6,14,2,17,3954,165,20190614,2019061417
2019,6,14,2,18,3955,165,20190614,2019061418
2019,6,14,2,19,3956,165,20190614,2019061419
2019,6,14,2,20,3957,165,20190614,2019061420
2019,6,14,2,21,3958,165,20190614,2019061421
2019,6,14,2,22,3959,165,20190614,2019061422
2019,6,14,2,23,3960,165,20190614,2019061423
2019,6,15,3,0,3961,166,20190615,2019061500
2019,6,15,3,1,3962,166,20190615,2019061501
2019,6,15,3,2,3963,166,20190615,2019061502
2019,6,15,3,3,3964,166,20190615,2019061503
2019,6,15,3,4,3965,166,20190615,2019061504
2019,6,15,3,5,3966,166,20190615,2019061505
2019,6,15,3,6,3967,166,20190615,2019061506
2019,6,15,3,7,3968,166,20190615,2019061507
2019,6,15,3,8,3969,166,20190615,2019061508
2019,6,15,3,9,3970,166,20190615,2019061509
2019,6,15,3,10,3971,166,20190615,2019061510
2019,6,15,3,11,3972,166,20190615,2019061511
2019,6,15,3,12,3973,166,20190615,2019061512
2019,6,15,3,13,3974,166,20190615,2019061513
2019,6,15,3,14,3975,166,20190615,2019061514
2019,6,15,3,15,3976,166,20190615,2019061515
2019,6,15,3,16,3977,166,20190615,2019061516
2019,6,15,3,17,3978,166,20190615,2019061517
2019,6,15,3,18,3979,166,20190615,2019061518
2019,6,15,3,19,3980,166,20190615,2019061519
2019,6,15,3,20,3981,166,20190615,2019061520
2019,6,15,3,21,3982,166,20190615,2019061521
2019,6,15,3,22,3983,166,20190615,2019061522
2019,6,15,3,23,3984,166,20190615,2019061523
2019,6,16,4,0,3985,167,20190616,2019061600
2019,6,16,4,1,3986,167,20190616,2019061601
2019,6,16,4,2,3987,167,20190616,2019061602
2019,6,16,4,3,3988,167,20190616,2019061603
2019,6,16,4,4,3989,167,20190616,2019061604
2019,6,16,4,5,3990,167,20190616,2019061605
2019,6,16,4,6,3991,167,20190616,2019061606
2019,6,16,4,7,3992,167,20190616,2019061607
2019,6,16,4,8,3993,167,20190616,2019061608
2019,6,16,4,9,3994,167,20190616,2019061609
2019,6,16,4,10,3995,167,20190616,2019061610
2019,6,16,4,11,3996,167,20190616,2019061611
2019,6,16,4,12,3997,167,20190616,2019061612
2019,6,16,4,13,3998,167,20190616,2019061613
2019,6,16,4,14,3999,167,20190616,2019061614
2019,6,16,4,15,4000,167,20190616,2019061615
2019,6,16,4,16,4001,167,20190616,2019061616
2019,6,16,4,17,4002,167,20190616,2019061617
2019,6,16,4,18,4003,167,20190616,2019061618
2019,6,16,4,19,4004,167,20190616,2019061619
2019,6,16,4,20,4005,167,20190616,2019061620
2019,6,16,4,21,4006,167,20190616,2019061621
2019,6,16,4,22,4007,167,20190616,2019061622
2019,6,16,4,23,4008,167,20190616,2019061623
2019,6,17,5,0,4009,168,20190617,2019061700
2019,6,17,5,1,4010,168,20190617,2019061701
2019,6,17,5,2,4011,168,20190617,2019061702
2019,6,17,5,3,4012,168,20190617,2019061703
2019,6,17,5,4,4013,168,20190617,2019061704
2019,6,17,5,5,4014,168,20190617,2019061705
2019,6,17,5,6,4015,168,20190617,2019061706
2019,6,17,5,7,4016,168,20190617,2019061707
2019,6,17,5,8,4017,168,20190617,2019061708
2019,6,17,5,9,4018,168,20190617,2019061709
2019,6,17,5,10,4019,168,20190617,2019061710
2019,6,17,5,11,4020,168,20190617,2019061711
2019,6,17,5,12,4021,168,20190617,2019061712
2019,6,17,5,13,4022,168,20190617,2019061713
2019,6,17,5,14,4023,168,20190617,2019061714
2019,6,17,5,15,4024,168,20190617,2019061715
2019,6,17,5,16,4025,168,20190617,2019061716
2019,6,17,5,17,4026,168,20190617,2019061717
2019,6,17,5,18,4027,168,20190617,2019061718
2019,6,17,5,19,4028,168,20190617,2019061719
2019,6,17,5,20,4029,168,20190617,2019061720
2019,6,17,5,21,4030,168,20190617,2019061721
2019,6,17,5,22,4031,168,20190617,2019061722
2019,6,17,5,23,4032,168,20190617,2019061723
2019,6,18,6,0,4033,169,20190618,2019061800
2019,6,18,6,1,4034,169,20190618,2019061801
2019,6,18,6,2,4035,169,20190618,2019061802
2019,6,18,6,3,4036,169,20190618,2019061803
2019,6,18,6,4,4037,169,20190618,2019061804
2019,6,18,6,5,4038,169,20190618,2019061805
2019,6,18,6,6,4039,169,20190618,2019061806
2019,6,18,6,7,4040,169,20190618,2019061807
2019,6,18,6,8,4041,169,20190618,2019061808
2019,6,18,6,9,4042,169,20190618,2019061809
2019,6,18,6,10,4043,169,20190618,2019061810
2019,6,18,6,11,4044,169,20190618,2019061811
2019,6,18,6,12,4045,169,20190618,2019061812
2019,6,18,6,13,4046,169,20190618,2019061813
2019,6,18,6,14,4047,169,20190618,2019061814
2019,6,18,6,15,4048,169,20190618,2019061815
2019,6,18,6,16,4049,169,20190618,2019061816
2019,6,18,6,17,4050,169,20190618,2019061817
2019,6,18,6,18,4051,169,20190618,2019061818
2019,6,18,6,19,4052,169,20190618,2019061819
2019,6,18,6,20,4053,169,20190618,2019061820
2019,6,18,6,21,4054,169,20190618,2019061821
2019,6,18,6,22,4055,169,20190618,2019061822
2019,6,18,6,23,4056,169,20190618,2019061823
2019,6,19,7,0,4057,170,20190619,2019061900
2019,6,19,7,1,4058,170,20190619,2019061901
2019,6,19,7,2,4059,170,20190619,2019061902
2019,6,19,7,3,4060,170,20190619,2019061903
2019,6,19,7,4,4061,170,20190619,2019061904
2019,6,19,7,5,4062,170,20190619,2019061905
2019,6,19,7,6,4063,170,20190619,2019061906
2019,6,19,7,7,4064,170,20190619,2019061907
2019,6,19,7,8,4065,170,20190619,2019061908
2019,6,19,7,9,4066,170,20190619,2019061909
2019,6,19,7,10,4067,170,20190619,2019061910
2019,6,19,7,11,4068,170,20190619,2019061911
2019,6,19,7,12,4069,170,20190619,2019061912
2019,6,19,7,13,4070,170,20190619,2019061913
2019,6,19,7,14,4071,170,20190619,2019061914
2019,6,19,7,15,4072,170,20190619,2019061915
2019,6,19,7,16,4073,170,20190619,2019061916
2019,6,19,7,17,4074,170,20190619,2019061917
2019,6,19,7,18,4075,170,20190619,2019061918
2019,6,19,7,19,4076,170,20190619,2019061919
2019,6,19,7,20,4077,170,20190619,2019061920
2019,6,19,7,21,4078,170,20190619,2019061921
2019,6,19,7,22,4079,170,20190619,2019061922
2019,6,19,7,23,4080,170,20190619,2019061923
2019,6,20,1,0,4081,171,20190620,2019062000
2019,6,20,1,1,4082,171,20190620,2019062001
2019,6,20,1,2,4083,171,20190620,2019062002
2019,6,20,1,3,4084,171,20190620,2019062003
2019,6,20,1,4,4085,171,20190620,2019062004
2019,6,20,1,5,4086,171,20190620,2019062005
2019,6,20,1,6,4087,171,20190620,2019062006
2019,6,20,1,7,4088,171,20190620,2019062007
2019,6,20,1,8,4089,171,20190620,2019062008
2019,6,20,1,9,4090,171,20190620,2019062009
2019,6,20,1,10,4091,171,20190620,2019062010
2019,6,20,1,11,4092,171,20190620,2019062011
2019,6,20,1,12,4093,171,20190620,2019062012
2019,6,20,1,13,4094,171,20190620,2019062013
2019,6,20,1,14,4095,171,20190620,2019062014
2019,6,20,1,15,4096,171,20190620,2019062015
2019,6,20,1,16,4097,171,20190620,2019062016
2019,6,20,1,17,4098,171,20190620,2019062017
2019,6,20,1,18,4099,171,20190620,2019062018
2019,6,20,1,19,4100,171,20190620,2019062019
2019,6,20,1,20,4101,171,20190620,2019062020
2019,6,20,1,21,4102,171,20190620,2019062021
2019,6,20,1,22,4103,171,20190620,2019062022
2019,6,20,1,23,4104,171,20190620,2019062023
2019,6,21,2,0,4105,172,20190621,2019062100
2019,6,21,2,1,4106,172,20190621,2019062101
2019,6,21,2,2,4107,172,20190621,2019062102
2019,6,21,2,3,4108,172,20190621,2019062103
2019,6,21,2,4,4109,172,20190621,2019062104
2019,6,21,2,5,4110,172,20190621,2019062105
2019,6,21,2,6,4111,172,20190621,2019062106
2019,6,21,2,7,4112,172,20190621,2019062107
2019,6,21,2,8,4113,172,20190621,2019062108
2019,6,21,2,9,4114,172,20190621,2019062109
2019,6,21,2,10,4115,172,20190621,2019062110
2019,6,21,2,11,4116,172,20190621,2019062111
2019,6,21,2,12,4117,172,20190621,2019062112
2019,6,21,2,13,4118,172,20190621,2019062113
2019,6,21,2,14,4119,172,20190621,2019062114
2019,6,21,2,15,4120,172,20190621,2019062115
2019,6,21,2,16,4121,172,20190621,2019062116
2019,6,21,2,17,4122,172,20190621,2019062117
2019,6,21,2,18,4123,172,20190621,2019062118
2019,6,21,2,19,4124,172,20190621,2019062119
2019,6,21,2,20,4125,172,20190621,2019062120
2019,6,21,2,21,4126,172,20190621,2019062121
2019,6,21,2,22,4127,172,20190621,2019062122
2019,6,21,2,23,4128,172,20190621,2019062123
2019,6,22,3,0,4129,173,20190622,2019062200
2019,6,22,3,1,4130,173,20190622,2019062201
2019,6,22,3,2,4131,173,20190622,2019062202
2019,6,22,3,3,4132,173,20190622,2019062203
2019,6,22,3,4,4133,173,20190622,2019062204
2019,6,22,3,5,4134,173,20190622,2019062205
2019,6,22,3,6,4135,173,20190622,2019062206
2019,6,22,3,7,4136,173,20190622,2019062207
2019,6,22,3,8,4137,173,20190622,2019062208
2019,6,22,3,9,4138,173,20190622,2019062209
2019,6,22,3,10,4139,173,20190622,2019062210
2019,6,22,3,11,4140,173,20190622,2019062211
2019,6,22,3,12,4141,173,20190622,2019062212
2019,6,22,3,13,4142,173,20190622,2019062213
2019,6,22,3,14,4143,173,20190622,2019062214
2019,6,22,3,15,4144,173,20190622,2019062215
2019,6,22,3,16,4145,173,20190622,2019062216
2019,6,22,3,17,4146,173,20190622,2019062217
2019,6,22,3,18,4147,173,20190622,2019062218
2019,6,22,3,19,4148,173,20190622,2019062219
2019,6,22,3,20,4149,173,20190622,2019062220
2019,6,22,3,21,4150,173,20190622,2019062221
2019,6,22,3,22,4151,173,20190622,2019062222
2019,6,22,3,23,4152,173,20190622,2019062223
2019,6,23,4,0,4153,174,20190623,2019062300
2019,6,23,4,1,4154,174,20190623,2019062301
2019,6,23,4,2,4155,174,20190623,2019062302
2019,6,23,4,3,4156,174,20190623,2019062303
2019,6,23,4,4,4157,174,20190623,2019062304
2019,6,23,4,5,4158,174,20190623,2019062305
2019,6,23,4,6,4159,174,20190623,2019062306
2019,6,23,4,7,4160,174,20190623,2019062307
2019,6,23,4,8,4161,174,20190623,2019062308
2019,6,23,4,9,4162,174,20190623,2019062309
2019,6,23,4,10,4163,174,20190623,2019062310
2019,6,23,4,11,4164,174,20190623,2019062311
2019,6,23,4,12,4165,174,20190623,2019062312
2019,6,23,4,13,4166,174,20190623,2019062313
2019,6,23,4,14,4167,174,20190623,2019062314
2019,6,23,4,15,4168,174,20190623,2019062315
2019,6,23,4,16,4169,174,20190623,2019062316
2019,6,23,4,17,4170,174,20190623,2019062317
2019,6,23,4,18,4171,174,20190623,2019062318
2019,6,23,4,19,4172,174,20190623,2019062319
2019,6,23,4,20,4173,174,20190623,2019062320
2019,6,23,4,21,4174,174,20190623,2019062321
2019,6,23,4,22,4175,174,20190623,2019062322
2019,6,23,4,23,4176,174,20190623,2019062323
2019,6,24,5,0,4177,175,20190624,2019062400
2019,6,24,5,1,4178,175,20190624,2019062401
2019,6,24,5,2,4179,175,20190624,2019062402
2019,6,24,5,3,4180,175,20190624,2019062403
2019,6,24,5,4,4181,175,20190624,2019062404
2019,6,24,5,5,4182,175,20190624,2019062405
2019,6,24,5,6,4183,175,20190624,2019062406
2019,6,24,5,7,4184,175,20190624,2019062407
2019,6,24,5,8,4185,175,20190624,2019062408
2019,6,24,5,9,4186,175,20190624,2019062409
2019,6,24,5,10,4187,175,20190624,2019062410
2019,6,24,5,11,4188,175,20190624,2019062411
2019,6,24,5,12,4189,175,20190624,2019062412
2019,6,24,5,13,4190,175,20190624,2019062413
2019,6,24,5,14,4191,175,20190624,2019062414
2019,6,24,5,15,4192,175,20190624,2019062415
2019,6,24,5,16,4193,175,20190624,2019062416
2019,6,24,5,17,4194,175,20190624,2019062417
2019,6,24,5,18,4195,175,20190624,2019062418
2019,6,24,5,19,4196,175,20190624,2019062419
2019,6,24,5,20,4197,175,20190624,2019062420
2019,6,24,5,21,4198,175,20190624,2019062421
2019,6,24,5,22,4199,175,20190624,2019062422
2019,6,24,5,23,4200,175,20190624,2019062423
2019,6,25,6,0,4201,176,20190625,2019062500
2019,6,25,6,1,4202,176,20190625,2019062501
2019,6,25,6,2,4203,176,20190625,2019062502
2019,6,25,6,3,4204,176,20190625,2019062503
2019,6,25,6,4,4205,176,20190625,2019062504
2019,6,25,6,5,4206,176,20190625,2019062505
2019,6,25,6,6,4207,176,20190625,2019062506
2019,6,25,6,7,4208,176,20190625,2019062507
2019,6,25,6,8,4209,176,20190625,2019062508
2019,6,25,6,9,4210,176,20190625,2019062509
2019,6,25,6,10,4211,176,20190625,2019062510
2019,6,25,6,11,4212,176,20190625,2019062511
2019,6,25,6,12,4213,176,20190625,2019062512
2019,6,25,6,13,4214,176,20190625,2019062513
2019,6,25,6,14,4215,176,20190625,2019062514
2019,6,25,6,15,4216,176,20190625,2019062515
2019,6,25,6,16,4217,176,20190625,2019062516
2019,6,25,6,17,4218,176,20190625,2019062517
2019,6,25,6,18,4219,176,20190625,2019062518
2019,6,25,6,19,4220,176,20190625,2019062519
2019,6,25,6,20,4221,176,20190625,2019062520
2019,6,25,6,21,4222,176,20190625,2019062521
2019,6,25,6,22,4223,176,20190625,2019062522
2019,6,25,6,23,4224,176,20190625,2019062523
2019,6,26,7,0,4225,177,20190626,2019062600
2019,6,26,7,1,4226,177,20190626,2019062601
2019,6,26,7,2,4227,177,20190626,2019062602
2019,6,26,7,3,4228,177,20190626,2019062603
2019,6,26,7,4,4229,177,20190626,2019062604
2019,6,26,7,5,4230,177,20190626,2019062605
2019,6,26,7,6,4231,177,20190626,2019062606
2019,6,26,7,7,4232,177,20190626,2019062607
2019,6,26,7,8,4233,177,20190626,2019062608
2019,6,26,7,9,4234,177,20190626,2019062609
2019,6,26,7,10,4235,177,20190626,2019062610
2019,6,26,7,11,4236,177,20190626,2019062611
2019,6,26,7,12,4237,177,20190626,2019062612
2019,6,26,7,13,4238,177,20190626,2019062613
2019,6,26,7,14,4239,177,20190626,2019062614
2019,6,26,7,15,4240,177,20190626,2019062615
2019,6,26,7,16,4241,177,20190626,2019062616
2019,6,26,7,17,4242,177,20190626,2019062617
2019,6,26,7,18,4243,177,20190626,2019062618
2019,6,26,7,19,4244,177,20190626,2019062619
2019,6,26,7,20,4245,177,20190626,2019062620
2019,6,26,7,21,4246,177,20190626,2019062621
2019,6,26,7,22,4247,177,20190626,2019062622
2019,6,26,7,23,4248,177,20190626,2019062623
2019,6,27,1,0,4249,178,20190627,2019062700
2019,6,27,1,1,4250,178,20190627,2019062701
2019,6,27,1,2,4251,178,20190627,2019062702
2019,6,27,1,3,4252,178,20190627,2019062703
2019,6,27,1,4,4253,178,20190627,2019062704
2019,6,27,1,5,4254,178,20190627,2019062705
2019,6,27,1,6,4255,178,20190627,2019062706
2019,6,27,1,7,4256,178,20190627,2019062707
2019,6,27,1,8,4257,178,20190627,2019062708
2019,6,27,1,9,4258,178,20190627,2019062709
2019,6,27,1,10,4259,178,20190627,2019062710
2019,6,27,1,11,4260,178,20190627,2019062711
2019,6,27,1,12,4261,178,20190627,2019062712
2019,6,27,1,13,4262,178,20190627,2019062713
2019,6,27,1,14,4263,178,20190627,2019062714
2019,6,27,1,15,4264,178,20190627,2019062715
2019,6,27,1,16,4265,178,20190627,2019062716
2019,6,27,1,17,4266,178,20190627,2019062717
2019,6,27,1,18,4267,178,20190627,2019062718
2019,6,27,1,19,4268,178,20190627,2019062719
2019,6,27,1,20,4269,178,20190627,2019062720
2019,6,27,1,21,4270,178,20190627,2019062721
2019,6,27,1,22,4271,178,20190627,2019062722
2019,6,27,1,23,4272,178,20190627,2019062723
2019,6,28,2,0,4273,179,20190628,2019062800
2019,6,28,2,1,4274,179,20190628,2019062801
2019,6,28,2,2,4275,179,20190628,2019062802
2019,6,28,2,3,4276,179,20190628,2019062803
2019,6,28,2,4,4277,179,20190628,2019062804
2019,6,28,2,5,4278,179,20190628,2019062805
2019,6,28,2,6,4279,179,20190628,2019062806
2019,6,28,2,7,4280,179,20190628,2019062807
2019,6,28,2,8,4281,179,20190628,2019062808
2019,6,28,2,9,4282,179,20190628,2019062809
2019,6,28,2,10,4283,179,20190628,2019062810
2019,6,28,2,11,4284,179,20190628,2019062811
2019,6,28,2,12,4285,179,20190628,2019062812
2019,6,28,2,13,4286,179,20190628,2019062813
2019,6,28,2,14,4287,179,20190628,2019062814
2019,6,28,2,15,4288,179,20190628,2019062815
2019,6,28,2,16,4289,179,20190628,2019062816
2019,6,28,2,17,4290,179,20190628,2019062817
2019,6,28,2,18,4291,179,20190628,2019062818
2019,6,28,2,19,4292,179,20190628,2019062819
2019,6,28,2,20,4293,179,20190628,2019062820
2019,6,28,2,21,4294,179,20190628,2019062821
2019,6,28,2,22,4295,179,20190628,2019062822
2019,6,28,2,23,4296,179,20190628,2019062823
2019,6,29,3,0,4297,180,20190629,2019062900
2019,6,29,3,1,4298,180,20190629,2019062901
2019,6,29,3,2,4299,180,20190629,2019062902
2019,6,29,3,3,4300,180,20190629,2019062903
2019,6,29,3,4,4301,180,20190629,2019062904
2019,6,29,3,5,4302,180,20190629,2019062905
2019,6,29,3,6,4303,180,20190629,2019062906
2019,6,29,3,7,4304,180,20190629,2019062907
2019,6,29,3,8,4305,180,20190629,2019062908
2019,6,29,3,9,4306,180,20190629,2019062909
2019,6,29,3,10,4307,180,20190629,2019062910
2019,6,29,3,11,4308,180,20190629,2019062911
2019,6,29,3,12,4309,180,20190629,2019062912
2019,6,29,3,13,4310,180,20190629,2019062913
2019,6,29,3,14,4311,180,20190629,2019062914
2019,6,29,3,15,4312,180,20190629,2019062915
2019,6,29,3,16,4313,180,20190629,2019062916
2019,6,29,3,17,4314,180,20190629,2019062917
2019,6,29,3,18,4315,180,20190629,2019062918
2019,6,29,3,19,4316,180,20190629,2019062919
2019,6,29,3,20,4317,180,20190629,2019062920
2019,6,29,3,21,4318,180,20190629,2019062921
2019,6,29,3,22,4319,180,20190629,2019062922
2019,6,29,3,23,4320,180,20190629,2019062923
2019,6,30,4,0,4321,181,20190630,2019063000
2019,6,30,4,1,4322,181,20190630,2019063001
2019,6,30,4,2,4323,181,20190630,2019063002
2019,6,30,4,3,4324,181,20190630,2019063003
2019,6,30,4,4,4325,181,20190630,2019063004
2019,6,30,4,5,4326,181,20190630,2019063005
2019,6,30,4,6,4327,181,20190630,2019063006
2019,6,30,4,7,4328,181,20190630,2019063007
2019,6,30,4,8,4329,181,20190630,2019063008
2019,6,30,4,9,4330,181,20190630,2019063009
2019,6,30,4,10,4331,181,20190630,2019063010
2019,6,30,4,11,4332,181,20190630,2019063011
2019,6,30,4,12,4333,181,20190630,2019063012
2019,6,30,4,13,4334,181,20190630,2019063013
2019,6,30,4,14,4335,181,20190630,2019063014
2019,6,30,4,15,4336,181,20190630,2019063015
2019,6,30,4,16,4337,181,20190630,2019063016
2019,6,30,4,17,4338,181,20190630,2019063017
2019,6,30,4,18,4339,181,20190630,2019063018
2019,6,30,4,19,4340,181,20190630,2019063019
2019,6,30,4,20,4341,181,20190630,2019063020
2019,6,30,4,21,4342,181,20190630,2019063021
2019,6,30,4,22,4343,181,20190630,2019063022
2019,6,30,4,23,4344,181,20190630,2019063023
2019,7,1,5,0,4345,182,20190701,2019070100
2019,7,1,5,1,4346,182,20190701,2019070101
2019,7,1,5,2,4347,182,20190701,2019070102
2019,7,1,5,3,4348,182,20190701,2019070103
2019,7,1,5,4,4349,182,20190701,2019070104
2019,7,1,5,5,4350,182,20190701,2019070105
2019,7,1,5,6,4351,182,20190701,2019070106
2019,7,1,5,7,4352,182,20190701,2019070107
2019,7,1,5,8,4353,182,20190701,2019070108
2019,7,1,5,9,4354,182,20190701,2019070109
2019,7,1,5,10,4355,182,20190701,2019070110
2019,7,1,5,11,4356,182,20190701,2019070111
2019,7,1,5,12,4357,182,20190701,2019070112
2019,7,1,5,13,4358,182,20190701,2019070113
2019,7,1,5,14,4359,182,20190701,2019070114
2019,7,1,5,15,4360,182,20190701,2019070115
2019,7,1,5,16,4361,182,20190701,2019070116
2019,7,1,5,17,4362,182,20190701,2019070117
2019,7,1,5,18,4363,182,20190701,2019070118
2019,7,1,5,19,4364,182,20190701,2019070119
2019,7,1,5,20,4365,182,20190701,2019070120
2019,7,1,5,21,4366,182,20190701,2019070121
2019,7,1,5,22,4367,182,20190701,2019070122
2019,7,1,5,23,4368,182,20190701,2019070123
2019,7,2,6,0,4369,183,20190702,2019070200
2019,7,2,6,1,4370,183,20190702,2019070201
2019,7,2,6,2,4371,183,20190702,2019070202
2019,7,2,6,3,4372,183,20190702,2019070203
2019,7,2,6,4,4373,183,20190702,2019070204
2019,7,2,6,5,4374,183,20190702,2019070205
2019,7,2,6,6,4375,183,20190702,2019070206
2019,7,2,6,7,4376,183,20190702,2019070207
2019,7,2,6,8,4377,183,20190702,2019070208
2019,7,2,6,9,4378,183,20190702,2019070209
2019,7,2,6,10,4379,183,20190702,2019070210
2019,7,2,6,11,4380,183,20190702,2019070211
2019,7,2,6,12,4381,183,20190702,2019070212
2019,7,2,6,13,4382,183,20190702,2019070213
2019,7,2,6,14,4383,183,20190702,2019070214
2019,7,2,6,15,4384,183,20190702,2019070215
2019,7,2,6,16,4385,183,20190702,2019070216
2019,7,2,6,17,4386,183,20190702,2019070217
2019,7,2,6,18,4387,183,20190702,2019070218
2019,7,2,6,19,4388,183,20190702,2019070219
2019,7,2,6,20,4389,183,20190702,2019070220
2019,7,2,6,21,4390,183,20190702,2019070221
2019,7,2,6,22,4391,183,20190702,2019070222
2019,7,2,6,23,4392,183,20190702,2019070223
2019,7,3,7,0,4393,184,20190703,2019070300
2019,7,3,7,1,4394,184,20190703,2019070301
2019,7,3,7,2,4395,184,20190703,2019070302
2019,7,3,7,3,4396,184,20190703,2019070303
2019,7,3,7,4,4397,184,20190703,2019070304
2019,7,3,7,5,4398,184,20190703,2019070305
2019,7,3,7,6,4399,184,20190703,2019070306
2019,7,3,7,7,4400,184,20190703,2019070307
2019,7,3,7,8,4401,184,20190703,2019070308
2019,7,3,7,9,4402,184,20190703,2019070309
2019,7,3,7,10,4403,184,20190703,2019070310
2019,7,3,7,11,4404,184,20190703,2019070311
2019,7,3,7,12,4405,184,20190703,2019070312
2019,7,3,7,13,4406,184,20190703,2019070313
2019,7,3,7,14,4407,184,20190703,2019070314
2019,7,3,7,15,4408,184,20190703,2019070315
2019,7,3,7,16,4409,184,20190703,2019070316
2019,7,3,7,17,4410,184,20190703,2019070317
2019,7,3,7,18,4411,184,20190703,2019070318
2019,7,3,7,19,4412,184,20190703,2019070319
2019,7,3,7,20,4413,184,20190703,2019070320
2019,7,3,7,21,4414,184,20190703,2019070321
2019,7,3,7,22,4415,184,20190703,2019070322
2019,7,3,7,23,4416,184,20190703,2019070323
2019,7,4,1,0,4417,185,20190704,2019070400
2019,7,4,1,1,4418,185,20190704,2019070401
2019,7,4,1,2,4419,185,20190704,2019070402
2019,7,4,1,3,4420,185,20190704,2019070403
2019,7,4,1,4,4421,185,20190704,2019070404
2019,7,4,1,5,4422,185,20190704,2019070405
2019,7,4,1,6,4423,185,20190704,2019070406
2019,7,4,1,7,4424,185,20190704,2019070407
2019,7,4,1,8,4425,185,20190704,2019070408
2019,7,4,1,9,4426,185,20190704,2019070409
2019,7,4,1,10,4427,185,20190704,2019070410
2019,7,4,1,11,4428,185,20190704,2019070411
2019,7,4,1,12,4429,185,20190704,2019070412
2019,7,4,1,13,4430,185,20190704,2019070413
2019,7,4,1,14,4431,185,20190704,2019070414
2019,7,4,1,15,4432,185,20190704,2019070415
2019,7,4,1,16,4433,185,20190704,2019070416
2019,7,4,1,17,4434,185,20190704,2019070417
2019,7,4,1,18,4435,185,20190704,2019070418
2019,7,4,1,19,4436,185,20190704,2019070419
2019,7,4,1,20,4437,185,20190704,2019070420
2019,7,4,1,21,4438,185,20190704,2019070421
2019,7,4,1,22,4439,185,20190704,2019070422
2019,7,4,1,23,4440,185,20190704,2019070423
2019,7,5,2,0,4441,186,20190705,2019070500
2019,7,5,2,1,4442,186,20190705,2019070501
2019,7,5,2,2,4443,186,20190705,2019070502
2019,7,5,2,3,4444,186,20190705,2019070503
2019,7,5,2,4,4445,186,20190705,2019070504
2019,7,5,2,5,4446,186,20190705,2019070505
2019,7,5,2,6,4447,186,20190705,2019070506
2019,7,5,2,7,4448,186,20190705,2019070507
2019,7,5,2,8,4449,186,20190705,2019070508
2019,7,5,2,9,4450,186,20190705,2019070509
2019,7,5,2,10,4451,186,20190705,2019070510
2019,7,5,2,11,4452,186,20190705,2019070511
2019,7,5,2,12,4453,186,20190705,2019070512
2019,7,5,2,13,4454,186,20190705,2019070513
2019,7,5,2,14,4455,186,20190705,2019070514
2019,7,5,2,15,4456,186,20190705,2019070515
2019,7,5,2,16,4457,186,20190705,2019070516
2019,7,5,2,17,4458,186,20190705,2019070517
2019,7,5,2,18,4459,186,20190705,2019070518
2019,7,5,2,19,4460,186,20190705,2019070519
2019,7,5,2,20,4461,186,20190705,2019070520
2019,7,5,2,21,4462,186,20190705,2019070521
2019,7,5,2,22,4463,186,20190705,2019070522
2019,7,5,2,23,4464,186,20190705,2019070523
2019,7,6,3,0,4465,187,20190706,2019070600
2019,7,6,3,1,4466,187,20190706,2019070601
2019,7,6,3,2,4467,187,20190706,2019070602
2019,7,6,3,3,4468,187,20190706,2019070603
2019,7,6,3,4,4469,187,20190706,2019070604
2019,7,6,3,5,4470,187,20190706,2019070605
2019,7,6,3,6,4471,187,20190706,2019070606
2019,7,6,3,7,4472,187,20190706,2019070607
2019,7,6,3,8,4473,187,20190706,2019070608
2019,7,6,3,9,4474,187,20190706,2019070609
2019,7,6,3,10,4475,187,20190706,2019070610
2019,7,6,3,11,4476,187,20190706,2019070611
2019,7,6,3,12,4477,187,20190706,2019070612
2019,7,6,3,13,4478,187,20190706,2019070613
2019,7,6,3,14,4479,187,20190706,2019070614
2019,7,6,3,15,4480,187,20190706,2019070615
2019,7,6,3,16,4481,187,20190706,2019070616
2019,7,6,3,17,4482,187,20190706,2019070617
2019,7,6,3,18,4483,187,20190706,2019070618
2019,7,6,3,19,4484,187,20190706,2019070619
2019,7,6,3,20,4485,187,20190706,2019070620
2019,7,6,3,21,4486,187,20190706,2019070621
2019,7,6,3,22,4487,187,20190706,2019070622
2019,7,6,3,23,4488,187,20190706,2019070623
2019,7,7,4,0,4489,188,20190707,2019070700
2019,7,7,4,1,4490,188,20190707,2019070701
2019,7,7,4,2,4491,188,20190707,2019070702
2019,7,7,4,3,4492,188,20190707,2019070703
2019,7,7,4,4,4493,188,20190707,2019070704
2019,7,7,4,5,4494,188,20190707,2019070705
2019,7,7,4,6,4495,188,20190707,2019070706
2019,7,7,4,7,4496,188,20190707,2019070707
2019,7,7,4,8,4497,188,20190707,2019070708
2019,7,7,4,9,4498,188,20190707,2019070709
2019,7,7,4,10,4499,188,20190707,2019070710
2019,7,7,4,11,4500,188,20190707,2019070711
2019,7,7,4,12,4501,188,20190707,2019070712
2019,7,7,4,13,4502,188,20190707,2019070713
2019,7,7,4,14,4503,188,20190707,2019070714
2019,7,7,4,15,4504,188,20190707,2019070715
2019,7,7,4,16,4505,188,20190707,2019070716
2019,7,7,4,17,4506,188,20190707,2019070717
2019,7,7,4,18,4507,188,20190707,2019070718
2019,7,7,4,19,4508,188,20190707,2019070719
2019,7,7,4,20,4509,188,20190707,2019070720
2019,7,7,4,21,4510,188,20190707,2019070721
2019,7,7,4,22,4511,188,20190707,2019070722
2019,7,7,4,23,4512,188,20190707,2019070723
2019,7,8,5,0,4513,189,20190708,2019070800
2019,7,8,5,1,4514,189,20190708,2019070801
2019,7,8,5,2,4515,189,20190708,2019070802
2019,7,8,5,3,4516,189,20190708,2019070803
2019,7,8,5,4,4517,189,20190708,2019070804
2019,7,8,5,5,4518,189,20190708,2019070805
2019,7,8,5,6,4519,189,20190708,2019070806
2019,7,8,5,7,4520,189,20190708,2019070807
2019,7,8,5,8,4521,189,20190708,2019070808
2019,7,8,5,9,4522,189,20190708,2019070809
2019,7,8,5,10,4523,189,20190708,2019070810
2019,7,8,5,11,4524,189,20190708,2019070811
2019,7,8,5,12,4525,189,20190708,2019070812
2019,7,8,5,13,4526,189,20190708,2019070813
2019,7,8,5,14,4527,189,20190708,2019070814
2019,7,8,5,15,4528,189,20190708,2019070815
2019,7,8,5,16,4529,189,20190708,2019070816
2019,7,8,5,17,4530,189,20190708,2019070817
2019,7,8,5,18,4531,189,20190708,2019070818
2019,7,8,5,19,4532,189,20190708,2019070819
2019,7,8,5,20,4533,189,20190708,2019070820
2019,7,8,5,21,4534,189,20190708,2019070821
2019,7,8,5,22,4535,189,20190708,2019070822
2019,7,8,5,23,4536,189,20190708,2019070823
2019,7,9,6,0,4537,190,20190709,2019070900
2019,7,9,6,1,4538,190,20190709,2019070901
2019,7,9,6,2,4539,190,20190709,2019070902
2019,7,9,6,3,4540,190,20190709,2019070903
2019,7,9,6,4,4541,190,20190709,2019070904
2019,7,9,6,5,4542,190,20190709,2019070905
2019,7,9,6,6,4543,190,20190709,2019070906
2019,7,9,6,7,4544,190,20190709,2019070907
2019,7,9,6,8,4545,190,20190709,2019070908
2019,7,9,6,9,4546,190,20190709,2019070909
2019,7,9,6,10,4547,190,20190709,2019070910
2019,7,9,6,11,4548,190,20190709,2019070911
2019,7,9,6,12,4549,190,20190709,2019070912
2019,7,9,6,13,4550,190,20190709,2019070913
2019,7,9,6,14,4551,190,20190709,2019070914
2019,7,9,6,15,4552,190,20190709,2019070915
2019,7,9,6,16,4553,190,20190709,2019070916
2019,7,9,6,17,4554,190,20190709,2019070917
2019,7,9,6,18,4555,190,20190709,2019070918
2019,7,9,6,19,4556,190,20190709,2019070919
2019,7,9,6,20,4557,190,20190709,2019070920
2019,7,9,6,21,4558,190,20190709,2019070921
2019,7,9,6,22,4559,190,20190709,2019070922
2019,7,9,6,23,4560,190,20190709,2019070923
2019,7,10,7,0,4561,191,20190710,2019071000
2019,7,10,7,1,4562,191,20190710,2019071001
2019,7,10,7,2,4563,191,20190710,2019071002
2019,7,10,7,3,4564,191,20190710,2019071003
2019,7,10,7,4,4565,191,20190710,2019071004
2019,7,10,7,5,4566,191,20190710,2019071005
2019,7,10,7,6,4567,191,20190710,2019071006
2019,7,10,7,7,4568,191,20190710,2019071007
2019,7,10,7,8,4569,191,20190710,2019071008
2019,7,10,7,9,4570,191,20190710,2019071009
2019,7,10,7,10,4571,191,20190710,2019071010
2019,7,10,7,11,4572,191,20190710,2019071011
2019,7,10,7,12,4573,191,20190710,2019071012
2019,7,10,7,13,4574,191,20190710,2019071013
2019,7,10,7,14,4575,191,20190710,2019071014
2019,7,10,7,15,4576,191,20190710,2019071015
2019,7,10,7,16,4577,191,20190710,2019071016
2019,7,10,7,17,4578,191,20190710,2019071017
2019,7,10,7,18,4579,191,20190710,2019071018
2019,7,10,7,19,4580,191,20190710,2019071019
2019,7,10,7,20,4581,191,20190710,2019071020
2019,7,10,7,21,4582,191,20190710,2019071021
2019,7,10,7,22,4583,191,20190710,2019071022
2019,7,10,7,23,4584,191,20190710,2019071023
2019,7,11,1,0,4585,192,20190711,2019071100
2019,7,11,1,1,4586,192,20190711,2019071101
2019,7,11,1,2,4587,192,20190711,2019071102
2019,7,11,1,3,4588,192,20190711,2019071103
2019,7,11,1,4,4589,192,20190711,2019071104
2019,7,11,1,5,4590,192,20190711,2019071105
2019,7,11,1,6,4591,192,20190711,2019071106
2019,7,11,1,7,4592,192,20190711,2019071107
2019,7,11,1,8,4593,192,20190711,2019071108
2019,7,11,1,9,4594,192,20190711,2019071109
2019,7,11,1,10,4595,192,20190711,2019071110
2019,7,11,1,11,4596,192,20190711,2019071111
2019,7,11,1,12,4597,192,20190711,2019071112
2019,7,11,1,13,4598,192,20190711,2019071113
2019,7,11,1,14,4599,192,20190711,2019071114
2019,7,11,1,15,4600,192,20190711,2019071115
2019,7,11,1,16,4601,192,20190711,2019071116
2019,7,11,1,17,4602,192,20190711,2019071117
2019,7,11,1,18,4603,192,20190711,2019071118
2019,7,11,1,19,4604,192,20190711,2019071119
2019,7,11,1,20,4605,192,20190711,2019071120
2019,7,11,1,21,4606,192,20190711,2019071121
2019,7,11,1,22,4607,192,20190711,2019071122
2019,7,11,1,23,4608,192,20190711,2019071123
2019,7,12,2,0,4609,193,20190712,2019071200
2019,7,12,2,1,4610,193,20190712,2019071201
2019,7,12,2,2,4611,193,20190712,2019071202
2019,7,12,2,3,4612,193,20190712,2019071203
2019,7,12,2,4,4613,193,20190712,2019071204
2019,7,12,2,5,4614,193,20190712,2019071205
2019,7,12,2,6,4615,193,20190712,2019071206
2019,7,12,2,7,4616,193,20190712,2019071207
2019,7,12,2,8,4617,193,20190712,2019071208
2019,7,12,2,9,4618,193,20190712,2019071209
2019,7,12,2,10,4619,193,20190712,2019071210
2019,7,12,2,11,4620,193,20190712,2019071211
2019,7,12,2,12,4621,193,20190712,2019071212
2019,7,12,2,13,4622,193,20190712,2019071213
2019,7,12,2,14,4623,193,20190712,2019071214
2019,7,12,2,15,4624,193,20190712,2019071215
2019,7,12,2,16,4625,193,20190712,2019071216
2019,7,12,2,17,4626,193,20190712,2019071217
2019,7,12,2,18,4627,193,20190712,2019071218
2019,7,12,2,19,4628,193,20190712,2019071219
2019,7,12,2,20,4629,193,20190712,2019071220
2019,7,12,2,21,4630,193,20190712,2019071221
2019,7,12,2,22,4631,193,20190712,2019071222
2019,7,12,2,23,4632,193,20190712,2019071223
2019,7,13,3,0,4633,194,20190713,2019071300
2019,7,13,3,1,4634,194,20190713,2019071301
2019,7,13,3,2,4635,194,20190713,2019071302
2019,7,13,3,3,4636,194,20190713,2019071303
2019,7,13,3,4,4637,194,20190713,2019071304
2019,7,13,3,5,4638,194,20190713,2019071305
2019,7,13,3,6,4639,194,20190713,2019071306
2019,7,13,3,7,4640,194,20190713,2019071307
2019,7,13,3,8,4641,194,20190713,2019071308
2019,7,13,3,9,4642,194,20190713,2019071309
2019,7,13,3,10,4643,194,20190713,2019071310
2019,7,13,3,11,4644,194,20190713,2019071311
2019,7,13,3,12,4645,194,20190713,2019071312
2019,7,13,3,13,4646,194,20190713,2019071313
2019,7,13,3,14,4647,194,20190713,2019071314
2019,7,13,3,15,4648,194,20190713,2019071315
2019,7,13,3,16,4649,194,20190713,2019071316
2019,7,13,3,17,4650,194,20190713,2019071317
2019,7,13,3,18,4651,194,20190713,2019071318
2019,7,13,3,19,4652,194,20190713,2019071319
2019,7,13,3,20,4653,194,20190713,2019071320
2019,7,13,3,21,4654,194,20190713,2019071321
2019,7,13,3,22,4655,194,20190713,2019071322
2019,7,13,3,23,4656,194,20190713,2019071323
2019,7,14,4,0,4657,195,20190714,2019071400
2019,7,14,4,1,4658,195,20190714,2019071401
2019,7,14,4,2,4659,195,20190714,2019071402
2019,7,14,4,3,4660,195,20190714,2019071403
2019,7,14,4,4,4661,195,20190714,2019071404
2019,7,14,4,5,4662,195,20190714,2019071405
2019,7,14,4,6,4663,195,20190714,2019071406
2019,7,14,4,7,4664,195,20190714,2019071407
2019,7,14,4,8,4665,195,20190714,2019071408
2019,7,14,4,9,4666,195,20190714,2019071409
2019,7,14,4,10,4667,195,20190714,2019071410
2019,7,14,4,11,4668,195,20190714,2019071411
2019,7,14,4,12,4669,195,20190714,2019071412
2019,7,14,4,13,4670,195,20190714,2019071413
2019,7,14,4,14,4671,195,20190714,2019071414
2019,7,14,4,15,4672,195,20190714,2019071415
2019,7,14,4,16,4673,195,20190714,2019071416
2019,7,14,4,17,4674,195,20190714,2019071417
2019,7,14,4,18,4675,195,20190714,2019071418
2019,7,14,4,19,4676,195,20190714,2019071419
2019,7,14,4,20,4677,195,20190714,2019071420
2019,7,14,4,21,4678,195,20190714,2019071421
2019,7,14,4,22,4679,195,20190714,2019071422
2019,7,14,4,23,4680,195,20190714,2019071423
2019,7,15,5,0,4681,196,20190715,2019071500
2019,7,15,5,1,4682,196,20190715,2019071501
2019,7,15,5,2,4683,196,20190715,2019071502
2019,7,15,5,3,4684,196,20190715,2019071503
2019,7,15,5,4,4685,196,20190715,2019071504
2019,7,15,5,5,4686,196,20190715,2019071505
2019,7,15,5,6,4687,196,20190715,2019071506
2019,7,15,5,7,4688,196,20190715,2019071507
2019,7,15,5,8,4689,196,20190715,2019071508
2019,7,15,5,9,4690,196,20190715,2019071509
2019,7,15,5,10,4691,196,20190715,2019071510
2019,7,15,5,11,4692,196,20190715,2019071511
2019,7,15,5,12,4693,196,20190715,2019071512
2019,7,15,5,13,4694,196,20190715,2019071513
2019,7,15,5,14,4695,196,20190715,2019071514
2019,7,15,5,15,4696,196,20190715,2019071515
2019,7,15,5,16,4697,196,20190715,2019071516
2019,7,15,5,17,4698,196,20190715,2019071517
2019,7,15,5,18,4699,196,20190715,2019071518
2019,7,15,5,19,4700,196,20190715,2019071519
2019,7,15,5,20,4701,196,20190715,2019071520
2019,7,15,5,21,4702,196,20190715,2019071521
2019,7,15,5,22,4703,196,20190715,2019071522
2019,7,15,5,23,4704,196,20190715,2019071523
2019,7,16,6,0,4705,197,20190716,2019071600
2019,7,16,6,1,4706,197,20190716,2019071601
2019,7,16,6,2,4707,197,20190716,2019071602
2019,7,16,6,3,4708,197,20190716,2019071603
2019,7,16,6,4,4709,197,20190716,2019071604
2019,7,16,6,5,4710,197,20190716,2019071605
2019,7,16,6,6,4711,197,20190716,2019071606
2019,7,16,6,7,4712,197,20190716,2019071607
2019,7,16,6,8,4713,197,20190716,2019071608
2019,7,16,6,9,4714,197,20190716,2019071609
2019,7,16,6,10,4715,197,20190716,2019071610
2019,7,16,6,11,4716,197,20190716,2019071611
2019,7,16,6,12,4717,197,20190716,2019071612
2019,7,16,6,13,4718,197,20190716,2019071613
2019,7,16,6,14,4719,197,20190716,2019071614
2019,7,16,6,15,4720,197,20190716,2019071615
2019,7,16,6,16,4721,197,20190716,2019071616
2019,7,16,6,17,4722,197,20190716,2019071617
2019,7,16,6,18,4723,197,20190716,2019071618
2019,7,16,6,19,4724,197,20190716,2019071619
2019,7,16,6,20,4725,197,20190716,2019071620
2019,7,16,6,21,4726,197,20190716,2019071621
2019,7,16,6,22,4727,197,20190716,2019071622
2019,7,16,6,23,4728,197,20190716,2019071623
2019,7,17,7,0,4729,198,20190717,2019071700
2019,7,17,7,1,4730,198,20190717,2019071701
2019,7,17,7,2,4731,198,20190717,2019071702
2019,7,17,7,3,4732,198,20190717,2019071703
2019,7,17,7,4,4733,198,20190717,2019071704
2019,7,17,7,5,4734,198,20190717,2019071705
2019,7,17,7,6,4735,198,20190717,2019071706
2019,7,17,7,7,4736,198,20190717,2019071707
2019,7,17,7,8,4737,198,20190717,2019071708
2019,7,17,7,9,4738,198,20190717,2019071709
2019,7,17,7,10,4739,198,20190717,2019071710
2019,7,17,7,11,4740,198,20190717,2019071711
2019,7,17,7,12,4741,198,20190717,2019071712
2019,7,17,7,13,4742,198,20190717,2019071713
2019,7,17,7,14,4743,198,20190717,2019071714
2019,7,17,7,15,4744,198,20190717,2019071715
2019,7,17,7,16,4745,198,20190717,2019071716
2019,7,17,7,17,4746,198,20190717,2019071717
2019,7,17,7,18,4747,198,20190717,2019071718
2019,7,17,7,19,4748,198,20190717,2019071719
2019,7,17,7,20,4749,198,20190717,2019071720
2019,7,17,7,21,4750,198,20190717,2019071721
2019,7,17,7,22,4751,198,20190717,2019071722
2019,7,17,7,23,4752,198,20190717,2019071723
2019,7,18,1,0,4753,199,20190718,2019071800
2019,7,18,1,1,4754,199,20190718,2019071801
2019,7,18,1,2,4755,199,20190718,2019071802
2019,7,18,1,3,4756,199,20190718,2019071803
2019,7,18,1,4,4757,199,20190718,2019071804
2019,7,18,1,5,4758,199,20190718,2019071805
2019,7,18,1,6,4759,199,20190718,2019071806
2019,7,18,1,7,4760,199,20190718,2019071807
2019,7,18,1,8,4761,199,20190718,2019071808
2019,7,18,1,9,4762,199,20190718,2019071809
2019,7,18,1,10,4763,199,20190718,2019071810
2019,7,18,1,11,4764,199,20190718,2019071811
2019,7,18,1,12,4765,199,20190718,2019071812
2019,7,18,1,13,4766,199,20190718,2019071813
2019,7,18,1,14,4767,199,20190718,2019071814
2019,7,18,1,15,4768,199,20190718,2019071815
2019,7,18,1,16,4769,199,20190718,2019071816
2019,7,18,1,17,4770,199,20190718,2019071817
2019,7,18,1,18,4771,199,20190718,2019071818
2019,7,18,1,19,4772,199,20190718,2019071819
2019,7,18,1,20,4773,199,20190718,2019071820
2019,7,18,1,21,4774,199,20190718,2019071821
2019,7,18,1,22,4775,199,20190718,2019071822
2019,7,18,1,23,4776,199,20190718,2019071823
2019,7,19,2,0,4777,200,20190719,2019071900
2019,7,19,2,1,4778,200,20190719,2019071901
2019,7,19,2,2,4779,200,20190719,2019071902
2019,7,19,2,3,4780,200,20190719,2019071903
2019,7,19,2,4,4781,200,20190719,2019071904
2019,7,19,2,5,4782,200,20190719,2019071905
2019,7,19,2,6,4783,200,20190719,2019071906
2019,7,19,2,7,4784,200,20190719,2019071907
2019,7,19,2,8,4785,200,20190719,2019071908
2019,7,19,2,9,4786,200,20190719,2019071909
2019,7,19,2,10,4787,200,20190719,2019071910
2019,7,19,2,11,4788,200,20190719,2019071911
2019,7,19,2,12,4789,200,20190719,2019071912
2019,7,19,2,13,4790,200,20190719,2019071913
2019,7,19,2,14,4791,200,20190719,2019071914
2019,7,19,2,15,4792,200,20190719,2019071915
2019,7,19,2,16,4793,200,20190719,2019071916
2019,7,19,2,17,4794,200,20190719,2019071917
2019,7,19,2,18,4795,200,20190719,2019071918
2019,7,19,2,19,4796,200,20190719,2019071919
2019,7,19,2,20,4797,200,20190719,2019071920
2019,7,19,2,21,4798,200,20190719,2019071921
2019,7,19,2,22,4799,200,20190719,2019071922
2019,7,19,2,23,4800,200,20190719,2019071923
2019,7,20,3,0,4801,201,20190720,2019072000
2019,7,20,3,1,4802,201,20190720,2019072001
2019,7,20,3,2,4803,201,20190720,2019072002
2019,7,20,3,3,4804,201,20190720,2019072003
2019,7,20,3,4,4805,201,20190720,2019072004
2019,7,20,3,5,4806,201,20190720,2019072005
2019,7,20,3,6,4807,201,20190720,2019072006
2019,7,20,3,7,4808,201,20190720,2019072007
2019,7,20,3,8,4809,201,20190720,2019072008
2019,7,20,3,9,4810,201,20190720,2019072009
2019,7,20,3,10,4811,201,20190720,2019072010
2019,7,20,3,11,4812,201,20190720,2019072011
2019,7,20,3,12,4813,201,20190720,2019072012
2019,7,20,3,13,4814,201,20190720,2019072013
2019,7,20,3,14,4815,201,20190720,2019072014
2019,7,20,3,15,4816,201,20190720,2019072015
2019,7,20,3,16,4817,201,20190720,2019072016
2019,7,20,3,17,4818,201,20190720,2019072017
2019,7,20,3,18,4819,201,20190720,2019072018
2019,7,20,3,19,4820,201,20190720,2019072019
2019,7,20,3,20,4821,201,20190720,2019072020
2019,7,20,3,21,4822,201,20190720,2019072021
2019,7,20,3,22,4823,201,20190720,2019072022
2019,7,20,3,23,4824,201,20190720,2019072023
2019,7,21,4,0,4825,202,20190721,2019072100
2019,7,21,4,1,4826,202,20190721,2019072101
2019,7,21,4,2,4827,202,20190721,2019072102
2019,7,21,4,3,4828,202,20190721,2019072103
2019,7,21,4,4,4829,202,20190721,2019072104
2019,7,21,4,5,4830,202,20190721,2019072105
2019,7,21,4,6,4831,202,20190721,2019072106
2019,7,21,4,7,4832,202,20190721,2019072107
2019,7,21,4,8,4833,202,20190721,2019072108
2019,7,21,4,9,4834,202,20190721,2019072109
2019,7,21,4,10,4835,202,20190721,2019072110
2019,7,21,4,11,4836,202,20190721,2019072111
2019,7,21,4,12,4837,202,20190721,2019072112
2019,7,21,4,13,4838,202,20190721,2019072113
2019,7,21,4,14,4839,202,20190721,2019072114
2019,7,21,4,15,4840,202,20190721,2019072115
2019,7,21,4,16,4841,202,20190721,2019072116
2019,7,21,4,17,4842,202,20190721,2019072117
2019,7,21,4,18,4843,202,20190721,2019072118
2019,7,21,4,19,4844,202,20190721,2019072119
2019,7,21,4,20,4845,202,20190721,2019072120
2019,7,21,4,21,4846,202,20190721,2019072121
2019,7,21,4,22,4847,202,20190721,2019072122
2019,7,21,4,23,4848,202,20190721,2019072123
2019,7,22,5,0,4849,203,20190722,2019072200
2019,7,22,5,1,4850,203,20190722,2019072201
2019,7,22,5,2,4851,203,20190722,2019072202
2019,7,22,5,3,4852,203,20190722,2019072203
2019,7,22,5,4,4853,203,20190722,2019072204
2019,7,22,5,5,4854,203,20190722,2019072205
2019,7,22,5,6,4855,203,20190722,2019072206
2019,7,22,5,7,4856,203,20190722,2019072207
2019,7,22,5,8,4857,203,20190722,2019072208
2019,7,22,5,9,4858,203,20190722,2019072209
2019,7,22,5,10,4859,203,20190722,2019072210
2019,7,22,5,11,4860,203,20190722,2019072211
2019,7,22,5,12,4861,203,20190722,2019072212
2019,7,22,5,13,4862,203,20190722,2019072213
2019,7,22,5,14,4863,203,20190722,2019072214
2019,7,22,5,15,4864,203,20190722,2019072215
2019,7,22,5,16,4865,203,20190722,2019072216
2019,7,22,5,17,4866,203,20190722,2019072217
2019,7,22,5,18,4867,203,20190722,2019072218
2019,7,22,5,19,4868,203,20190722,2019072219
2019,7,22,5,20,4869,203,20190722,2019072220
2019,7,22,5,21,4870,203,20190722,2019072221
2019,7,22,5,22,4871,203,20190722,2019072222
2019,7,22,5,23,4872,203,20190722,2019072223
2019,7,23,6,0,4873,204,20190723,2019072300
2019,7,23,6,1,4874,204,20190723,2019072301
2019,7,23,6,2,4875,204,20190723,2019072302
2019,7,23,6,3,4876,204,20190723,2019072303
2019,7,23,6,4,4877,204,20190723,2019072304
2019,7,23,6,5,4878,204,20190723,2019072305
2019,7,23,6,6,4879,204,20190723,2019072306
2019,7,23,6,7,4880,204,20190723,2019072307
2019,7,23,6,8,4881,204,20190723,2019072308
2019,7,23,6,9,4882,204,20190723,2019072309
2019,7,23,6,10,4883,204,20190723,2019072310
2019,7,23,6,11,4884,204,20190723,2019072311
2019,7,23,6,12,4885,204,20190723,2019072312
2019,7,23,6,13,4886,204,20190723,2019072313
2019,7,23,6,14,4887,204,20190723,2019072314
2019,7,23,6,15,4888,204,20190723,2019072315
2019,7,23,6,16,4889,204,20190723,2019072316
2019,7,23,6,17,4890,204,20190723,2019072317
2019,7,23,6,18,4891,204,20190723,2019072318
2019,7,23,6,19,4892,204,20190723,2019072319
2019,7,23,6,20,4893,204,20190723,2019072320
2019,7,23,6,21,4894,204,20190723,2019072321
2019,7,23,6,22,4895,204,20190723,2019072322
2019,7,23,6,23,4896,204,20190723,2019072323
2019,7,24,7,0,4897,205,20190724,2019072400
2019,7,24,7,1,4898,205,20190724,2019072401
2019,7,24,7,2,4899,205,20190724,2019072402
2019,7,24,7,3,4900,205,20190724,2019072403
2019,7,24,7,4,4901,205,20190724,2019072404
2019,7,24,7,5,4902,205,20190724,2019072405
2019,7,24,7,6,4903,205,20190724,2019072406
2019,7,24,7,7,4904,205,20190724,2019072407
2019,7,24,7,8,4905,205,20190724,2019072408
2019,7,24,7,9,4906,205,20190724,2019072409
2019,7,24,7,10,4907,205,20190724,2019072410
2019,7,24,7,11,4908,205,20190724,2019072411
2019,7,24,7,12,4909,205,20190724,2019072412
2019,7,24,7,13,4910,205,20190724,2019072413
2019,7,24,7,14,4911,205,20190724,2019072414
2019,7,24,7,15,4912,205,20190724,2019072415
2019,7,24,7,16,4913,205,20190724,2019072416
2019,7,24,7,17,4914,205,20190724,2019072417
2019,7,24,7,18,4915,205,20190724,2019072418
2019,7,24,7,19,4916,205,20190724,2019072419
2019,7,24,7,20,4917,205,20190724,2019072420
2019,7,24,7,21,4918,205,20190724,2019072421
2019,7,24,7,22,4919,205,20190724,2019072422
2019,7,24,7,23,4920,205,20190724,2019072423
2019,7,25,1,0,4921,206,20190725,2019072500
2019,7,25,1,1,4922,206,20190725,2019072501
2019,7,25,1,2,4923,206,20190725,2019072502
2019,7,25,1,3,4924,206,20190725,2019072503
2019,7,25,1,4,4925,206,20190725,2019072504
2019,7,25,1,5,4926,206,20190725,2019072505
2019,7,25,1,6,4927,206,20190725,2019072506
2019,7,25,1,7,4928,206,20190725,2019072507
2019,7,25,1,8,4929,206,20190725,2019072508
2019,7,25,1,9,4930,206,20190725,2019072509
2019,7,25,1,10,4931,206,20190725,2019072510
2019,7,25,1,11,4932,206,20190725,2019072511
2019,7,25,1,12,4933,206,20190725,2019072512
2019,7,25,1,13,4934,206,20190725,2019072513
2019,7,25,1,14,4935,206,20190725,2019072514
2019,7,25,1,15,4936,206,20190725,2019072515
2019,7,25,1,16,4937,206,20190725,2019072516
2019,7,25,1,17,4938,206,20190725,2019072517
2019,7,25,1,18,4939,206,20190725,2019072518
2019,7,25,1,19,4940,206,20190725,2019072519
2019,7,25,1,20,4941,206,20190725,2019072520
2019,7,25,1,21,4942,206,20190725,2019072521
2019,7,25,1,22,4943,206,20190725,2019072522
2019,7,25,1,23,4944,206,20190725,2019072523
2019,7,26,2,0,4945,207,20190726,2019072600
2019,7,26,2,1,4946,207,20190726,2019072601
2019,7,26,2,2,4947,207,20190726,2019072602
2019,7,26,2,3,4948,207,20190726,2019072603
2019,7,26,2,4,4949,207,20190726,2019072604
2019,7,26,2,5,4950,207,20190726,2019072605
2019,7,26,2,6,4951,207,20190726,2019072606
2019,7,26,2,7,4952,207,20190726,2019072607
2019,7,26,2,8,4953,207,20190726,2019072608
2019,7,26,2,9,4954,207,20190726,2019072609
2019,7,26,2,10,4955,207,20190726,2019072610
2019,7,26,2,11,4956,207,20190726,2019072611
2019,7,26,2,12,4957,207,20190726,2019072612
2019,7,26,2,13,4958,207,20190726,2019072613
2019,7,26,2,14,4959,207,20190726,2019072614
2019,7,26,2,15,4960,207,20190726,2019072615
2019,7,26,2,16,4961,207,20190726,2019072616
2019,7,26,2,17,4962,207,20190726,2019072617
2019,7,26,2,18,4963,207,20190726,2019072618
2019,7,26,2,19,4964,207,20190726,2019072619
2019,7,26,2,20,4965,207,20190726,2019072620
2019,7,26,2,21,4966,207,20190726,2019072621
2019,7,26,2,22,4967,207,20190726,2019072622
2019,7,26,2,23,4968,207,20190726,2019072623
2019,7,27,3,0,4969,208,20190727,2019072700
2019,7,27,3,1,4970,208,20190727,2019072701
2019,7,27,3,2,4971,208,20190727,2019072702
2019,7,27,3,3,4972,208,20190727,2019072703
2019,7,27,3,4,4973,208,20190727,2019072704
2019,7,27,3,5,4974,208,20190727,2019072705
2019,7,27,3,6,4975,208,20190727,2019072706
2019,7,27,3,7,4976,208,20190727,2019072707
2019,7,27,3,8,4977,208,20190727,2019072708
2019,7,27,3,9,4978,208,20190727,2019072709
2019,7,27,3,10,4979,208,20190727,2019072710
2019,7,27,3,11,4980,208,20190727,2019072711
2019,7,27,3,12,4981,208,20190727,2019072712
2019,7,27,3,13,4982,208,20190727,2019072713
2019,7,27,3,14,4983,208,20190727,2019072714
2019,7,27,3,15,4984,208,20190727,2019072715
2019,7,27,3,16,4985,208,20190727,2019072716
2019,7,27,3,17,4986,208,20190727,2019072717
2019,7,27,3,18,4987,208,20190727,2019072718
2019,7,27,3,19,4988,208,20190727,2019072719
2019,7,27,3,20,4989,208,20190727,2019072720
2019,7,27,3,21,4990,208,20190727,2019072721
2019,7,27,3,22,4991,208,20190727,2019072722
2019,7,27,3,23,4992,208,20190727,2019072723
2019,7,28,4,0,4993,209,20190728,2019072800
2019,7,28,4,1,4994,209,20190728,2019072801
2019,7,28,4,2,4995,209,20190728,2019072802
2019,7,28,4,3,4996,209,20190728,2019072803
2019,7,28,4,4,4997,209,20190728,2019072804
2019,7,28,4,5,4998,209,20190728,2019072805
2019,7,28,4,6,4999,209,20190728,2019072806
2019,7,28,4,7,5000,209,20190728,2019072807
2019,7,28,4,8,5001,209,20190728,2019072808
2019,7,28,4,9,5002,209,20190728,2019072809
2019,7,28,4,10,5003,209,20190728,2019072810
2019,7,28,4,11,5004,209,20190728,2019072811
2019,7,28,4,12,5005,209,20190728,2019072812
2019,7,28,4,13,5006,209,20190728,2019072813
2019,7,28,4,14,5007,209,20190728,2019072814
2019,7,28,4,15,5008,209,20190728,2019072815
2019,7,28,4,16,5009,209,20190728,2019072816
2019,7,28,4,17,5010,209,20190728,2019072817
2019,7,28,4,18,5011,209,20190728,2019072818
2019,7,28,4,19,5012,209,20190728,2019072819
2019,7,28,4,20,5013,209,20190728,2019072820
2019,7,28,4,21,5014,209,20190728,2019072821
2019,7,28,4,22,5015,209,20190728,2019072822
2019,7,28,4,23,5016,209,20190728,2019072823
2019,7,29,5,0,5017,210,20190729,2019072900
2019,7,29,5,1,5018,210,20190729,2019072901
2019,7,29,5,2,5019,210,20190729,2019072902
2019,7,29,5,3,5020,210,20190729,2019072903
2019,7,29,5,4,5021,210,20190729,2019072904
2019,7,29,5,5,5022,210,20190729,2019072905
2019,7,29,5,6,5023,210,20190729,2019072906
2019,7,29,5,7,5024,210,20190729,2019072907
2019,7,29,5,8,5025,210,20190729,2019072908
2019,7,29,5,9,5026,210,20190729,2019072909
2019,7,29,5,10,5027,210,20190729,2019072910
2019,7,29,5,11,5028,210,20190729,2019072911
2019,7,29,5,12,5029,210,20190729,2019072912
2019,7,29,5,13,5030,210,20190729,2019072913
2019,7,29,5,14,5031,210,20190729,2019072914
2019,7,29,5,15,5032,210,20190729,2019072915
2019,7,29,5,16,5033,210,20190729,2019072916
2019,7,29,5,17,5034,210,20190729,2019072917
2019,7,29,5,18,5035,210,20190729,2019072918
2019,7,29,5,19,5036,210,20190729,2019072919
2019,7,29,5,20,5037,210,20190729,2019072920
2019,7,29,5,21,5038,210,20190729,2019072921
2019,7,29,5,22,5039,210,20190729,2019072922
2019,7,29,5,23,5040,210,20190729,2019072923
2019,7,30,6,0,5041,211,20190730,2019073000
2019,7,30,6,1,5042,211,20190730,2019073001
2019,7,30,6,2,5043,211,20190730,2019073002
2019,7,30,6,3,5044,211,20190730,2019073003
2019,7,30,6,4,5045,211,20190730,2019073004
2019,7,30,6,5,5046,211,20190730,2019073005
2019,7,30,6,6,5047,211,20190730,2019073006
2019,7,30,6,7,5048,211,20190730,2019073007
2019,7,30,6,8,5049,211,20190730,2019073008
2019,7,30,6,9,5050,211,20190730,2019073009
2019,7,30,6,10,5051,211,20190730,2019073010
2019,7,30,6,11,5052,211,20190730,2019073011
2019,7,30,6,12,5053,211,20190730,2019073012
2019,7,30,6,13,5054,211,20190730,2019073013
2019,7,30,6,14,5055,211,20190730,2019073014
2019,7,30,6,15,5056,211,20190730,2019073015
2019,7,30,6,16,5057,211,20190730,2019073016
2019,7,30,6,17,5058,211,20190730,2019073017
2019,7,30,6,18,5059,211,20190730,2019073018
2019,7,30,6,19,5060,211,20190730,2019073019
2019,7,30,6,20,5061,211,20190730,2019073020
2019,7,30,6,21,5062,211,20190730,2019073021
2019,7,30,6,22,5063,211,20190730,2019073022
2019,7,30,6,23,5064,211,20190730,2019073023
2019,7,31,7,0,5065,212,20190731,2019073100
2019,7,31,7,1,5066,212,20190731,2019073101
2019,7,31,7,2,5067,212,20190731,2019073102
2019,7,31,7,3,5068,212,20190731,2019073103
2019,7,31,7,4,5069,212,20190731,2019073104
2019,7,31,7,5,5070,212,20190731,2019073105
2019,7,31,7,6,5071,212,20190731,2019073106
2019,7,31,7,7,5072,212,20190731,2019073107
2019,7,31,7,8,5073,212,20190731,2019073108
2019,7,31,7,9,5074,212,20190731,2019073109
2019,7,31,7,10,5075,212,20190731,2019073110
2019,7,31,7,11,5076,212,20190731,2019073111
2019,7,31,7,12,5077,212,20190731,2019073112
2019,7,31,7,13,5078,212,20190731,2019073113
2019,7,31,7,14,5079,212,20190731,2019073114
2019,7,31,7,15,5080,212,20190731,2019073115
2019,7,31,7,16,5081,212,20190731,2019073116
2019,7,31,7,17,5082,212,20190731,2019073117
2019,7,31,7,18,5083,212,20190731,2019073118
2019,7,31,7,19,5084,212,20190731,2019073119
2019,7,31,7,20,5085,212,20190731,2019073120
2019,7,31,7,21,5086,212,20190731,2019073121
2019,7,31,7,22,5087,212,20190731,2019073122
2019,7,31,7,23,5088,212,20190731,2019073123
2019,8,1,1,0,5089,213,20190801,2019080100
2019,8,1,1,1,5090,213,20190801,2019080101
2019,8,1,1,2,5091,213,20190801,2019080102
2019,8,1,1,3,5092,213,20190801,2019080103
2019,8,1,1,4,5093,213,20190801,2019080104
2019,8,1,1,5,5094,213,20190801,2019080105
2019,8,1,1,6,5095,213,20190801,2019080106
2019,8,1,1,7,5096,213,20190801,2019080107
2019,8,1,1,8,5097,213,20190801,2019080108
2019,8,1,1,9,5098,213,20190801,2019080109
2019,8,1,1,10,5099,213,20190801,2019080110
2019,8,1,1,11,5100,213,20190801,2019080111
2019,8,1,1,12,5101,213,20190801,2019080112
2019,8,1,1,13,5102,213,20190801,2019080113
2019,8,1,1,14,5103,213,20190801,2019080114
2019,8,1,1,15,5104,213,20190801,2019080115
2019,8,1,1,16,5105,213,20190801,2019080116
2019,8,1,1,17,5106,213,20190801,2019080117
2019,8,1,1,18,5107,213,20190801,2019080118
2019,8,1,1,19,5108,213,20190801,2019080119
2019,8,1,1,20,5109,213,20190801,2019080120
2019,8,1,1,21,5110,213,20190801,2019080121
2019,8,1,1,22,5111,213,20190801,2019080122
2019,8,1,1,23,5112,213,20190801,2019080123
2019,8,2,2,0,5113,214,20190802,2019080200
2019,8,2,2,1,5114,214,20190802,2019080201
2019,8,2,2,2,5115,214,20190802,2019080202
2019,8,2,2,3,5116,214,20190802,2019080203
2019,8,2,2,4,5117,214,20190802,2019080204
2019,8,2,2,5,5118,214,20190802,2019080205
2019,8,2,2,6,5119,214,20190802,2019080206
2019,8,2,2,7,5120,214,20190802,2019080207
2019,8,2,2,8,5121,214,20190802,2019080208
2019,8,2,2,9,5122,214,20190802,2019080209
2019,8,2,2,10,5123,214,20190802,2019080210
2019,8,2,2,11,5124,214,20190802,2019080211
2019,8,2,2,12,5125,214,20190802,2019080212
2019,8,2,2,13,5126,214,20190802,2019080213
2019,8,2,2,14,5127,214,20190802,2019080214
2019,8,2,2,15,5128,214,20190802,2019080215
2019,8,2,2,16,5129,214,20190802,2019080216
2019,8,2,2,17,5130,214,20190802,2019080217
2019,8,2,2,18,5131,214,20190802,2019080218
2019,8,2,2,19,5132,214,20190802,2019080219
2019,8,2,2,20,5133,214,20190802,2019080220
2019,8,2,2,21,5134,214,20190802,2019080221
2019,8,2,2,22,5135,214,20190802,2019080222
2019,8,2,2,23,5136,214,20190802,2019080223
2019,8,3,3,0,5137,215,20190803,2019080300
2019,8,3,3,1,5138,215,20190803,2019080301
2019,8,3,3,2,5139,215,20190803,2019080302
2019,8,3,3,3,5140,215,20190803,2019080303
2019,8,3,3,4,5141,215,20190803,2019080304
2019,8,3,3,5,5142,215,20190803,2019080305
2019,8,3,3,6,5143,215,20190803,2019080306
2019,8,3,3,7,5144,215,20190803,2019080307
2019,8,3,3,8,5145,215,20190803,2019080308
2019,8,3,3,9,5146,215,20190803,2019080309
2019,8,3,3,10,5147,215,20190803,2019080310
2019,8,3,3,11,5148,215,20190803,2019080311
2019,8,3,3,12,5149,215,20190803,2019080312
2019,8,3,3,13,5150,215,20190803,2019080313
2019,8,3,3,14,5151,215,20190803,2019080314
2019,8,3,3,15,5152,215,20190803,2019080315
2019,8,3,3,16,5153,215,20190803,2019080316
2019,8,3,3,17,5154,215,20190803,2019080317
2019,8,3,3,18,5155,215,20190803,2019080318
2019,8,3,3,19,5156,215,20190803,2019080319
2019,8,3,3,20,5157,215,20190803,2019080320
2019,8,3,3,21,5158,215,20190803,2019080321
2019,8,3,3,22,5159,215,20190803,2019080322
2019,8,3,3,23,5160,215,20190803,2019080323
2019,8,4,4,0,5161,216,20190804,2019080400
2019,8,4,4,1,5162,216,20190804,2019080401
2019,8,4,4,2,5163,216,20190804,2019080402
2019,8,4,4,3,5164,216,20190804,2019080403
2019,8,4,4,4,5165,216,20190804,2019080404
2019,8,4,4,5,5166,216,20190804,2019080405
2019,8,4,4,6,5167,216,20190804,2019080406
2019,8,4,4,7,5168,216,20190804,2019080407
2019,8,4,4,8,5169,216,20190804,2019080408
2019,8,4,4,9,5170,216,20190804,2019080409
2019,8,4,4,10,5171,216,20190804,2019080410
2019,8,4,4,11,5172,216,20190804,2019080411
2019,8,4,4,12,5173,216,20190804,2019080412
2019,8,4,4,13,5174,216,20190804,2019080413
2019,8,4,4,14,5175,216,20190804,2019080414
2019,8,4,4,15,5176,216,20190804,2019080415
2019,8,4,4,16,5177,216,20190804,2019080416
2019,8,4,4,17,5178,216,20190804,2019080417
2019,8,4,4,18,5179,216,20190804,2019080418
2019,8,4,4,19,5180,216,20190804,2019080419
2019,8,4,4,20,5181,216,20190804,2019080420
2019,8,4,4,21,5182,216,20190804,2019080421
2019,8,4,4,22,5183,216,20190804,2019080422
2019,8,4,4,23,5184,216,20190804,2019080423
2019,8,5,5,0,5185,217,20190805,2019080500
2019,8,5,5,1,5186,217,20190805,2019080501
2019,8,5,5,2,5187,217,20190805,2019080502
2019,8,5,5,3,5188,217,20190805,2019080503
2019,8,5,5,4,5189,217,20190805,2019080504
2019,8,5,5,5,5190,217,20190805,2019080505
2019,8,5,5,6,5191,217,20190805,2019080506
2019,8,5,5,7,5192,217,20190805,2019080507
2019,8,5,5,8,5193,217,20190805,2019080508
2019,8,5,5,9,5194,217,20190805,2019080509
2019,8,5,5,10,5195,217,20190805,2019080510
2019,8,5,5,11,5196,217,20190805,2019080511
2019,8,5,5,12,5197,217,20190805,2019080512
2019,8,5,5,13,5198,217,20190805,2019080513
2019,8,5,5,14,5199,217,20190805,2019080514
2019,8,5,5,15,5200,217,20190805,2019080515
2019,8,5,5,16,5201,217,20190805,2019080516
2019,8,5,5,17,5202,217,20190805,2019080517
2019,8,5,5,18,5203,217,20190805,2019080518
2019,8,5,5,19,5204,217,20190805,2019080519
2019,8,5,5,20,5205,217,20190805,2019080520
2019,8,5,5,21,5206,217,20190805,2019080521
2019,8,5,5,22,5207,217,20190805,2019080522
2019,8,5,5,23,5208,217,20190805,2019080523
2019,8,6,6,0,5209,218,20190806,2019080600
2019,8,6,6,1,5210,218,20190806,2019080601
2019,8,6,6,2,5211,218,20190806,2019080602
2019,8,6,6,3,5212,218,20190806,2019080603
2019,8,6,6,4,5213,218,20190806,2019080604
2019,8,6,6,5,5214,218,20190806,2019080605
2019,8,6,6,6,5215,218,20190806,2019080606
2019,8,6,6,7,5216,218,20190806,2019080607
2019,8,6,6,8,5217,218,20190806,2019080608
2019,8,6,6,9,5218,218,20190806,2019080609
2019,8,6,6,10,5219,218,20190806,2019080610
2019,8,6,6,11,5220,218,20190806,2019080611
2019,8,6,6,12,5221,218,20190806,2019080612
2019,8,6,6,13,5222,218,20190806,2019080613
2019,8,6,6,14,5223,218,20190806,2019080614
2019,8,6,6,15,5224,218,20190806,2019080615
2019,8,6,6,16,5225,218,20190806,2019080616
2019,8,6,6,17,5226,218,20190806,2019080617
2019,8,6,6,18,5227,218,20190806,2019080618
2019,8,6,6,19,5228,218,20190806,2019080619
2019,8,6,6,20,5229,218,20190806,2019080620
2019,8,6,6,21,5230,218,20190806,2019080621
2019,8,6,6,22,5231,218,20190806,2019080622
2019,8,6,6,23,5232,218,20190806,2019080623
2019,8,7,7,0,5233,219,20190807,2019080700
2019,8,7,7,1,5234,219,20190807,2019080701
2019,8,7,7,2,5235,219,20190807,2019080702
2019,8,7,7,3,5236,219,20190807,2019080703
2019,8,7,7,4,5237,219,20190807,2019080704
2019,8,7,7,5,5238,219,20190807,2019080705
2019,8,7,7,6,5239,219,20190807,2019080706
2019,8,7,7,7,5240,219,20190807,2019080707
2019,8,7,7,8,5241,219,20190807,2019080708
2019,8,7,7,9,5242,219,20190807,2019080709
2019,8,7,7,10,5243,219,20190807,2019080710
2019,8,7,7,11,5244,219,20190807,2019080711
2019,8,7,7,12,5245,219,20190807,2019080712
2019,8,7,7,13,5246,219,20190807,2019080713
2019,8,7,7,14,5247,219,20190807,2019080714
2019,8,7,7,15,5248,219,20190807,2019080715
2019,8,7,7,16,5249,219,20190807,2019080716
2019,8,7,7,17,5250,219,20190807,2019080717
2019,8,7,7,18,5251,219,20190807,2019080718
2019,8,7,7,19,5252,219,20190807,2019080719
2019,8,7,7,20,5253,219,20190807,2019080720
2019,8,7,7,21,5254,219,20190807,2019080721
2019,8,7,7,22,5255,219,20190807,2019080722
2019,8,7,7,23,5256,219,20190807,2019080723
2019,8,8,1,0,5257,220,20190808,2019080800
2019,8,8,1,1,5258,220,20190808,2019080801
2019,8,8,1,2,5259,220,20190808,2019080802
2019,8,8,1,3,5260,220,20190808,2019080803
2019,8,8,1,4,5261,220,20190808,2019080804
2019,8,8,1,5,5262,220,20190808,2019080805
2019,8,8,1,6,5263,220,20190808,2019080806
2019,8,8,1,7,5264,220,20190808,2019080807
2019,8,8,1,8,5265,220,20190808,2019080808
2019,8,8,1,9,5266,220,20190808,2019080809
2019,8,8,1,10,5267,220,20190808,2019080810
2019,8,8,1,11,5268,220,20190808,2019080811
2019,8,8,1,12,5269,220,20190808,2019080812
2019,8,8,1,13,5270,220,20190808,2019080813
2019,8,8,1,14,5271,220,20190808,2019080814
2019,8,8,1,15,5272,220,20190808,2019080815
2019,8,8,1,16,5273,220,20190808,2019080816
2019,8,8,1,17,5274,220,20190808,2019080817
2019,8,8,1,18,5275,220,20190808,2019080818
2019,8,8,1,19,5276,220,20190808,2019080819
2019,8,8,1,20,5277,220,20190808,2019080820
2019,8,8,1,21,5278,220,20190808,2019080821
2019,8,8,1,22,5279,220,20190808,2019080822
2019,8,8,1,23,5280,220,20190808,2019080823
2019,8,9,2,0,5281,221,20190809,2019080900
2019,8,9,2,1,5282,221,20190809,2019080901
2019,8,9,2,2,5283,221,20190809,2019080902
2019,8,9,2,3,5284,221,20190809,2019080903
2019,8,9,2,4,5285,221,20190809,2019080904
2019,8,9,2,5,5286,221,20190809,2019080905
2019,8,9,2,6,5287,221,20190809,2019080906
2019,8,9,2,7,5288,221,20190809,2019080907
2019,8,9,2,8,5289,221,20190809,2019080908
2019,8,9,2,9,5290,221,20190809,2019080909
2019,8,9,2,10,5291,221,20190809,2019080910
2019,8,9,2,11,5292,221,20190809,2019080911
2019,8,9,2,12,5293,221,20190809,2019080912
2019,8,9,2,13,5294,221,20190809,2019080913
2019,8,9,2,14,5295,221,20190809,2019080914
2019,8,9,2,15,5296,221,20190809,2019080915
2019,8,9,2,16,5297,221,20190809,2019080916
2019,8,9,2,17,5298,221,20190809,2019080917
2019,8,9,2,18,5299,221,20190809,2019080918
2019,8,9,2,19,5300,221,20190809,2019080919
2019,8,9,2,20,5301,221,20190809,2019080920
2019,8,9,2,21,5302,221,20190809,2019080921
2019,8,9,2,22,5303,221,20190809,2019080922
2019,8,9,2,23,5304,221,20190809,2019080923
2019,8,10,3,0,5305,222,20190810,2019081000
2019,8,10,3,1,5306,222,20190810,2019081001
2019,8,10,3,2,5307,222,20190810,2019081002
2019,8,10,3,3,5308,222,20190810,2019081003
2019,8,10,3,4,5309,222,20190810,2019081004
2019,8,10,3,5,5310,222,20190810,2019081005
2019,8,10,3,6,5311,222,20190810,2019081006
2019,8,10,3,7,5312,222,20190810,2019081007
2019,8,10,3,8,5313,222,20190810,2019081008
2019,8,10,3,9,5314,222,20190810,2019081009
2019,8,10,3,10,5315,222,20190810,2019081010
2019,8,10,3,11,5316,222,20190810,2019081011
2019,8,10,3,12,5317,222,20190810,2019081012
2019,8,10,3,13,5318,222,20190810,2019081013
2019,8,10,3,14,5319,222,20190810,2019081014
2019,8,10,3,15,5320,222,20190810,2019081015
2019,8,10,3,16,5321,222,20190810,2019081016
2019,8,10,3,17,5322,222,20190810,2019081017
2019,8,10,3,18,5323,222,20190810,2019081018
2019,8,10,3,19,5324,222,20190810,2019081019
2019,8,10,3,20,5325,222,20190810,2019081020
2019,8,10,3,21,5326,222,20190810,2019081021
2019,8,10,3,22,5327,222,20190810,2019081022
2019,8,10,3,23,5328,222,20190810,2019081023
2019,8,11,4,0,5329,223,20190811,2019081100
2019,8,11,4,1,5330,223,20190811,2019081101
2019,8,11,4,2,5331,223,20190811,2019081102
2019,8,11,4,3,5332,223,20190811,2019081103
2019,8,11,4,4,5333,223,20190811,2019081104
2019,8,11,4,5,5334,223,20190811,2019081105
2019,8,11,4,6,5335,223,20190811,2019081106
2019,8,11,4,7,5336,223,20190811,2019081107
2019,8,11,4,8,5337,223,20190811,2019081108
2019,8,11,4,9,5338,223,20190811,2019081109
2019,8,11,4,10,5339,223,20190811,2019081110
2019,8,11,4,11,5340,223,20190811,2019081111
2019,8,11,4,12,5341,223,20190811,2019081112
2019,8,11,4,13,5342,223,20190811,2019081113
2019,8,11,4,14,5343,223,20190811,2019081114
2019,8,11,4,15,5344,223,20190811,2019081115
2019,8,11,4,16,5345,223,20190811,2019081116
2019,8,11,4,17,5346,223,20190811,2019081117
2019,8,11,4,18,5347,223,20190811,2019081118
2019,8,11,4,19,5348,223,20190811,2019081119
2019,8,11,4,20,5349,223,20190811,2019081120
2019,8,11,4,21,5350,223,20190811,2019081121
2019,8,11,4,22,5351,223,20190811,2019081122
2019,8,11,4,23,5352,223,20190811,2019081123
2019,8,12,5,0,5353,224,20190812,2019081200
2019,8,12,5,1,5354,224,20190812,2019081201
2019,8,12,5,2,5355,224,20190812,2019081202
2019,8,12,5,3,5356,224,20190812,2019081203
2019,8,12,5,4,5357,224,20190812,2019081204
2019,8,12,5,5,5358,224,20190812,2019081205
2019,8,12,5,6,5359,224,20190812,2019081206
2019,8,12,5,7,5360,224,20190812,2019081207
2019,8,12,5,8,5361,224,20190812,2019081208
2019,8,12,5,9,5362,224,20190812,2019081209
2019,8,12,5,10,5363,224,20190812,2019081210
2019,8,12,5,11,5364,224,20190812,2019081211
2019,8,12,5,12,5365,224,20190812,2019081212
2019,8,12,5,13,5366,224,20190812,2019081213
2019,8,12,5,14,5367,224,20190812,2019081214
2019,8,12,5,15,5368,224,20190812,2019081215
2019,8,12,5,16,5369,224,20190812,2019081216
2019,8,12,5,17,5370,224,20190812,2019081217
2019,8,12,5,18,5371,224,20190812,2019081218
2019,8,12,5,19,5372,224,20190812,2019081219
2019,8,12,5,20,5373,224,20190812,2019081220
2019,8,12,5,21,5374,224,20190812,2019081221
2019,8,12,5,22,5375,224,20190812,2019081222
2019,8,12,5,23,5376,224,20190812,2019081223
2019,8,13,6,0,5377,225,20190813,2019081300
2019,8,13,6,1,5378,225,20190813,2019081301
2019,8,13,6,2,5379,225,20190813,2019081302
2019,8,13,6,3,5380,225,20190813,2019081303
2019,8,13,6,4,5381,225,20190813,2019081304
2019,8,13,6,5,5382,225,20190813,2019081305
2019,8,13,6,6,5383,225,20190813,2019081306
2019,8,13,6,7,5384,225,20190813,2019081307
2019,8,13,6,8,5385,225,20190813,2019081308
2019,8,13,6,9,5386,225,20190813,2019081309
2019,8,13,6,10,5387,225,20190813,2019081310
2019,8,13,6,11,5388,225,20190813,2019081311
2019,8,13,6,12,5389,225,20190813,2019081312
2019,8,13,6,13,5390,225,20190813,2019081313
2019,8,13,6,14,5391,225,20190813,2019081314
2019,8,13,6,15,5392,225,20190813,2019081315
2019,8,13,6,16,5393,225,20190813,2019081316
2019,8,13,6,17,5394,225,20190813,2019081317
2019,8,13,6,18,5395,225,20190813,2019081318
2019,8,13,6,19,5396,225,20190813,2019081319
2019,8,13,6,20,5397,225,20190813,2019081320
2019,8,13,6,21,5398,225,20190813,2019081321
2019,8,13,6,22,5399,225,20190813,2019081322
2019,8,13,6,23,5400,225,20190813,2019081323
2019,8,14,7,0,5401,226,20190814,2019081400
2019,8,14,7,1,5402,226,20190814,2019081401
2019,8,14,7,2,5403,226,20190814,2019081402
2019,8,14,7,3,5404,226,20190814,2019081403
2019,8,14,7,4,5405,226,20190814,2019081404
2019,8,14,7,5,5406,226,20190814,2019081405
2019,8,14,7,6,5407,226,20190814,2019081406
2019,8,14,7,7,5408,226,20190814,2019081407
2019,8,14,7,8,5409,226,20190814,2019081408
2019,8,14,7,9,5410,226,20190814,2019081409
2019,8,14,7,10,5411,226,20190814,2019081410
2019,8,14,7,11,5412,226,20190814,2019081411
2019,8,14,7,12,5413,226,20190814,2019081412
2019,8,14,7,13,5414,226,20190814,2019081413
2019,8,14,7,14,5415,226,20190814,2019081414
2019,8,14,7,15,5416,226,20190814,2019081415
2019,8,14,7,16,5417,226,20190814,2019081416
2019,8,14,7,17,5418,226,20190814,2019081417
2019,8,14,7,18,5419,226,20190814,2019081418
2019,8,14,7,19,5420,226,20190814,2019081419
2019,8,14,7,20,5421,226,20190814,2019081420
2019,8,14,7,21,5422,226,20190814,2019081421
2019,8,14,7,22,5423,226,20190814,2019081422
2019,8,14,7,23,5424,226,20190814,2019081423
2019,8,15,1,0,5425,227,20190815,2019081500
2019,8,15,1,1,5426,227,20190815,2019081501
2019,8,15,1,2,5427,227,20190815,2019081502
2019,8,15,1,3,5428,227,20190815,2019081503
2019,8,15,1,4,5429,227,20190815,2019081504
2019,8,15,1,5,5430,227,20190815,2019081505
2019,8,15,1,6,5431,227,20190815,2019081506
2019,8,15,1,7,5432,227,20190815,2019081507
2019,8,15,1,8,5433,227,20190815,2019081508
2019,8,15,1,9,5434,227,20190815,2019081509
2019,8,15,1,10,5435,227,20190815,2019081510
2019,8,15,1,11,5436,227,20190815,2019081511
2019,8,15,1,12,5437,227,20190815,2019081512
2019,8,15,1,13,5438,227,20190815,2019081513
2019,8,15,1,14,5439,227,20190815,2019081514
2019,8,15,1,15,5440,227,20190815,2019081515
2019,8,15,1,16,5441,227,20190815,2019081516
2019,8,15,1,17,5442,227,20190815,2019081517
2019,8,15,1,18,5443,227,20190815,2019081518
2019,8,15,1,19,5444,227,20190815,2019081519
2019,8,15,1,20,5445,227,20190815,2019081520
2019,8,15,1,21,5446,227,20190815,2019081521
2019,8,15,1,22,5447,227,20190815,2019081522
2019,8,15,1,23,5448,227,20190815,2019081523
2019,8,16,2,0,5449,228,20190816,2019081600
2019,8,16,2,1,5450,228,20190816,2019081601
2019,8,16,2,2,5451,228,20190816,2019081602
2019,8,16,2,3,5452,228,20190816,2019081603
2019,8,16,2,4,5453,228,20190816,2019081604
2019,8,16,2,5,5454,228,20190816,2019081605
2019,8,16,2,6,5455,228,20190816,2019081606
2019,8,16,2,7,5456,228,20190816,2019081607
2019,8,16,2,8,5457,228,20190816,2019081608
2019,8,16,2,9,5458,228,20190816,2019081609
2019,8,16,2,10,5459,228,20190816,2019081610
2019,8,16,2,11,5460,228,20190816,2019081611
2019,8,16,2,12,5461,228,20190816,2019081612
2019,8,16,2,13,5462,228,20190816,2019081613
2019,8,16,2,14,5463,228,20190816,2019081614
2019,8,16,2,15,5464,228,20190816,2019081615
2019,8,16,2,16,5465,228,20190816,2019081616
2019,8,16,2,17,5466,228,20190816,2019081617
2019,8,16,2,18,5467,228,20190816,2019081618
2019,8,16,2,19,5468,228,20190816,2019081619
2019,8,16,2,20,5469,228,20190816,2019081620
2019,8,16,2,21,5470,228,20190816,2019081621
2019,8,16,2,22,5471,228,20190816,2019081622
2019,8,16,2,23,5472,228,20190816,2019081623
2019,8,17,3,0,5473,229,20190817,2019081700
2019,8,17,3,1,5474,229,20190817,2019081701
2019,8,17,3,2,5475,229,20190817,2019081702
2019,8,17,3,3,5476,229,20190817,2019081703
2019,8,17,3,4,5477,229,20190817,2019081704
2019,8,17,3,5,5478,229,20190817,2019081705
2019,8,17,3,6,5479,229,20190817,2019081706
2019,8,17,3,7,5480,229,20190817,2019081707
2019,8,17,3,8,5481,229,20190817,2019081708
2019,8,17,3,9,5482,229,20190817,2019081709
2019,8,17,3,10,5483,229,20190817,2019081710
2019,8,17,3,11,5484,229,20190817,2019081711
2019,8,17,3,12,5485,229,20190817,2019081712
2019,8,17,3,13,5486,229,20190817,2019081713
2019,8,17,3,14,5487,229,20190817,2019081714
2019,8,17,3,15,5488,229,20190817,2019081715
2019,8,17,3,16,5489,229,20190817,2019081716
2019,8,17,3,17,5490,229,20190817,2019081717
2019,8,17,3,18,5491,229,20190817,2019081718
2019,8,17,3,19,5492,229,20190817,2019081719
2019,8,17,3,20,5493,229,20190817,2019081720
2019,8,17,3,21,5494,229,20190817,2019081721
2019,8,17,3,22,5495,229,20190817,2019081722
2019,8,17,3,23,5496,229,20190817,2019081723
2019,8,18,4,0,5497,230,20190818,2019081800
2019,8,18,4,1,5498,230,20190818,2019081801
2019,8,18,4,2,5499,230,20190818,2019081802
2019,8,18,4,3,5500,230,20190818,2019081803
2019,8,18,4,4,5501,230,20190818,2019081804
2019,8,18,4,5,5502,230,20190818,2019081805
2019,8,18,4,6,5503,230,20190818,2019081806
2019,8,18,4,7,5504,230,20190818,2019081807
2019,8,18,4,8,5505,230,20190818,2019081808
2019,8,18,4,9,5506,230,20190818,2019081809
2019,8,18,4,10,5507,230,20190818,2019081810
2019,8,18,4,11,5508,230,20190818,2019081811
2019,8,18,4,12,5509,230,20190818,2019081812
2019,8,18,4,13,5510,230,20190818,2019081813
2019,8,18,4,14,5511,230,20190818,2019081814
2019,8,18,4,15,5512,230,20190818,2019081815
2019,8,18,4,16,5513,230,20190818,2019081816
2019,8,18,4,17,5514,230,20190818,2019081817
2019,8,18,4,18,5515,230,20190818,2019081818
2019,8,18,4,19,5516,230,20190818,2019081819
2019,8,18,4,20,5517,230,20190818,2019081820
2019,8,18,4,21,5518,230,20190818,2019081821
2019,8,18,4,22,5519,230,20190818,2019081822
2019,8,18,4,23,5520,230,20190818,2019081823
2019,8,19,5,0,5521,231,20190819,2019081900
2019,8,19,5,1,5522,231,20190819,2019081901
2019,8,19,5,2,5523,231,20190819,2019081902
2019,8,19,5,3,5524,231,20190819,2019081903
2019,8,19,5,4,5525,231,20190819,2019081904
2019,8,19,5,5,5526,231,20190819,2019081905
2019,8,19,5,6,5527,231,20190819,2019081906
2019,8,19,5,7,5528,231,20190819,2019081907
2019,8,19,5,8,5529,231,20190819,2019081908
2019,8,19,5,9,5530,231,20190819,2019081909
2019,8,19,5,10,5531,231,20190819,2019081910
2019,8,19,5,11,5532,231,20190819,2019081911
2019,8,19,5,12,5533,231,20190819,2019081912
2019,8,19,5,13,5534,231,20190819,2019081913
2019,8,19,5,14,5535,231,20190819,2019081914
2019,8,19,5,15,5536,231,20190819,2019081915
2019,8,19,5,16,5537,231,20190819,2019081916
2019,8,19,5,17,5538,231,20190819,2019081917
2019,8,19,5,18,5539,231,20190819,2019081918
2019,8,19,5,19,5540,231,20190819,2019081919
2019,8,19,5,20,5541,231,20190819,2019081920
2019,8,19,5,21,5542,231,20190819,2019081921
2019,8,19,5,22,5543,231,20190819,2019081922
2019,8,19,5,23,5544,231,20190819,2019081923
2019,8,20,6,0,5545,232,20190820,2019082000
2019,8,20,6,1,5546,232,20190820,2019082001
2019,8,20,6,2,5547,232,20190820,2019082002
2019,8,20,6,3,5548,232,20190820,2019082003
2019,8,20,6,4,5549,232,20190820,2019082004
2019,8,20,6,5,5550,232,20190820,2019082005
2019,8,20,6,6,5551,232,20190820,2019082006
2019,8,20,6,7,5552,232,20190820,2019082007
2019,8,20,6,8,5553,232,20190820,2019082008
2019,8,20,6,9,5554,232,20190820,2019082009
2019,8,20,6,10,5555,232,20190820,2019082010
2019,8,20,6,11,5556,232,20190820,2019082011
2019,8,20,6,12,5557,232,20190820,2019082012
2019,8,20,6,13,5558,232,20190820,2019082013
2019,8,20,6,14,5559,232,20190820,2019082014
2019,8,20,6,15,5560,232,20190820,2019082015
2019,8,20,6,16,5561,232,20190820,2019082016
2019,8,20,6,17,5562,232,20190820,2019082017
2019,8,20,6,18,5563,232,20190820,2019082018
2019,8,20,6,19,5564,232,20190820,2019082019
2019,8,20,6,20,5565,232,20190820,2019082020
2019,8,20,6,21,5566,232,20190820,2019082021
2019,8,20,6,22,5567,232,20190820,2019082022
2019,8,20,6,23,5568,232,20190820,2019082023
2019,8,21,7,0,5569,233,20190821,2019082100
2019,8,21,7,1,5570,233,20190821,2019082101
2019,8,21,7,2,5571,233,20190821,2019082102
2019,8,21,7,3,5572,233,20190821,2019082103
2019,8,21,7,4,5573,233,20190821,2019082104
2019,8,21,7,5,5574,233,20190821,2019082105
2019,8,21,7,6,5575,233,20190821,2019082106
2019,8,21,7,7,5576,233,20190821,2019082107
2019,8,21,7,8,5577,233,20190821,2019082108
2019,8,21,7,9,5578,233,20190821,2019082109
2019,8,21,7,10,5579,233,20190821,2019082110
2019,8,21,7,11,5580,233,20190821,2019082111
2019,8,21,7,12,5581,233,20190821,2019082112
2019,8,21,7,13,5582,233,20190821,2019082113
2019,8,21,7,14,5583,233,20190821,2019082114
2019,8,21,7,15,5584,233,20190821,2019082115
2019,8,21,7,16,5585,233,20190821,2019082116
2019,8,21,7,17,5586,233,20190821,2019082117
2019,8,21,7,18,5587,233,20190821,2019082118
2019,8,21,7,19,5588,233,20190821,2019082119
2019,8,21,7,20,5589,233,20190821,2019082120
2019,8,21,7,21,5590,233,20190821,2019082121
2019,8,21,7,22,5591,233,20190821,2019082122
2019,8,21,7,23,5592,233,20190821,2019082123
2019,8,22,1,0,5593,234,20190822,2019082200
2019,8,22,1,1,5594,234,20190822,2019082201
2019,8,22,1,2,5595,234,20190822,2019082202
2019,8,22,1,3,5596,234,20190822,2019082203
2019,8,22,1,4,5597,234,20190822,2019082204
2019,8,22,1,5,5598,234,20190822,2019082205
2019,8,22,1,6,5599,234,20190822,2019082206
2019,8,22,1,7,5600,234,20190822,2019082207
2019,8,22,1,8,5601,234,20190822,2019082208
2019,8,22,1,9,5602,234,20190822,2019082209
2019,8,22,1,10,5603,234,20190822,2019082210
2019,8,22,1,11,5604,234,20190822,2019082211
2019,8,22,1,12,5605,234,20190822,2019082212
2019,8,22,1,13,5606,234,20190822,2019082213
2019,8,22,1,14,5607,234,20190822,2019082214
2019,8,22,1,15,5608,234,20190822,2019082215
2019,8,22,1,16,5609,234,20190822,2019082216
2019,8,22,1,17,5610,234,20190822,2019082217
2019,8,22,1,18,5611,234,20190822,2019082218
2019,8,22,1,19,5612,234,20190822,2019082219
2019,8,22,1,20,5613,234,20190822,2019082220
2019,8,22,1,21,5614,234,20190822,2019082221
2019,8,22,1,22,5615,234,20190822,2019082222
2019,8,22,1,23,5616,234,20190822,2019082223
2019,8,23,2,0,5617,235,20190823,2019082300
2019,8,23,2,1,5618,235,20190823,2019082301
2019,8,23,2,2,5619,235,20190823,2019082302
2019,8,23,2,3,5620,235,20190823,2019082303
2019,8,23,2,4,5621,235,20190823,2019082304
2019,8,23,2,5,5622,235,20190823,2019082305
2019,8,23,2,6,5623,235,20190823,2019082306
2019,8,23,2,7,5624,235,20190823,2019082307
2019,8,23,2,8,5625,235,20190823,2019082308
2019,8,23,2,9,5626,235,20190823,2019082309
2019,8,23,2,10,5627,235,20190823,2019082310
2019,8,23,2,11,5628,235,20190823,2019082311
2019,8,23,2,12,5629,235,20190823,2019082312
2019,8,23,2,13,5630,235,20190823,2019082313
2019,8,23,2,14,5631,235,20190823,2019082314
2019,8,23,2,15,5632,235,20190823,2019082315
2019,8,23,2,16,5633,235,20190823,2019082316
2019,8,23,2,17,5634,235,20190823,2019082317
2019,8,23,2,18,5635,235,20190823,2019082318
2019,8,23,2,19,5636,235,20190823,2019082319
2019,8,23,2,20,5637,235,20190823,2019082320
2019,8,23,2,21,5638,235,20190823,2019082321
2019,8,23,2,22,5639,235,20190823,2019082322
2019,8,23,2,23,5640,235,20190823,2019082323
2019,8,24,3,0,5641,236,20190824,2019082400
2019,8,24,3,1,5642,236,20190824,2019082401
2019,8,24,3,2,5643,236,20190824,2019082402
2019,8,24,3,3,5644,236,20190824,2019082403
2019,8,24,3,4,5645,236,20190824,2019082404
2019,8,24,3,5,5646,236,20190824,2019082405
2019,8,24,3,6,5647,236,20190824,2019082406
2019,8,24,3,7,5648,236,20190824,2019082407
2019,8,24,3,8,5649,236,20190824,2019082408
2019,8,24,3,9,5650,236,20190824,2019082409
2019,8,24,3,10,5651,236,20190824,2019082410
2019,8,24,3,11,5652,236,20190824,2019082411
2019,8,24,3,12,5653,236,20190824,2019082412
2019,8,24,3,13,5654,236,20190824,2019082413
2019,8,24,3,14,5655,236,20190824,2019082414
2019,8,24,3,15,5656,236,20190824,2019082415
2019,8,24,3,16,5657,236,20190824,2019082416
2019,8,24,3,17,5658,236,20190824,2019082417
2019,8,24,3,18,5659,236,20190824,2019082418
2019,8,24,3,19,5660,236,20190824,2019082419
2019,8,24,3,20,5661,236,20190824,2019082420
2019,8,24,3,21,5662,236,20190824,2019082421
2019,8,24,3,22,5663,236,20190824,2019082422
2019,8,24,3,23,5664,236,20190824,2019082423
2019,8,25,4,0,5665,237,20190825,2019082500
2019,8,25,4,1,5666,237,20190825,2019082501
2019,8,25,4,2,5667,237,20190825,2019082502
2019,8,25,4,3,5668,237,20190825,2019082503
2019,8,25,4,4,5669,237,20190825,2019082504
2019,8,25,4,5,5670,237,20190825,2019082505
2019,8,25,4,6,5671,237,20190825,2019082506
2019,8,25,4,7,5672,237,20190825,2019082507
2019,8,25,4,8,5673,237,20190825,2019082508
2019,8,25,4,9,5674,237,20190825,2019082509
2019,8,25,4,10,5675,237,20190825,2019082510
2019,8,25,4,11,5676,237,20190825,2019082511
2019,8,25,4,12,5677,237,20190825,2019082512
2019,8,25,4,13,5678,237,20190825,2019082513
2019,8,25,4,14,5679,237,20190825,2019082514
2019,8,25,4,15,5680,237,20190825,2019082515
2019,8,25,4,16,5681,237,20190825,2019082516
2019,8,25,4,17,5682,237,20190825,2019082517
2019,8,25,4,18,5683,237,20190825,2019082518
2019,8,25,4,19,5684,237,20190825,2019082519
2019,8,25,4,20,5685,237,20190825,2019082520
2019,8,25,4,21,5686,237,20190825,2019082521
2019,8,25,4,22,5687,237,20190825,2019082522
2019,8,25,4,23,5688,237,20190825,2019082523
2019,8,26,5,0,5689,238,20190826,2019082600
2019,8,26,5,1,5690,238,20190826,2019082601
2019,8,26,5,2,5691,238,20190826,2019082602
2019,8,26,5,3,5692,238,20190826,2019082603
2019,8,26,5,4,5693,238,20190826,2019082604
2019,8,26,5,5,5694,238,20190826,2019082605
2019,8,26,5,6,5695,238,20190826,2019082606
2019,8,26,5,7,5696,238,20190826,2019082607
2019,8,26,5,8,5697,238,20190826,2019082608
2019,8,26,5,9,5698,238,20190826,2019082609
2019,8,26,5,10,5699,238,20190826,2019082610
2019,8,26,5,11,5700,238,20190826,2019082611
2019,8,26,5,12,5701,238,20190826,2019082612
2019,8,26,5,13,5702,238,20190826,2019082613
2019,8,26,5,14,5703,238,20190826,2019082614
2019,8,26,5,15,5704,238,20190826,2019082615
2019,8,26,5,16,5705,238,20190826,2019082616
2019,8,26,5,17,5706,238,20190826,2019082617
2019,8,26,5,18,5707,238,20190826,2019082618
2019,8,26,5,19,5708,238,20190826,2019082619
2019,8,26,5,20,5709,238,20190826,2019082620
2019,8,26,5,21,5710,238,20190826,2019082621
2019,8,26,5,22,5711,238,20190826,2019082622
2019,8,26,5,23,5712,238,20190826,2019082623
2019,8,27,6,0,5713,239,20190827,2019082700
2019,8,27,6,1,5714,239,20190827,2019082701
2019,8,27,6,2,5715,239,20190827,2019082702
2019,8,27,6,3,5716,239,20190827,2019082703
2019,8,27,6,4,5717,239,20190827,2019082704
2019,8,27,6,5,5718,239,20190827,2019082705
2019,8,27,6,6,5719,239,20190827,2019082706
2019,8,27,6,7,5720,239,20190827,2019082707
2019,8,27,6,8,5721,239,20190827,2019082708
2019,8,27,6,9,5722,239,20190827,2019082709
2019,8,27,6,10,5723,239,20190827,2019082710
2019,8,27,6,11,5724,239,20190827,2019082711
2019,8,27,6,12,5725,239,20190827,2019082712
2019,8,27,6,13,5726,239,20190827,2019082713
2019,8,27,6,14,5727,239,20190827,2019082714
2019,8,27,6,15,5728,239,20190827,2019082715
2019,8,27,6,16,5729,239,20190827,2019082716
2019,8,27,6,17,5730,239,20190827,2019082717
2019,8,27,6,18,5731,239,20190827,2019082718
2019,8,27,6,19,5732,239,20190827,2019082719
2019,8,27,6,20,5733,239,20190827,2019082720
2019,8,27,6,21,5734,239,20190827,2019082721
2019,8,27,6,22,5735,239,20190827,2019082722
2019,8,27,6,23,5736,239,20190827,2019082723
2019,8,28,7,0,5737,240,20190828,2019082800
2019,8,28,7,1,5738,240,20190828,2019082801
2019,8,28,7,2,5739,240,20190828,2019082802
2019,8,28,7,3,5740,240,20190828,2019082803
2019,8,28,7,4,5741,240,20190828,2019082804
2019,8,28,7,5,5742,240,20190828,2019082805
2019,8,28,7,6,5743,240,20190828,2019082806
2019,8,28,7,7,5744,240,20190828,2019082807
2019,8,28,7,8,5745,240,20190828,2019082808
2019,8,28,7,9,5746,240,20190828,2019082809
2019,8,28,7,10,5747,240,20190828,2019082810
2019,8,28,7,11,5748,240,20190828,2019082811
2019,8,28,7,12,5749,240,20190828,2019082812
2019,8,28,7,13,5750,240,20190828,2019082813
2019,8,28,7,14,5751,240,20190828,2019082814
2019,8,28,7,15,5752,240,20190828,2019082815
2019,8,28,7,16,5753,240,20190828,2019082816
2019,8,28,7,17,5754,240,20190828,2019082817
2019,8,28,7,18,5755,240,20190828,2019082818
2019,8,28,7,19,5756,240,20190828,2019082819
2019,8,28,7,20,5757,240,20190828,2019082820
2019,8,28,7,21,5758,240,20190828,2019082821
2019,8,28,7,22,5759,240,20190828,2019082822
2019,8,28,7,23,5760,240,20190828,2019082823
2019,8,29,1,0,5761,241,20190829,2019082900
2019,8,29,1,1,5762,241,20190829,2019082901
2019,8,29,1,2,5763,241,20190829,2019082902
2019,8,29,1,3,5764,241,20190829,2019082903
2019,8,29,1,4,5765,241,20190829,2019082904
2019,8,29,1,5,5766,241,20190829,2019082905
2019,8,29,1,6,5767,241,20190829,2019082906
2019,8,29,1,7,5768,241,20190829,2019082907
2019,8,29,1,8,5769,241,20190829,2019082908
2019,8,29,1,9,5770,241,20190829,2019082909
2019,8,29,1,10,5771,241,20190829,2019082910
2019,8,29,1,11,5772,241,20190829,2019082911
2019,8,29,1,12,5773,241,20190829,2019082912
2019,8,29,1,13,5774,241,20190829,2019082913
2019,8,29,1,14,5775,241,20190829,2019082914
2019,8,29,1,15,5776,241,20190829,2019082915
2019,8,29,1,16,5777,241,20190829,2019082916
2019,8,29,1,17,5778,241,20190829,2019082917
2019,8,29,1,18,5779,241,20190829,2019082918
2019,8,29,1,19,5780,241,20190829,2019082919
2019,8,29,1,20,5781,241,20190829,2019082920
2019,8,29,1,21,5782,241,20190829,2019082921
2019,8,29,1,22,5783,241,20190829,2019082922
2019,8,29,1,23,5784,241,20190829,2019082923
2019,8,30,2,0,5785,242,20190830,2019083000
2019,8,30,2,1,5786,242,20190830,2019083001
2019,8,30,2,2,5787,242,20190830,2019083002
2019,8,30,2,3,5788,242,20190830,2019083003
2019,8,30,2,4,5789,242,20190830,2019083004
2019,8,30,2,5,5790,242,20190830,2019083005
2019,8,30,2,6,5791,242,20190830,2019083006
2019,8,30,2,7,5792,242,20190830,2019083007
2019,8,30,2,8,5793,242,20190830,2019083008
2019,8,30,2,9,5794,242,20190830,2019083009
2019,8,30,2,10,5795,242,20190830,2019083010
2019,8,30,2,11,5796,242,20190830,2019083011
2019,8,30,2,12,5797,242,20190830,2019083012
2019,8,30,2,13,5798,242,20190830,2019083013
2019,8,30,2,14,5799,242,20190830,2019083014
2019,8,30,2,15,5800,242,20190830,2019083015
2019,8,30,2,16,5801,242,20190830,2019083016
2019,8,30,2,17,5802,242,20190830,2019083017
2019,8,30,2,18,5803,242,20190830,2019083018
2019,8,30,2,19,5804,242,20190830,2019083019
2019,8,30,2,20,5805,242,20190830,2019083020
2019,8,30,2,21,5806,242,20190830,2019083021
2019,8,30,2,22,5807,242,20190830,2019083022
2019,8,30,2,23,5808,242,20190830,2019083023
2019,8,31,3,0,5809,243,20190831,2019083100
2019,8,31,3,1,5810,243,20190831,2019083101
2019,8,31,3,2,5811,243,20190831,2019083102
2019,8,31,3,3,5812,243,20190831,2019083103
2019,8,31,3,4,5813,243,20190831,2019083104
2019,8,31,3,5,5814,243,20190831,2019083105
2019,8,31,3,6,5815,243,20190831,2019083106
2019,8,31,3,7,5816,243,20190831,2019083107
2019,8,31,3,8,5817,243,20190831,2019083108
2019,8,31,3,9,5818,243,20190831,2019083109
2019,8,31,3,10,5819,243,20190831,2019083110
2019,8,31,3,11,5820,243,20190831,2019083111
2019,8,31,3,12,5821,243,20190831,2019083112
2019,8,31,3,13,5822,243,20190831,2019083113
2019,8,31,3,14,5823,243,20190831,2019083114
2019,8,31,3,15,5824,243,20190831,2019083115
2019,8,31,3,16,5825,243,20190831,2019083116
2019,8,31,3,17,5826,243,20190831,2019083117
2019,8,31,3,18,5827,243,20190831,2019083118
2019,8,31,3,19,5828,243,20190831,2019083119
2019,8,31,3,20,5829,243,20190831,2019083120
2019,8,31,3,21,5830,243,20190831,2019083121
2019,8,31,3,22,5831,243,20190831,2019083122
2019,8,31,3,23,5832,243,20190831,2019083123
2019,9,1,4,0,5833,244,20190901,2019090100
2019,9,1,4,1,5834,244,20190901,2019090101
2019,9,1,4,2,5835,244,20190901,2019090102
2019,9,1,4,3,5836,244,20190901,2019090103
2019,9,1,4,4,5837,244,20190901,2019090104
2019,9,1,4,5,5838,244,20190901,2019090105
2019,9,1,4,6,5839,244,20190901,2019090106
2019,9,1,4,7,5840,244,20190901,2019090107
2019,9,1,4,8,5841,244,20190901,2019090108
2019,9,1,4,9,5842,244,20190901,2019090109
2019,9,1,4,10,5843,244,20190901,2019090110
2019,9,1,4,11,5844,244,20190901,2019090111
2019,9,1,4,12,5845,244,20190901,2019090112
2019,9,1,4,13,5846,244,20190901,2019090113
2019,9,1,4,14,5847,244,20190901,2019090114
2019,9,1,4,15,5848,244,20190901,2019090115
2019,9,1,4,16,5849,244,20190901,2019090116
2019,9,1,4,17,5850,244,20190901,2019090117
2019,9,1,4,18,5851,244,20190901,2019090118
2019,9,1,4,19,5852,244,20190901,2019090119
2019,9,1,4,20,5853,244,20190901,2019090120
2019,9,1,4,21,5854,244,20190901,2019090121
2019,9,1,4,22,5855,244,20190901,2019090122
2019,9,1,4,23,5856,244,20190901,2019090123
2019,9,2,5,0,5857,245,20190902,2019090200
2019,9,2,5,1,5858,245,20190902,2019090201
2019,9,2,5,2,5859,245,20190902,2019090202
2019,9,2,5,3,5860,245,20190902,2019090203
2019,9,2,5,4,5861,245,20190902,2019090204
2019,9,2,5,5,5862,245,20190902,2019090205
2019,9,2,5,6,5863,245,20190902,2019090206
2019,9,2,5,7,5864,245,20190902,2019090207
2019,9,2,5,8,5865,245,20190902,2019090208
2019,9,2,5,9,5866,245,20190902,2019090209
2019,9,2,5,10,5867,245,20190902,2019090210
2019,9,2,5,11,5868,245,20190902,2019090211
2019,9,2,5,12,5869,245,20190902,2019090212
2019,9,2,5,13,5870,245,20190902,2019090213
2019,9,2,5,14,5871,245,20190902,2019090214
2019,9,2,5,15,5872,245,20190902,2019090215
2019,9,2,5,16,5873,245,20190902,2019090216
2019,9,2,5,17,5874,245,20190902,2019090217
2019,9,2,5,18,5875,245,20190902,2019090218
2019,9,2,5,19,5876,245,20190902,2019090219
2019,9,2,5,20,5877,245,20190902,2019090220
2019,9,2,5,21,5878,245,20190902,2019090221
2019,9,2,5,22,5879,245,20190902,2019090222
2019,9,2,5,23,5880,245,20190902,2019090223
2019,9,3,6,0,5881,246,20190903,2019090300
2019,9,3,6,1,5882,246,20190903,2019090301
2019,9,3,6,2,5883,246,20190903,2019090302
2019,9,3,6,3,5884,246,20190903,2019090303
2019,9,3,6,4,5885,246,20190903,2019090304
2019,9,3,6,5,5886,246,20190903,2019090305
2019,9,3,6,6,5887,246,20190903,2019090306
2019,9,3,6,7,5888,246,20190903,2019090307
2019,9,3,6,8,5889,246,20190903,2019090308
2019,9,3,6,9,5890,246,20190903,2019090309
2019,9,3,6,10,5891,246,20190903,2019090310
2019,9,3,6,11,5892,246,20190903,2019090311
2019,9,3,6,12,5893,246,20190903,2019090312
2019,9,3,6,13,5894,246,20190903,2019090313
2019,9,3,6,14,5895,246,20190903,2019090314
2019,9,3,6,15,5896,246,20190903,2019090315
2019,9,3,6,16,5897,246,20190903,2019090316
2019,9,3,6,17,5898,246,20190903,2019090317
2019,9,3,6,18,5899,246,20190903,2019090318
2019,9,3,6,19,5900,246,20190903,2019090319
2019,9,3,6,20,5901,246,20190903,2019090320
2019,9,3,6,21,5902,246,20190903,2019090321
2019,9,3,6,22,5903,246,20190903,2019090322
2019,9,3,6,23,5904,246,20190903,2019090323
2019,9,4,7,0,5905,247,20190904,2019090400
2019,9,4,7,1,5906,247,20190904,2019090401
2019,9,4,7,2,5907,247,20190904,2019090402
2019,9,4,7,3,5908,247,20190904,2019090403
2019,9,4,7,4,5909,247,20190904,2019090404
2019,9,4,7,5,5910,247,20190904,2019090405
2019,9,4,7,6,5911,247,20190904,2019090406
2019,9,4,7,7,5912,247,20190904,2019090407
2019,9,4,7,8,5913,247,20190904,2019090408
2019,9,4,7,9,5914,247,20190904,2019090409
2019,9,4,7,10,5915,247,20190904,2019090410
2019,9,4,7,11,5916,247,20190904,2019090411
2019,9,4,7,12,5917,247,20190904,2019090412
2019,9,4,7,13,5918,247,20190904,2019090413
2019,9,4,7,14,5919,247,20190904,2019090414
2019,9,4,7,15,5920,247,20190904,2019090415
2019,9,4,7,16,5921,247,20190904,2019090416
2019,9,4,7,17,5922,247,20190904,2019090417
2019,9,4,7,18,5923,247,20190904,2019090418
2019,9,4,7,19,5924,247,20190904,2019090419
2019,9,4,7,20,5925,247,20190904,2019090420
2019,9,4,7,21,5926,247,20190904,2019090421
2019,9,4,7,22,5927,247,20190904,2019090422
2019,9,4,7,23,5928,247,20190904,2019090423
2019,9,5,1,0,5929,248,20190905,2019090500
2019,9,5,1,1,5930,248,20190905,2019090501
2019,9,5,1,2,5931,248,20190905,2019090502
2019,9,5,1,3,5932,248,20190905,2019090503
2019,9,5,1,4,5933,248,20190905,2019090504
2019,9,5,1,5,5934,248,20190905,2019090505
2019,9,5,1,6,5935,248,20190905,2019090506
2019,9,5,1,7,5936,248,20190905,2019090507
2019,9,5,1,8,5937,248,20190905,2019090508
2019,9,5,1,9,5938,248,20190905,2019090509
2019,9,5,1,10,5939,248,20190905,2019090510
2019,9,5,1,11,5940,248,20190905,2019090511
2019,9,5,1,12,5941,248,20190905,2019090512
2019,9,5,1,13,5942,248,20190905,2019090513
2019,9,5,1,14,5943,248,20190905,2019090514
2019,9,5,1,15,5944,248,20190905,2019090515
2019,9,5,1,16,5945,248,20190905,2019090516
2019,9,5,1,17,5946,248,20190905,2019090517
2019,9,5,1,18,5947,248,20190905,2019090518
2019,9,5,1,19,5948,248,20190905,2019090519
2019,9,5,1,20,5949,248,20190905,2019090520
2019,9,5,1,21,5950,248,20190905,2019090521
2019,9,5,1,22,5951,248,20190905,2019090522
2019,9,5,1,23,5952,248,20190905,2019090523
2019,9,6,2,0,5953,249,20190906,2019090600
2019,9,6,2,1,5954,249,20190906,2019090601
2019,9,6,2,2,5955,249,20190906,2019090602
2019,9,6,2,3,5956,249,20190906,2019090603
2019,9,6,2,4,5957,249,20190906,2019090604
2019,9,6,2,5,5958,249,20190906,2019090605
2019,9,6,2,6,5959,249,20190906,2019090606
2019,9,6,2,7,5960,249,20190906,2019090607
2019,9,6,2,8,5961,249,20190906,2019090608
2019,9,6,2,9,5962,249,20190906,2019090609
2019,9,6,2,10,5963,249,20190906,2019090610
2019,9,6,2,11,5964,249,20190906,2019090611
2019,9,6,2,12,5965,249,20190906,2019090612
2019,9,6,2,13,5966,249,20190906,2019090613
2019,9,6,2,14,5967,249,20190906,2019090614
2019,9,6,2,15,5968,249,20190906,2019090615
2019,9,6,2,16,5969,249,20190906,2019090616
2019,9,6,2,17,5970,249,20190906,2019090617
2019,9,6,2,18,5971,249,20190906,2019090618
2019,9,6,2,19,5972,249,20190906,2019090619
2019,9,6,2,20,5973,249,20190906,2019090620
2019,9,6,2,21,5974,249,20190906,2019090621
2019,9,6,2,22,5975,249,20190906,2019090622
2019,9,6,2,23,5976,249,20190906,2019090623
2019,9,7,3,0,5977,250,20190907,2019090700
2019,9,7,3,1,5978,250,20190907,2019090701
2019,9,7,3,2,5979,250,20190907,2019090702
2019,9,7,3,3,5980,250,20190907,2019090703
2019,9,7,3,4,5981,250,20190907,2019090704
2019,9,7,3,5,5982,250,20190907,2019090705
2019,9,7,3,6,5983,250,20190907,2019090706
2019,9,7,3,7,5984,250,20190907,2019090707
2019,9,7,3,8,5985,250,20190907,2019090708
2019,9,7,3,9,5986,250,20190907,2019090709
2019,9,7,3,10,5987,250,20190907,2019090710
2019,9,7,3,11,5988,250,20190907,2019090711
2019,9,7,3,12,5989,250,20190907,2019090712
2019,9,7,3,13,5990,250,20190907,2019090713
2019,9,7,3,14,5991,250,20190907,2019090714
2019,9,7,3,15,5992,250,20190907,2019090715
2019,9,7,3,16,5993,250,20190907,2019090716
2019,9,7,3,17,5994,250,20190907,2019090717
2019,9,7,3,18,5995,250,20190907,2019090718
2019,9,7,3,19,5996,250,20190907,2019090719
2019,9,7,3,20,5997,250,20190907,2019090720
2019,9,7,3,21,5998,250,20190907,2019090721
2019,9,7,3,22,5999,250,20190907,2019090722
2019,9,7,3,23,6000,250,20190907,2019090723
2019,9,8,4,0,6001,251,20190908,2019090800
2019,9,8,4,1,6002,251,20190908,2019090801
2019,9,8,4,2,6003,251,20190908,2019090802
2019,9,8,4,3,6004,251,20190908,2019090803
2019,9,8,4,4,6005,251,20190908,2019090804
2019,9,8,4,5,6006,251,20190908,2019090805
2019,9,8,4,6,6007,251,20190908,2019090806
2019,9,8,4,7,6008,251,20190908,2019090807
2019,9,8,4,8,6009,251,20190908,2019090808
2019,9,8,4,9,6010,251,20190908,2019090809
2019,9,8,4,10,6011,251,20190908,2019090810
2019,9,8,4,11,6012,251,20190908,2019090811
2019,9,8,4,12,6013,251,20190908,2019090812
2019,9,8,4,13,6014,251,20190908,2019090813
2019,9,8,4,14,6015,251,20190908,2019090814
2019,9,8,4,15,6016,251,20190908,2019090815
2019,9,8,4,16,6017,251,20190908,2019090816
2019,9,8,4,17,6018,251,20190908,2019090817
2019,9,8,4,18,6019,251,20190908,2019090818
2019,9,8,4,19,6020,251,20190908,2019090819
2019,9,8,4,20,6021,251,20190908,2019090820
2019,9,8,4,21,6022,251,20190908,2019090821
2019,9,8,4,22,6023,251,20190908,2019090822
2019,9,8,4,23,6024,251,20190908,2019090823
2019,9,9,5,0,6025,252,20190909,2019090900
2019,9,9,5,1,6026,252,20190909,2019090901
2019,9,9,5,2,6027,252,20190909,2019090902
2019,9,9,5,3,6028,252,20190909,2019090903
2019,9,9,5,4,6029,252,20190909,2019090904
2019,9,9,5,5,6030,252,20190909,2019090905
2019,9,9,5,6,6031,252,20190909,2019090906
2019,9,9,5,7,6032,252,20190909,2019090907
2019,9,9,5,8,6033,252,20190909,2019090908
2019,9,9,5,9,6034,252,20190909,2019090909
2019,9,9,5,10,6035,252,20190909,2019090910
2019,9,9,5,11,6036,252,20190909,2019090911
2019,9,9,5,12,6037,252,20190909,2019090912
2019,9,9,5,13,6038,252,20190909,2019090913
2019,9,9,5,14,6039,252,20190909,2019090914
2019,9,9,5,15,6040,252,20190909,2019090915
2019,9,9,5,16,6041,252,20190909,2019090916
2019,9,9,5,17,6042,252,20190909,2019090917
2019,9,9,5,18,6043,252,20190909,2019090918
2019,9,9,5,19,6044,252,20190909,2019090919
2019,9,9,5,20,6045,252,20190909,2019090920
2019,9,9,5,21,6046,252,20190909,2019090921
2019,9,9,5,22,6047,252,20190909,2019090922
2019,9,9,5,23,6048,252,20190909,2019090923
2019,9,10,6,0,6049,253,20190910,2019091000
2019,9,10,6,1,6050,253,20190910,2019091001
2019,9,10,6,2,6051,253,20190910,2019091002
2019,9,10,6,3,6052,253,20190910,2019091003
2019,9,10,6,4,6053,253,20190910,2019091004
2019,9,10,6,5,6054,253,20190910,2019091005
2019,9,10,6,6,6055,253,20190910,2019091006
2019,9,10,6,7,6056,253,20190910,2019091007
2019,9,10,6,8,6057,253,20190910,2019091008
2019,9,10,6,9,6058,253,20190910,2019091009
2019,9,10,6,10,6059,253,20190910,2019091010
2019,9,10,6,11,6060,253,20190910,2019091011
2019,9,10,6,12,6061,253,20190910,2019091012
2019,9,10,6,13,6062,253,20190910,2019091013
2019,9,10,6,14,6063,253,20190910,2019091014
2019,9,10,6,15,6064,253,20190910,2019091015
2019,9,10,6,16,6065,253,20190910,2019091016
2019,9,10,6,17,6066,253,20190910,2019091017
2019,9,10,6,18,6067,253,20190910,2019091018
2019,9,10,6,19,6068,253,20190910,2019091019
2019,9,10,6,20,6069,253,20190910,2019091020
2019,9,10,6,21,6070,253,20190910,2019091021
2019,9,10,6,22,6071,253,20190910,2019091022
2019,9,10,6,23,6072,253,20190910,2019091023
2019,9,11,7,0,6073,254,20190911,2019091100
2019,9,11,7,1,6074,254,20190911,2019091101
2019,9,11,7,2,6075,254,20190911,2019091102
2019,9,11,7,3,6076,254,20190911,2019091103
2019,9,11,7,4,6077,254,20190911,2019091104
2019,9,11,7,5,6078,254,20190911,2019091105
2019,9,11,7,6,6079,254,20190911,2019091106
2019,9,11,7,7,6080,254,20190911,2019091107
2019,9,11,7,8,6081,254,20190911,2019091108
2019,9,11,7,9,6082,254,20190911,2019091109
2019,9,11,7,10,6083,254,20190911,2019091110
2019,9,11,7,11,6084,254,20190911,2019091111
2019,9,11,7,12,6085,254,20190911,2019091112
2019,9,11,7,13,6086,254,20190911,2019091113
2019,9,11,7,14,6087,254,20190911,2019091114
2019,9,11,7,15,6088,254,20190911,2019091115
2019,9,11,7,16,6089,254,20190911,2019091116
2019,9,11,7,17,6090,254,20190911,2019091117
2019,9,11,7,18,6091,254,20190911,2019091118
2019,9,11,7,19,6092,254,20190911,2019091119
2019,9,11,7,20,6093,254,20190911,2019091120
2019,9,11,7,21,6094,254,20190911,2019091121
2019,9,11,7,22,6095,254,20190911,2019091122
2019,9,11,7,23,6096,254,20190911,2019091123
2019,9,12,1,0,6097,255,20190912,2019091200
2019,9,12,1,1,6098,255,20190912,2019091201
2019,9,12,1,2,6099,255,20190912,2019091202
2019,9,12,1,3,6100,255,20190912,2019091203
2019,9,12,1,4,6101,255,20190912,2019091204
2019,9,12,1,5,6102,255,20190912,2019091205
2019,9,12,1,6,6103,255,20190912,2019091206
2019,9,12,1,7,6104,255,20190912,2019091207
2019,9,12,1,8,6105,255,20190912,2019091208
2019,9,12,1,9,6106,255,20190912,2019091209
2019,9,12,1,10,6107,255,20190912,2019091210
2019,9,12,1,11,6108,255,20190912,2019091211
2019,9,12,1,12,6109,255,20190912,2019091212
2019,9,12,1,13,6110,255,20190912,2019091213
2019,9,12,1,14,6111,255,20190912,2019091214
2019,9,12,1,15,6112,255,20190912,2019091215
2019,9,12,1,16,6113,255,20190912,2019091216
2019,9,12,1,17,6114,255,20190912,2019091217
2019,9,12,1,18,6115,255,20190912,2019091218
2019,9,12,1,19,6116,255,20190912,2019091219
2019,9,12,1,20,6117,255,20190912,2019091220
2019,9,12,1,21,6118,255,20190912,2019091221
2019,9,12,1,22,6119,255,20190912,2019091222
2019,9,12,1,23,6120,255,20190912,2019091223
2019,9,13,2,0,6121,256,20190913,2019091300
2019,9,13,2,1,6122,256,20190913,2019091301
2019,9,13,2,2,6123,256,20190913,2019091302
2019,9,13,2,3,6124,256,20190913,2019091303
2019,9,13,2,4,6125,256,20190913,2019091304
2019,9,13,2,5,6126,256,20190913,2019091305
2019,9,13,2,6,6127,256,20190913,2019091306
2019,9,13,2,7,6128,256,20190913,2019091307
2019,9,13,2,8,6129,256,20190913,2019091308
2019,9,13,2,9,6130,256,20190913,2019091309
2019,9,13,2,10,6131,256,20190913,2019091310
2019,9,13,2,11,6132,256,20190913,2019091311
2019,9,13,2,12,6133,256,20190913,2019091312
2019,9,13,2,13,6134,256,20190913,2019091313
2019,9,13,2,14,6135,256,20190913,2019091314
2019,9,13,2,15,6136,256,20190913,2019091315
2019,9,13,2,16,6137,256,20190913,2019091316
2019,9,13,2,17,6138,256,20190913,2019091317
2019,9,13,2,18,6139,256,20190913,2019091318
2019,9,13,2,19,6140,256,20190913,2019091319
2019,9,13,2,20,6141,256,20190913,2019091320
2019,9,13,2,21,6142,256,20190913,2019091321
2019,9,13,2,22,6143,256,20190913,2019091322
2019,9,13,2,23,6144,256,20190913,2019091323
2019,9,14,3,0,6145,257,20190914,2019091400
2019,9,14,3,1,6146,257,20190914,2019091401
2019,9,14,3,2,6147,257,20190914,2019091402
2019,9,14,3,3,6148,257,20190914,2019091403
2019,9,14,3,4,6149,257,20190914,2019091404
2019,9,14,3,5,6150,257,20190914,2019091405
2019,9,14,3,6,6151,257,20190914,2019091406
2019,9,14,3,7,6152,257,20190914,2019091407
2019,9,14,3,8,6153,257,20190914,2019091408
2019,9,14,3,9,6154,257,20190914,2019091409
2019,9,14,3,10,6155,257,20190914,2019091410
2019,9,14,3,11,6156,257,20190914,2019091411
2019,9,14,3,12,6157,257,20190914,2019091412
2019,9,14,3,13,6158,257,20190914,2019091413
2019,9,14,3,14,6159,257,20190914,2019091414
2019,9,14,3,15,6160,257,20190914,2019091415
2019,9,14,3,16,6161,257,20190914,2019091416
2019,9,14,3,17,6162,257,20190914,2019091417
2019,9,14,3,18,6163,257,20190914,2019091418
2019,9,14,3,19,6164,257,20190914,2019091419
2019,9,14,3,20,6165,257,20190914,2019091420
2019,9,14,3,21,6166,257,20190914,2019091421
2019,9,14,3,22,6167,257,20190914,2019091422
2019,9,14,3,23,6168,257,20190914,2019091423
2019,9,15,4,0,6169,258,20190915,2019091500
2019,9,15,4,1,6170,258,20190915,2019091501
2019,9,15,4,2,6171,258,20190915,2019091502
2019,9,15,4,3,6172,258,20190915,2019091503
2019,9,15,4,4,6173,258,20190915,2019091504
2019,9,15,4,5,6174,258,20190915,2019091505
2019,9,15,4,6,6175,258,20190915,2019091506
2019,9,15,4,7,6176,258,20190915,2019091507
2019,9,15,4,8,6177,258,20190915,2019091508
2019,9,15,4,9,6178,258,20190915,2019091509
2019,9,15,4,10,6179,258,20190915,2019091510
2019,9,15,4,11,6180,258,20190915,2019091511
2019,9,15,4,12,6181,258,20190915,2019091512
2019,9,15,4,13,6182,258,20190915,2019091513
2019,9,15,4,14,6183,258,20190915,2019091514
2019,9,15,4,15,6184,258,20190915,2019091515
2019,9,15,4,16,6185,258,20190915,2019091516
2019,9,15,4,17,6186,258,20190915,2019091517
2019,9,15,4,18,6187,258,20190915,2019091518
2019,9,15,4,19,6188,258,20190915,2019091519
2019,9,15,4,20,6189,258,20190915,2019091520
2019,9,15,4,21,6190,258,20190915,2019091521
2019,9,15,4,22,6191,258,20190915,2019091522
2019,9,15,4,23,6192,258,20190915,2019091523
2019,9,16,5,0,6193,259,20190916,2019091600
2019,9,16,5,1,6194,259,20190916,2019091601
2019,9,16,5,2,6195,259,20190916,2019091602
2019,9,16,5,3,6196,259,20190916,2019091603
2019,9,16,5,4,6197,259,20190916,2019091604
2019,9,16,5,5,6198,259,20190916,2019091605
2019,9,16,5,6,6199,259,20190916,2019091606
2019,9,16,5,7,6200,259,20190916,2019091607
2019,9,16,5,8,6201,259,20190916,2019091608
2019,9,16,5,9,6202,259,20190916,2019091609
2019,9,16,5,10,6203,259,20190916,2019091610
2019,9,16,5,11,6204,259,20190916,2019091611
2019,9,16,5,12,6205,259,20190916,2019091612
2019,9,16,5,13,6206,259,20190916,2019091613
2019,9,16,5,14,6207,259,20190916,2019091614
2019,9,16,5,15,6208,259,20190916,2019091615
2019,9,16,5,16,6209,259,20190916,2019091616
2019,9,16,5,17,6210,259,20190916,2019091617
2019,9,16,5,18,6211,259,20190916,2019091618
2019,9,16,5,19,6212,259,20190916,2019091619
2019,9,16,5,20,6213,259,20190916,2019091620
2019,9,16,5,21,6214,259,20190916,2019091621
2019,9,16,5,22,6215,259,20190916,2019091622
2019,9,16,5,23,6216,259,20190916,2019091623
2019,9,17,6,0,6217,260,20190917,2019091700
2019,9,17,6,1,6218,260,20190917,2019091701
2019,9,17,6,2,6219,260,20190917,2019091702
2019,9,17,6,3,6220,260,20190917,2019091703
2019,9,17,6,4,6221,260,20190917,2019091704
2019,9,17,6,5,6222,260,20190917,2019091705
2019,9,17,6,6,6223,260,20190917,2019091706
2019,9,17,6,7,6224,260,20190917,2019091707
2019,9,17,6,8,6225,260,20190917,2019091708
2019,9,17,6,9,6226,260,20190917,2019091709
2019,9,17,6,10,6227,260,20190917,2019091710
2019,9,17,6,11,6228,260,20190917,2019091711
2019,9,17,6,12,6229,260,20190917,2019091712
2019,9,17,6,13,6230,260,20190917,2019091713
2019,9,17,6,14,6231,260,20190917,2019091714
2019,9,17,6,15,6232,260,20190917,2019091715
2019,9,17,6,16,6233,260,20190917,2019091716
2019,9,17,6,17,6234,260,20190917,2019091717
2019,9,17,6,18,6235,260,20190917,2019091718
2019,9,17,6,19,6236,260,20190917,2019091719
2019,9,17,6,20,6237,260,20190917,2019091720
2019,9,17,6,21,6238,260,20190917,2019091721
2019,9,17,6,22,6239,260,20190917,2019091722
2019,9,17,6,23,6240,260,20190917,2019091723
2019,9,18,7,0,6241,261,20190918,2019091800
2019,9,18,7,1,6242,261,20190918,2019091801
2019,9,18,7,2,6243,261,20190918,2019091802
2019,9,18,7,3,6244,261,20190918,2019091803
2019,9,18,7,4,6245,261,20190918,2019091804
2019,9,18,7,5,6246,261,20190918,2019091805
2019,9,18,7,6,6247,261,20190918,2019091806
2019,9,18,7,7,6248,261,20190918,2019091807
2019,9,18,7,8,6249,261,20190918,2019091808
2019,9,18,7,9,6250,261,20190918,2019091809
2019,9,18,7,10,6251,261,20190918,2019091810
2019,9,18,7,11,6252,261,20190918,2019091811
2019,9,18,7,12,6253,261,20190918,2019091812
2019,9,18,7,13,6254,261,20190918,2019091813
2019,9,18,7,14,6255,261,20190918,2019091814
2019,9,18,7,15,6256,261,20190918,2019091815
2019,9,18,7,16,6257,261,20190918,2019091816
2019,9,18,7,17,6258,261,20190918,2019091817
2019,9,18,7,18,6259,261,20190918,2019091818
2019,9,18,7,19,6260,261,20190918,2019091819
2019,9,18,7,20,6261,261,20190918,2019091820
2019,9,18,7,21,6262,261,20190918,2019091821
2019,9,18,7,22,6263,261,20190918,2019091822
2019,9,18,7,23,6264,261,20190918,2019091823
2019,9,19,1,0,6265,262,20190919,2019091900
2019,9,19,1,1,6266,262,20190919,2019091901
2019,9,19,1,2,6267,262,20190919,2019091902
2019,9,19,1,3,6268,262,20190919,2019091903
2019,9,19,1,4,6269,262,20190919,2019091904
2019,9,19,1,5,6270,262,20190919,2019091905
2019,9,19,1,6,6271,262,20190919,2019091906
2019,9,19,1,7,6272,262,20190919,2019091907
2019,9,19,1,8,6273,262,20190919,2019091908
2019,9,19,1,9,6274,262,20190919,2019091909
2019,9,19,1,10,6275,262,20190919,2019091910
2019,9,19,1,11,6276,262,20190919,2019091911
2019,9,19,1,12,6277,262,20190919,2019091912
2019,9,19,1,13,6278,262,20190919,2019091913
2019,9,19,1,14,6279,262,20190919,2019091914
2019,9,19,1,15,6280,262,20190919,2019091915
2019,9,19,1,16,6281,262,20190919,2019091916
2019,9,19,1,17,6282,262,20190919,2019091917
2019,9,19,1,18,6283,262,20190919,2019091918
2019,9,19,1,19,6284,262,20190919,2019091919
2019,9,19,1,20,6285,262,20190919,2019091920
2019,9,19,1,21,6286,262,20190919,2019091921
2019,9,19,1,22,6287,262,20190919,2019091922
2019,9,19,1,23,6288,262,20190919,2019091923
2019,9,20,2,0,6289,263,20190920,2019092000
2019,9,20,2,1,6290,263,20190920,2019092001
2019,9,20,2,2,6291,263,20190920,2019092002
2019,9,20,2,3,6292,263,20190920,2019092003
2019,9,20,2,4,6293,263,20190920,2019092004
2019,9,20,2,5,6294,263,20190920,2019092005
2019,9,20,2,6,6295,263,20190920,2019092006
2019,9,20,2,7,6296,263,20190920,2019092007
2019,9,20,2,8,6297,263,20190920,2019092008
2019,9,20,2,9,6298,263,20190920,2019092009
2019,9,20,2,10,6299,263,20190920,2019092010
2019,9,20,2,11,6300,263,20190920,2019092011
2019,9,20,2,12,6301,263,20190920,2019092012
2019,9,20,2,13,6302,263,20190920,2019092013
2019,9,20,2,14,6303,263,20190920,2019092014
2019,9,20,2,15,6304,263,20190920,2019092015
2019,9,20,2,16,6305,263,20190920,2019092016
2019,9,20,2,17,6306,263,20190920,2019092017
2019,9,20,2,18,6307,263,20190920,2019092018
2019,9,20,2,19,6308,263,20190920,2019092019
2019,9,20,2,20,6309,263,20190920,2019092020
2019,9,20,2,21,6310,263,20190920,2019092021
2019,9,20,2,22,6311,263,20190920,2019092022
2019,9,20,2,23,6312,263,20190920,2019092023
2019,9,21,3,0,6313,264,20190921,2019092100
2019,9,21,3,1,6314,264,20190921,2019092101
2019,9,21,3,2,6315,264,20190921,2019092102
2019,9,21,3,3,6316,264,20190921,2019092103
2019,9,21,3,4,6317,264,20190921,2019092104
2019,9,21,3,5,6318,264,20190921,2019092105
2019,9,21,3,6,6319,264,20190921,2019092106
2019,9,21,3,7,6320,264,20190921,2019092107
2019,9,21,3,8,6321,264,20190921,2019092108
2019,9,21,3,9,6322,264,20190921,2019092109
2019,9,21,3,10,6323,264,20190921,2019092110
2019,9,21,3,11,6324,264,20190921,2019092111
2019,9,21,3,12,6325,264,20190921,2019092112
2019,9,21,3,13,6326,264,20190921,2019092113
2019,9,21,3,14,6327,264,20190921,2019092114
2019,9,21,3,15,6328,264,20190921,2019092115
2019,9,21,3,16,6329,264,20190921,2019092116
2019,9,21,3,17,6330,264,20190921,2019092117
2019,9,21,3,18,6331,264,20190921,2019092118
2019,9,21,3,19,6332,264,20190921,2019092119
2019,9,21,3,20,6333,264,20190921,2019092120
2019,9,21,3,21,6334,264,20190921,2019092121
2019,9,21,3,22,6335,264,20190921,2019092122
2019,9,21,3,23,6336,264,20190921,2019092123
2019,9,22,4,0,6337,265,20190922,2019092200
2019,9,22,4,1,6338,265,20190922,2019092201
2019,9,22,4,2,6339,265,20190922,2019092202
2019,9,22,4,3,6340,265,20190922,2019092203
2019,9,22,4,4,6341,265,20190922,2019092204
2019,9,22,4,5,6342,265,20190922,2019092205
2019,9,22,4,6,6343,265,20190922,2019092206
2019,9,22,4,7,6344,265,20190922,2019092207
2019,9,22,4,8,6345,265,20190922,2019092208
2019,9,22,4,9,6346,265,20190922,2019092209
2019,9,22,4,10,6347,265,20190922,2019092210
2019,9,22,4,11,6348,265,20190922,2019092211
2019,9,22,4,12,6349,265,20190922,2019092212
2019,9,22,4,13,6350,265,20190922,2019092213
2019,9,22,4,14,6351,265,20190922,2019092214
2019,9,22,4,15,6352,265,20190922,2019092215
2019,9,22,4,16,6353,265,20190922,2019092216
2019,9,22,4,17,6354,265,20190922,2019092217
2019,9,22,4,18,6355,265,20190922,2019092218
2019,9,22,4,19,6356,265,20190922,2019092219
2019,9,22,4,20,6357,265,20190922,2019092220
2019,9,22,4,21,6358,265,20190922,2019092221
2019,9,22,4,22,6359,265,20190922,2019092222
2019,9,22,4,23,6360,265,20190922,2019092223
2019,9,23,5,0,6361,266,20190923,2019092300
2019,9,23,5,1,6362,266,20190923,2019092301
2019,9,23,5,2,6363,266,20190923,2019092302
2019,9,23,5,3,6364,266,20190923,2019092303
2019,9,23,5,4,6365,266,20190923,2019092304
2019,9,23,5,5,6366,266,20190923,2019092305
2019,9,23,5,6,6367,266,20190923,2019092306
2019,9,23,5,7,6368,266,20190923,2019092307
2019,9,23,5,8,6369,266,20190923,2019092308
2019,9,23,5,9,6370,266,20190923,2019092309
2019,9,23,5,10,6371,266,20190923,2019092310
2019,9,23,5,11,6372,266,20190923,2019092311
2019,9,23,5,12,6373,266,20190923,2019092312
2019,9,23,5,13,6374,266,20190923,2019092313
2019,9,23,5,14,6375,266,20190923,2019092314
2019,9,23,5,15,6376,266,20190923,2019092315
2019,9,23,5,16,6377,266,20190923,2019092316
2019,9,23,5,17,6378,266,20190923,2019092317
2019,9,23,5,18,6379,266,20190923,2019092318
2019,9,23,5,19,6380,266,20190923,2019092319
2019,9,23,5,20,6381,266,20190923,2019092320
2019,9,23,5,21,6382,266,20190923,2019092321
2019,9,23,5,22,6383,266,20190923,2019092322
2019,9,23,5,23,6384,266,20190923,2019092323
2019,9,24,6,0,6385,267,20190924,2019092400
2019,9,24,6,1,6386,267,20190924,2019092401
2019,9,24,6,2,6387,267,20190924,2019092402
2019,9,24,6,3,6388,267,20190924,2019092403
2019,9,24,6,4,6389,267,20190924,2019092404
2019,9,24,6,5,6390,267,20190924,2019092405
2019,9,24,6,6,6391,267,20190924,2019092406
2019,9,24,6,7,6392,267,20190924,2019092407
2019,9,24,6,8,6393,267,20190924,2019092408
2019,9,24,6,9,6394,267,20190924,2019092409
2019,9,24,6,10,6395,267,20190924,2019092410
2019,9,24,6,11,6396,267,20190924,2019092411
2019,9,24,6,12,6397,267,20190924,2019092412
2019,9,24,6,13,6398,267,20190924,2019092413
2019,9,24,6,14,6399,267,20190924,2019092414
2019,9,24,6,15,6400,267,20190924,2019092415
2019,9,24,6,16,6401,267,20190924,2019092416
2019,9,24,6,17,6402,267,20190924,2019092417
2019,9,24,6,18,6403,267,20190924,2019092418
2019,9,24,6,19,6404,267,20190924,2019092419
2019,9,24,6,20,6405,267,20190924,2019092420
2019,9,24,6,21,6406,267,20190924,2019092421
2019,9,24,6,22,6407,267,20190924,2019092422
2019,9,24,6,23,6408,267,20190924,2019092423
2019,9,25,7,0,6409,268,20190925,2019092500
2019,9,25,7,1,6410,268,20190925,2019092501
2019,9,25,7,2,6411,268,20190925,2019092502
2019,9,25,7,3,6412,268,20190925,2019092503
2019,9,25,7,4,6413,268,20190925,2019092504
2019,9,25,7,5,6414,268,20190925,2019092505
2019,9,25,7,6,6415,268,20190925,2019092506
2019,9,25,7,7,6416,268,20190925,2019092507
2019,9,25,7,8,6417,268,20190925,2019092508
2019,9,25,7,9,6418,268,20190925,2019092509
2019,9,25,7,10,6419,268,20190925,2019092510
2019,9,25,7,11,6420,268,20190925,2019092511
2019,9,25,7,12,6421,268,20190925,2019092512
2019,9,25,7,13,6422,268,20190925,2019092513
2019,9,25,7,14,6423,268,20190925,2019092514
2019,9,25,7,15,6424,268,20190925,2019092515
2019,9,25,7,16,6425,268,20190925,2019092516
2019,9,25,7,17,6426,268,20190925,2019092517
2019,9,25,7,18,6427,268,20190925,2019092518
2019,9,25,7,19,6428,268,20190925,2019092519
2019,9,25,7,20,6429,268,20190925,2019092520
2019,9,25,7,21,6430,268,20190925,2019092521
2019,9,25,7,22,6431,268,20190925,2019092522
2019,9,25,7,23,6432,268,20190925,2019092523
2019,9,26,1,0,6433,269,20190926,2019092600
2019,9,26,1,1,6434,269,20190926,2019092601
2019,9,26,1,2,6435,269,20190926,2019092602
2019,9,26,1,3,6436,269,20190926,2019092603
2019,9,26,1,4,6437,269,20190926,2019092604
2019,9,26,1,5,6438,269,20190926,2019092605
2019,9,26,1,6,6439,269,20190926,2019092606
2019,9,26,1,7,6440,269,20190926,2019092607
2019,9,26,1,8,6441,269,20190926,2019092608
2019,9,26,1,9,6442,269,20190926,2019092609
2019,9,26,1,10,6443,269,20190926,2019092610
2019,9,26,1,11,6444,269,20190926,2019092611
2019,9,26,1,12,6445,269,20190926,2019092612
2019,9,26,1,13,6446,269,20190926,2019092613
2019,9,26,1,14,6447,269,20190926,2019092614
2019,9,26,1,15,6448,269,20190926,2019092615
2019,9,26,1,16,6449,269,20190926,2019092616
2019,9,26,1,17,6450,269,20190926,2019092617
2019,9,26,1,18,6451,269,20190926,2019092618
2019,9,26,1,19,6452,269,20190926,2019092619
2019,9,26,1,20,6453,269,20190926,2019092620
2019,9,26,1,21,6454,269,20190926,2019092621
2019,9,26,1,22,6455,269,20190926,2019092622
2019,9,26,1,23,6456,269,20190926,2019092623
2019,9,27,2,0,6457,270,20190927,2019092700
2019,9,27,2,1,6458,270,20190927,2019092701
2019,9,27,2,2,6459,270,20190927,2019092702
2019,9,27,2,3,6460,270,20190927,2019092703
2019,9,27,2,4,6461,270,20190927,2019092704
2019,9,27,2,5,6462,270,20190927,2019092705
2019,9,27,2,6,6463,270,20190927,2019092706
2019,9,27,2,7,6464,270,20190927,2019092707
2019,9,27,2,8,6465,270,20190927,2019092708
2019,9,27,2,9,6466,270,20190927,2019092709
2019,9,27,2,10,6467,270,20190927,2019092710
2019,9,27,2,11,6468,270,20190927,2019092711
2019,9,27,2,12,6469,270,20190927,2019092712
2019,9,27,2,13,6470,270,20190927,2019092713
2019,9,27,2,14,6471,270,20190927,2019092714
2019,9,27,2,15,6472,270,20190927,2019092715
2019,9,27,2,16,6473,270,20190927,2019092716
2019,9,27,2,17,6474,270,20190927,2019092717
2019,9,27,2,18,6475,270,20190927,2019092718
2019,9,27,2,19,6476,270,20190927,2019092719
2019,9,27,2,20,6477,270,20190927,2019092720
2019,9,27,2,21,6478,270,20190927,2019092721
2019,9,27,2,22,6479,270,20190927,2019092722
2019,9,27,2,23,6480,270,20190927,2019092723
2019,9,28,3,0,6481,271,20190928,2019092800
2019,9,28,3,1,6482,271,20190928,2019092801
2019,9,28,3,2,6483,271,20190928,2019092802
2019,9,28,3,3,6484,271,20190928,2019092803
2019,9,28,3,4,6485,271,20190928,2019092804
2019,9,28,3,5,6486,271,20190928,2019092805
2019,9,28,3,6,6487,271,20190928,2019092806
2019,9,28,3,7,6488,271,20190928,2019092807
2019,9,28,3,8,6489,271,20190928,2019092808
2019,9,28,3,9,6490,271,20190928,2019092809
2019,9,28,3,10,6491,271,20190928,2019092810
2019,9,28,3,11,6492,271,20190928,2019092811
2019,9,28,3,12,6493,271,20190928,2019092812
2019,9,28,3,13,6494,271,20190928,2019092813
2019,9,28,3,14,6495,271,20190928,2019092814
2019,9,28,3,15,6496,271,20190928,2019092815
2019,9,28,3,16,6497,271,20190928,2019092816
2019,9,28,3,17,6498,271,20190928,2019092817
2019,9,28,3,18,6499,271,20190928,2019092818
2019,9,28,3,19,6500,271,20190928,2019092819
2019,9,28,3,20,6501,271,20190928,2019092820
2019,9,28,3,21,6502,271,20190928,2019092821
2019,9,28,3,22,6503,271,20190928,2019092822
2019,9,28,3,23,6504,271,20190928,2019092823
2019,9,29,4,0,6505,272,20190929,2019092900
2019,9,29,4,1,6506,272,20190929,2019092901
2019,9,29,4,2,6507,272,20190929,2019092902
2019,9,29,4,3,6508,272,20190929,2019092903
2019,9,29,4,4,6509,272,20190929,2019092904
2019,9,29,4,5,6510,272,20190929,2019092905
2019,9,29,4,6,6511,272,20190929,2019092906
2019,9,29,4,7,6512,272,20190929,2019092907
2019,9,29,4,8,6513,272,20190929,2019092908
2019,9,29,4,9,6514,272,20190929,2019092909
2019,9,29,4,10,6515,272,20190929,2019092910
2019,9,29,4,11,6516,272,20190929,2019092911
2019,9,29,4,12,6517,272,20190929,2019092912
2019,9,29,4,13,6518,272,20190929,2019092913
2019,9,29,4,14,6519,272,20190929,2019092914
2019,9,29,4,15,6520,272,20190929,2019092915
2019,9,29,4,16,6521,272,20190929,2019092916
2019,9,29,4,17,6522,272,20190929,2019092917
2019,9,29,4,18,6523,272,20190929,2019092918
2019,9,29,4,19,6524,272,20190929,2019092919
2019,9,29,4,20,6525,272,20190929,2019092920
2019,9,29,4,21,6526,272,20190929,2019092921
2019,9,29,4,22,6527,272,20190929,2019092922
2019,9,29,4,23,6528,272,20190929,2019092923
2019,9,30,5,0,6529,273,20190930,2019093000
2019,9,30,5,1,6530,273,20190930,2019093001
2019,9,30,5,2,6531,273,20190930,2019093002
2019,9,30,5,3,6532,273,20190930,2019093003
2019,9,30,5,4,6533,273,20190930,2019093004
2019,9,30,5,5,6534,273,20190930,2019093005
2019,9,30,5,6,6535,273,20190930,2019093006
2019,9,30,5,7,6536,273,20190930,2019093007
2019,9,30,5,8,6537,273,20190930,2019093008
2019,9,30,5,9,6538,273,20190930,2019093009
2019,9,30,5,10,6539,273,20190930,2019093010
2019,9,30,5,11,6540,273,20190930,2019093011
2019,9,30,5,12,6541,273,20190930,2019093012
2019,9,30,5,13,6542,273,20190930,2019093013
2019,9,30,5,14,6543,273,20190930,2019093014
2019,9,30,5,15,6544,273,20190930,2019093015
2019,9,30,5,16,6545,273,20190930,2019093016
2019,9,30,5,17,6546,273,20190930,2019093017
2019,9,30,5,18,6547,273,20190930,2019093018
2019,9,30,5,19,6548,273,20190930,2019093019
2019,9,30,5,20,6549,273,20190930,2019093020
2019,9,30,5,21,6550,273,20190930,2019093021
2019,9,30,5,22,6551,273,20190930,2019093022
2019,9,30,5,23,6552,273,20190930,2019093023
2019,10,1,6,0,6553,274,20191001,2019100100
2019,10,1,6,1,6554,274,20191001,2019100101
2019,10,1,6,2,6555,274,20191001,2019100102
2019,10,1,6,3,6556,274,20191001,2019100103
2019,10,1,6,4,6557,274,20191001,2019100104
2019,10,1,6,5,6558,274,20191001,2019100105
2019,10,1,6,6,6559,274,20191001,2019100106
2019,10,1,6,7,6560,274,20191001,2019100107
2019,10,1,6,8,6561,274,20191001,2019100108
2019,10,1,6,9,6562,274,20191001,2019100109
2019,10,1,6,10,6563,274,20191001,2019100110
2019,10,1,6,11,6564,274,20191001,2019100111
2019,10,1,6,12,6565,274,20191001,2019100112
2019,10,1,6,13,6566,274,20191001,2019100113
2019,10,1,6,14,6567,274,20191001,2019100114
2019,10,1,6,15,6568,274,20191001,2019100115
2019,10,1,6,16,6569,274,20191001,2019100116
2019,10,1,6,17,6570,274,20191001,2019100117
2019,10,1,6,18,6571,274,20191001,2019100118
2019,10,1,6,19,6572,274,20191001,2019100119
2019,10,1,6,20,6573,274,20191001,2019100120
2019,10,1,6,21,6574,274,20191001,2019100121
2019,10,1,6,22,6575,274,20191001,2019100122
2019,10,1,6,23,6576,274,20191001,2019100123
2019,10,2,7,0,6577,275,20191002,2019100200
2019,10,2,7,1,6578,275,20191002,2019100201
2019,10,2,7,2,6579,275,20191002,2019100202
2019,10,2,7,3,6580,275,20191002,2019100203
2019,10,2,7,4,6581,275,20191002,2019100204
2019,10,2,7,5,6582,275,20191002,2019100205
2019,10,2,7,6,6583,275,20191002,2019100206
2019,10,2,7,7,6584,275,20191002,2019100207
2019,10,2,7,8,6585,275,20191002,2019100208
2019,10,2,7,9,6586,275,20191002,2019100209
2019,10,2,7,10,6587,275,20191002,2019100210
2019,10,2,7,11,6588,275,20191002,2019100211
2019,10,2,7,12,6589,275,20191002,2019100212
2019,10,2,7,13,6590,275,20191002,2019100213
2019,10,2,7,14,6591,275,20191002,2019100214
2019,10,2,7,15,6592,275,20191002,2019100215
2019,10,2,7,16,6593,275,20191002,2019100216
2019,10,2,7,17,6594,275,20191002,2019100217
2019,10,2,7,18,6595,275,20191002,2019100218
2019,10,2,7,19,6596,275,20191002,2019100219
2019,10,2,7,20,6597,275,20191002,2019100220
2019,10,2,7,21,6598,275,20191002,2019100221
2019,10,2,7,22,6599,275,20191002,2019100222
2019,10,2,7,23,6600,275,20191002,2019100223
2019,10,3,1,0,6601,276,20191003,2019100300
2019,10,3,1,1,6602,276,20191003,2019100301
2019,10,3,1,2,6603,276,20191003,2019100302
2019,10,3,1,3,6604,276,20191003,2019100303
2019,10,3,1,4,6605,276,20191003,2019100304
2019,10,3,1,5,6606,276,20191003,2019100305
2019,10,3,1,6,6607,276,20191003,2019100306
2019,10,3,1,7,6608,276,20191003,2019100307
2019,10,3,1,8,6609,276,20191003,2019100308
2019,10,3,1,9,6610,276,20191003,2019100309
2019,10,3,1,10,6611,276,20191003,2019100310
2019,10,3,1,11,6612,276,20191003,2019100311
2019,10,3,1,12,6613,276,20191003,2019100312
2019,10,3,1,13,6614,276,20191003,2019100313
2019,10,3,1,14,6615,276,20191003,2019100314
2019,10,3,1,15,6616,276,20191003,2019100315
2019,10,3,1,16,6617,276,20191003,2019100316
2019,10,3,1,17,6618,276,20191003,2019100317
2019,10,3,1,18,6619,276,20191003,2019100318
2019,10,3,1,19,6620,276,20191003,2019100319
2019,10,3,1,20,6621,276,20191003,2019100320
2019,10,3,1,21,6622,276,20191003,2019100321
2019,10,3,1,22,6623,276,20191003,2019100322
2019,10,3,1,23,6624,276,20191003,2019100323
2019,10,4,2,0,6625,277,20191004,2019100400
2019,10,4,2,1,6626,277,20191004,2019100401
2019,10,4,2,2,6627,277,20191004,2019100402
2019,10,4,2,3,6628,277,20191004,2019100403
2019,10,4,2,4,6629,277,20191004,2019100404
2019,10,4,2,5,6630,277,20191004,2019100405
2019,10,4,2,6,6631,277,20191004,2019100406
2019,10,4,2,7,6632,277,20191004,2019100407
2019,10,4,2,8,6633,277,20191004,2019100408
2019,10,4,2,9,6634,277,20191004,2019100409
2019,10,4,2,10,6635,277,20191004,2019100410
2019,10,4,2,11,6636,277,20191004,2019100411
2019,10,4,2,12,6637,277,20191004,2019100412
2019,10,4,2,13,6638,277,20191004,2019100413
2019,10,4,2,14,6639,277,20191004,2019100414
2019,10,4,2,15,6640,277,20191004,2019100415
2019,10,4,2,16,6641,277,20191004,2019100416
2019,10,4,2,17,6642,277,20191004,2019100417
2019,10,4,2,18,6643,277,20191004,2019100418
2019,10,4,2,19,6644,277,20191004,2019100419
2019,10,4,2,20,6645,277,20191004,2019100420
2019,10,4,2,21,6646,277,20191004,2019100421
2019,10,4,2,22,6647,277,20191004,2019100422
2019,10,4,2,23,6648,277,20191004,2019100423
2019,10,5,3,0,6649,278,20191005,2019100500
2019,10,5,3,1,6650,278,20191005,2019100501
2019,10,5,3,2,6651,278,20191005,2019100502
2019,10,5,3,3,6652,278,20191005,2019100503
2019,10,5,3,4,6653,278,20191005,2019100504
2019,10,5,3,5,6654,278,20191005,2019100505
2019,10,5,3,6,6655,278,20191005,2019100506
2019,10,5,3,7,6656,278,20191005,2019100507
2019,10,5,3,8,6657,278,20191005,2019100508
2019,10,5,3,9,6658,278,20191005,2019100509
2019,10,5,3,10,6659,278,20191005,2019100510
2019,10,5,3,11,6660,278,20191005,2019100511
2019,10,5,3,12,6661,278,20191005,2019100512
2019,10,5,3,13,6662,278,20191005,2019100513
2019,10,5,3,14,6663,278,20191005,2019100514
2019,10,5,3,15,6664,278,20191005,2019100515
2019,10,5,3,16,6665,278,20191005,2019100516
2019,10,5,3,17,6666,278,20191005,2019100517
2019,10,5,3,18,6667,278,20191005,2019100518
2019,10,5,3,19,6668,278,20191005,2019100519
2019,10,5,3,20,6669,278,20191005,2019100520
2019,10,5,3,21,6670,278,20191005,2019100521
2019,10,5,3,22,6671,278,20191005,2019100522
2019,10,5,3,23,6672,278,20191005,2019100523
2019,10,6,4,0,6673,279,20191006,2019100600
2019,10,6,4,1,6674,279,20191006,2019100601
2019,10,6,4,2,6675,279,20191006,2019100602
2019,10,6,4,3,6676,279,20191006,2019100603
2019,10,6,4,4,6677,279,20191006,2019100604
2019,10,6,4,5,6678,279,20191006,2019100605
2019,10,6,4,6,6679,279,20191006,2019100606
2019,10,6,4,7,6680,279,20191006,2019100607
2019,10,6,4,8,6681,279,20191006,2019100608
2019,10,6,4,9,6682,279,20191006,2019100609
2019,10,6,4,10,6683,279,20191006,2019100610
2019,10,6,4,11,6684,279,20191006,2019100611
2019,10,6,4,12,6685,279,20191006,2019100612
2019,10,6,4,13,6686,279,20191006,2019100613
2019,10,6,4,14,6687,279,20191006,2019100614
2019,10,6,4,15,6688,279,20191006,2019100615
2019,10,6,4,16,6689,279,20191006,2019100616
2019,10,6,4,17,6690,279,20191006,2019100617
2019,10,6,4,18,6691,279,20191006,2019100618
2019,10,6,4,19,6692,279,20191006,2019100619
2019,10,6,4,20,6693,279,20191006,2019100620
2019,10,6,4,21,6694,279,20191006,2019100621
2019,10,6,4,22,6695,279,20191006,2019100622
2019,10,6,4,23,6696,279,20191006,2019100623
2019,10,7,5,0,6697,280,20191007,2019100700
2019,10,7,5,1,6698,280,20191007,2019100701
2019,10,7,5,2,6699,280,20191007,2019100702
2019,10,7,5,3,6700,280,20191007,2019100703
2019,10,7,5,4,6701,280,20191007,2019100704
2019,10,7,5,5,6702,280,20191007,2019100705
2019,10,7,5,6,6703,280,20191007,2019100706
2019,10,7,5,7,6704,280,20191007,2019100707
2019,10,7,5,8,6705,280,20191007,2019100708
2019,10,7,5,9,6706,280,20191007,2019100709
2019,10,7,5,10,6707,280,20191007,2019100710
2019,10,7,5,11,6708,280,20191007,2019100711
2019,10,7,5,12,6709,280,20191007,2019100712
2019,10,7,5,13,6710,280,20191007,2019100713
2019,10,7,5,14,6711,280,20191007,2019100714
2019,10,7,5,15,6712,280,20191007,2019100715
2019,10,7,5,16,6713,280,20191007,2019100716
2019,10,7,5,17,6714,280,20191007,2019100717
2019,10,7,5,18,6715,280,20191007,2019100718
2019,10,7,5,19,6716,280,20191007,2019100719
2019,10,7,5,20,6717,280,20191007,2019100720
2019,10,7,5,21,6718,280,20191007,2019100721
2019,10,7,5,22,6719,280,20191007,2019100722
2019,10,7,5,23,6720,280,20191007,2019100723
2019,10,8,6,0,6721,281,20191008,2019100800
2019,10,8,6,1,6722,281,20191008,2019100801
2019,10,8,6,2,6723,281,20191008,2019100802
2019,10,8,6,3,6724,281,20191008,2019100803
2019,10,8,6,4,6725,281,20191008,2019100804
2019,10,8,6,5,6726,281,20191008,2019100805
2019,10,8,6,6,6727,281,20191008,2019100806
2019,10,8,6,7,6728,281,20191008,2019100807
2019,10,8,6,8,6729,281,20191008,2019100808
2019,10,8,6,9,6730,281,20191008,2019100809
2019,10,8,6,10,6731,281,20191008,2019100810
2019,10,8,6,11,6732,281,20191008,2019100811
2019,10,8,6,12,6733,281,20191008,2019100812
2019,10,8,6,13,6734,281,20191008,2019100813
2019,10,8,6,14,6735,281,20191008,2019100814
2019,10,8,6,15,6736,281,20191008,2019100815
2019,10,8,6,16,6737,281,20191008,2019100816
2019,10,8,6,17,6738,281,20191008,2019100817
2019,10,8,6,18,6739,281,20191008,2019100818
2019,10,8,6,19,6740,281,20191008,2019100819
2019,10,8,6,20,6741,281,20191008,2019100820
2019,10,8,6,21,6742,281,20191008,2019100821
2019,10,8,6,22,6743,281,20191008,2019100822
2019,10,8,6,23,6744,281,20191008,2019100823
2019,10,9,7,0,6745,282,20191009,2019100900
2019,10,9,7,1,6746,282,20191009,2019100901
2019,10,9,7,2,6747,282,20191009,2019100902
2019,10,9,7,3,6748,282,20191009,2019100903
2019,10,9,7,4,6749,282,20191009,2019100904
2019,10,9,7,5,6750,282,20191009,2019100905
2019,10,9,7,6,6751,282,20191009,2019100906
2019,10,9,7,7,6752,282,20191009,2019100907
2019,10,9,7,8,6753,282,20191009,2019100908
2019,10,9,7,9,6754,282,20191009,2019100909
2019,10,9,7,10,6755,282,20191009,2019100910
2019,10,9,7,11,6756,282,20191009,2019100911
2019,10,9,7,12,6757,282,20191009,2019100912
2019,10,9,7,13,6758,282,20191009,2019100913
2019,10,9,7,14,6759,282,20191009,2019100914
2019,10,9,7,15,6760,282,20191009,2019100915
2019,10,9,7,16,6761,282,20191009,2019100916
2019,10,9,7,17,6762,282,20191009,2019100917
2019,10,9,7,18,6763,282,20191009,2019100918
2019,10,9,7,19,6764,282,20191009,2019100919
2019,10,9,7,20,6765,282,20191009,2019100920
2019,10,9,7,21,6766,282,20191009,2019100921
2019,10,9,7,22,6767,282,20191009,2019100922
2019,10,9,7,23,6768,282,20191009,2019100923
2019,10,10,1,0,6769,283,20191010,2019101000
2019,10,10,1,1,6770,283,20191010,2019101001
2019,10,10,1,2,6771,283,20191010,2019101002
2019,10,10,1,3,6772,283,20191010,2019101003
2019,10,10,1,4,6773,283,20191010,2019101004
2019,10,10,1,5,6774,283,20191010,2019101005
2019,10,10,1,6,6775,283,20191010,2019101006
2019,10,10,1,7,6776,283,20191010,2019101007
2019,10,10,1,8,6777,283,20191010,2019101008
2019,10,10,1,9,6778,283,20191010,2019101009
2019,10,10,1,10,6779,283,20191010,2019101010
2019,10,10,1,11,6780,283,20191010,2019101011
2019,10,10,1,12,6781,283,20191010,2019101012
2019,10,10,1,13,6782,283,20191010,2019101013
2019,10,10,1,14,6783,283,20191010,2019101014
2019,10,10,1,15,6784,283,20191010,2019101015
2019,10,10,1,16,6785,283,20191010,2019101016
2019,10,10,1,17,6786,283,20191010,2019101017
2019,10,10,1,18,6787,283,20191010,2019101018
2019,10,10,1,19,6788,283,20191010,2019101019
2019,10,10,1,20,6789,283,20191010,2019101020
2019,10,10,1,21,6790,283,20191010,2019101021
2019,10,10,1,22,6791,283,20191010,2019101022
2019,10,10,1,23,6792,283,20191010,2019101023
2019,10,11,2,0,6793,284,20191011,2019101100
2019,10,11,2,1,6794,284,20191011,2019101101
2019,10,11,2,2,6795,284,20191011,2019101102
2019,10,11,2,3,6796,284,20191011,2019101103
2019,10,11,2,4,6797,284,20191011,2019101104
2019,10,11,2,5,6798,284,20191011,2019101105
2019,10,11,2,6,6799,284,20191011,2019101106
2019,10,11,2,7,6800,284,20191011,2019101107
2019,10,11,2,8,6801,284,20191011,2019101108
2019,10,11,2,9,6802,284,20191011,2019101109
2019,10,11,2,10,6803,284,20191011,2019101110
2019,10,11,2,11,6804,284,20191011,2019101111
2019,10,11,2,12,6805,284,20191011,2019101112
2019,10,11,2,13,6806,284,20191011,2019101113
2019,10,11,2,14,6807,284,20191011,2019101114
2019,10,11,2,15,6808,284,20191011,2019101115
2019,10,11,2,16,6809,284,20191011,2019101116
2019,10,11,2,17,6810,284,20191011,2019101117
2019,10,11,2,18,6811,284,20191011,2019101118
2019,10,11,2,19,6812,284,20191011,2019101119
2019,10,11,2,20,6813,284,20191011,2019101120
2019,10,11,2,21,6814,284,20191011,2019101121
2019,10,11,2,22,6815,284,20191011,2019101122
2019,10,11,2,23,6816,284,20191011,2019101123
2019,10,12,3,0,6817,285,20191012,2019101200
2019,10,12,3,1,6818,285,20191012,2019101201
2019,10,12,3,2,6819,285,20191012,2019101202
2019,10,12,3,3,6820,285,20191012,2019101203
2019,10,12,3,4,6821,285,20191012,2019101204
2019,10,12,3,5,6822,285,20191012,2019101205
2019,10,12,3,6,6823,285,20191012,2019101206
2019,10,12,3,7,6824,285,20191012,2019101207
2019,10,12,3,8,6825,285,20191012,2019101208
2019,10,12,3,9,6826,285,20191012,2019101209
2019,10,12,3,10,6827,285,20191012,2019101210
2019,10,12,3,11,6828,285,20191012,2019101211
2019,10,12,3,12,6829,285,20191012,2019101212
2019,10,12,3,13,6830,285,20191012,2019101213
2019,10,12,3,14,6831,285,20191012,2019101214
2019,10,12,3,15,6832,285,20191012,2019101215
2019,10,12,3,16,6833,285,20191012,2019101216
2019,10,12,3,17,6834,285,20191012,2019101217
2019,10,12,3,18,6835,285,20191012,2019101218
2019,10,12,3,19,6836,285,20191012,2019101219
2019,10,12,3,20,6837,285,20191012,2019101220
2019,10,12,3,21,6838,285,20191012,2019101221
2019,10,12,3,22,6839,285,20191012,2019101222
2019,10,12,3,23,6840,285,20191012,2019101223
2019,10,13,4,0,6841,286,20191013,2019101300
2019,10,13,4,1,6842,286,20191013,2019101301
2019,10,13,4,2,6843,286,20191013,2019101302
2019,10,13,4,3,6844,286,20191013,2019101303
2019,10,13,4,4,6845,286,20191013,2019101304
2019,10,13,4,5,6846,286,20191013,2019101305
2019,10,13,4,6,6847,286,20191013,2019101306
2019,10,13,4,7,6848,286,20191013,2019101307
2019,10,13,4,8,6849,286,20191013,2019101308
2019,10,13,4,9,6850,286,20191013,2019101309
2019,10,13,4,10,6851,286,20191013,2019101310
2019,10,13,4,11,6852,286,20191013,2019101311
2019,10,13,4,12,6853,286,20191013,2019101312
2019,10,13,4,13,6854,286,20191013,2019101313
2019,10,13,4,14,6855,286,20191013,2019101314
2019,10,13,4,15,6856,286,20191013,2019101315
2019,10,13,4,16,6857,286,20191013,2019101316
2019,10,13,4,17,6858,286,20191013,2019101317
2019,10,13,4,18,6859,286,20191013,2019101318
2019,10,13,4,19,6860,286,20191013,2019101319
2019,10,13,4,20,6861,286,20191013,2019101320
2019,10,13,4,21,6862,286,20191013,2019101321
2019,10,13,4,22,6863,286,20191013,2019101322
2019,10,13,4,23,6864,286,20191013,2019101323
2019,10,14,5,0,6865,287,20191014,2019101400
2019,10,14,5,1,6866,287,20191014,2019101401
2019,10,14,5,2,6867,287,20191014,2019101402
2019,10,14,5,3,6868,287,20191014,2019101403
2019,10,14,5,4,6869,287,20191014,2019101404
2019,10,14,5,5,6870,287,20191014,2019101405
2019,10,14,5,6,6871,287,20191014,2019101406
2019,10,14,5,7,6872,287,20191014,2019101407
2019,10,14,5,8,6873,287,20191014,2019101408
2019,10,14,5,9,6874,287,20191014,2019101409
2019,10,14,5,10,6875,287,20191014,2019101410
2019,10,14,5,11,6876,287,20191014,2019101411
2019,10,14,5,12,6877,287,20191014,2019101412
2019,10,14,5,13,6878,287,20191014,2019101413
2019,10,14,5,14,6879,287,20191014,2019101414
2019,10,14,5,15,6880,287,20191014,2019101415
2019,10,14,5,16,6881,287,20191014,2019101416
2019,10,14,5,17,6882,287,20191014,2019101417
2019,10,14,5,18,6883,287,20191014,2019101418
2019,10,14,5,19,6884,287,20191014,2019101419
2019,10,14,5,20,6885,287,20191014,2019101420
2019,10,14,5,21,6886,287,20191014,2019101421
2019,10,14,5,22,6887,287,20191014,2019101422
2019,10,14,5,23,6888,287,20191014,2019101423
2019,10,15,6,0,6889,288,20191015,2019101500
2019,10,15,6,1,6890,288,20191015,2019101501
2019,10,15,6,2,6891,288,20191015,2019101502
2019,10,15,6,3,6892,288,20191015,2019101503
2019,10,15,6,4,6893,288,20191015,2019101504
2019,10,15,6,5,6894,288,20191015,2019101505
2019,10,15,6,6,6895,288,20191015,2019101506
2019,10,15,6,7,6896,288,20191015,2019101507
2019,10,15,6,8,6897,288,20191015,2019101508
2019,10,15,6,9,6898,288,20191015,2019101509
2019,10,15,6,10,6899,288,20191015,2019101510
2019,10,15,6,11,6900,288,20191015,2019101511
2019,10,15,6,12,6901,288,20191015,2019101512
2019,10,15,6,13,6902,288,20191015,2019101513
2019,10,15,6,14,6903,288,20191015,2019101514
2019,10,15,6,15,6904,288,20191015,2019101515
2019,10,15,6,16,6905,288,20191015,2019101516
2019,10,15,6,17,6906,288,20191015,2019101517
2019,10,15,6,18,6907,288,20191015,2019101518
2019,10,15,6,19,6908,288,20191015,2019101519
2019,10,15,6,20,6909,288,20191015,2019101520
2019,10,15,6,21,6910,288,20191015,2019101521
2019,10,15,6,22,6911,288,20191015,2019101522
2019,10,15,6,23,6912,288,20191015,2019101523
2019,10,16,7,0,6913,289,20191016,2019101600
2019,10,16,7,1,6914,289,20191016,2019101601
2019,10,16,7,2,6915,289,20191016,2019101602
2019,10,16,7,3,6916,289,20191016,2019101603
2019,10,16,7,4,6917,289,20191016,2019101604
2019,10,16,7,5,6918,289,20191016,2019101605
2019,10,16,7,6,6919,289,20191016,2019101606
2019,10,16,7,7,6920,289,20191016,2019101607
2019,10,16,7,8,6921,289,20191016,2019101608
2019,10,16,7,9,6922,289,20191016,2019101609
2019,10,16,7,10,6923,289,20191016,2019101610
2019,10,16,7,11,6924,289,20191016,2019101611
2019,10,16,7,12,6925,289,20191016,2019101612
2019,10,16,7,13,6926,289,20191016,2019101613
2019,10,16,7,14,6927,289,20191016,2019101614
2019,10,16,7,15,6928,289,20191016,2019101615
2019,10,16,7,16,6929,289,20191016,2019101616
2019,10,16,7,17,6930,289,20191016,2019101617
2019,10,16,7,18,6931,289,20191016,2019101618
2019,10,16,7,19,6932,289,20191016,2019101619
2019,10,16,7,20,6933,289,20191016,2019101620
2019,10,16,7,21,6934,289,20191016,2019101621
2019,10,16,7,22,6935,289,20191016,2019101622
2019,10,16,7,23,6936,289,20191016,2019101623
2019,10,17,1,0,6937,290,20191017,2019101700
2019,10,17,1,1,6938,290,20191017,2019101701
2019,10,17,1,2,6939,290,20191017,2019101702
2019,10,17,1,3,6940,290,20191017,2019101703
2019,10,17,1,4,6941,290,20191017,2019101704
2019,10,17,1,5,6942,290,20191017,2019101705
2019,10,17,1,6,6943,290,20191017,2019101706
2019,10,17,1,7,6944,290,20191017,2019101707
2019,10,17,1,8,6945,290,20191017,2019101708
2019,10,17,1,9,6946,290,20191017,2019101709
2019,10,17,1,10,6947,290,20191017,2019101710
2019,10,17,1,11,6948,290,20191017,2019101711
2019,10,17,1,12,6949,290,20191017,2019101712
2019,10,17,1,13,6950,290,20191017,2019101713
2019,10,17,1,14,6951,290,20191017,2019101714
2019,10,17,1,15,6952,290,20191017,2019101715
2019,10,17,1,16,6953,290,20191017,2019101716
2019,10,17,1,17,6954,290,20191017,2019101717
2019,10,17,1,18,6955,290,20191017,2019101718
2019,10,17,1,19,6956,290,20191017,2019101719
2019,10,17,1,20,6957,290,20191017,2019101720
2019,10,17,1,21,6958,290,20191017,2019101721
2019,10,17,1,22,6959,290,20191017,2019101722
2019,10,17,1,23,6960,290,20191017,2019101723
2019,10,18,2,0,6961,291,20191018,2019101800
2019,10,18,2,1,6962,291,20191018,2019101801
2019,10,18,2,2,6963,291,20191018,2019101802
2019,10,18,2,3,6964,291,20191018,2019101803
2019,10,18,2,4,6965,291,20191018,2019101804
2019,10,18,2,5,6966,291,20191018,2019101805
2019,10,18,2,6,6967,291,20191018,2019101806
2019,10,18,2,7,6968,291,20191018,2019101807
2019,10,18,2,8,6969,291,20191018,2019101808
2019,10,18,2,9,6970,291,20191018,2019101809
2019,10,18,2,10,6971,291,20191018,2019101810
2019,10,18,2,11,6972,291,20191018,2019101811
2019,10,18,2,12,6973,291,20191018,2019101812
2019,10,18,2,13,6974,291,20191018,2019101813
2019,10,18,2,14,6975,291,20191018,2019101814
2019,10,18,2,15,6976,291,20191018,2019101815
2019,10,18,2,16,6977,291,20191018,2019101816
2019,10,18,2,17,6978,291,20191018,2019101817
2019,10,18,2,18,6979,291,20191018,2019101818
2019,10,18,2,19,6980,291,20191018,2019101819
2019,10,18,2,20,6981,291,20191018,2019101820
2019,10,18,2,21,6982,291,20191018,2019101821
2019,10,18,2,22,6983,291,20191018,2019101822
2019,10,18,2,23,6984,291,20191018,2019101823
2019,10,19,3,0,6985,292,20191019,2019101900
2019,10,19,3,1,6986,292,20191019,2019101901
2019,10,19,3,2,6987,292,20191019,2019101902
2019,10,19,3,3,6988,292,20191019,2019101903
2019,10,19,3,4,6989,292,20191019,2019101904
2019,10,19,3,5,6990,292,20191019,2019101905
2019,10,19,3,6,6991,292,20191019,2019101906
2019,10,19,3,7,6992,292,20191019,2019101907
2019,10,19,3,8,6993,292,20191019,2019101908
2019,10,19,3,9,6994,292,20191019,2019101909
2019,10,19,3,10,6995,292,20191019,2019101910
2019,10,19,3,11,6996,292,20191019,2019101911
2019,10,19,3,12,6997,292,20191019,2019101912
2019,10,19,3,13,6998,292,20191019,2019101913
2019,10,19,3,14,6999,292,20191019,2019101914
2019,10,19,3,15,7000,292,20191019,2019101915
2019,10,19,3,16,7001,292,20191019,2019101916
2019,10,19,3,17,7002,292,20191019,2019101917
2019,10,19,3,18,7003,292,20191019,2019101918
2019,10,19,3,19,7004,292,20191019,2019101919
2019,10,19,3,20,7005,292,20191019,2019101920
2019,10,19,3,21,7006,292,20191019,2019101921
2019,10,19,3,22,7007,292,20191019,2019101922
2019,10,19,3,23,7008,292,20191019,2019101923
2019,10,20,4,0,7009,293,20191020,2019102000
2019,10,20,4,1,7010,293,20191020,2019102001
2019,10,20,4,2,7011,293,20191020,2019102002
2019,10,20,4,3,7012,293,20191020,2019102003
2019,10,20,4,4,7013,293,20191020,2019102004
2019,10,20,4,5,7014,293,20191020,2019102005
2019,10,20,4,6,7015,293,20191020,2019102006
2019,10,20,4,7,7016,293,20191020,2019102007
2019,10,20,4,8,7017,293,20191020,2019102008
2019,10,20,4,9,7018,293,20191020,2019102009
2019,10,20,4,10,7019,293,20191020,2019102010
2019,10,20,4,11,7020,293,20191020,2019102011
2019,10,20,4,12,7021,293,20191020,2019102012
2019,10,20,4,13,7022,293,20191020,2019102013
2019,10,20,4,14,7023,293,20191020,2019102014
2019,10,20,4,15,7024,293,20191020,2019102015
2019,10,20,4,16,7025,293,20191020,2019102016
2019,10,20,4,17,7026,293,20191020,2019102017
2019,10,20,4,18,7027,293,20191020,2019102018
2019,10,20,4,19,7028,293,20191020,2019102019
2019,10,20,4,20,7029,293,20191020,2019102020
2019,10,20,4,21,7030,293,20191020,2019102021
2019,10,20,4,22,7031,293,20191020,2019102022
2019,10,20,4,23,7032,293,20191020,2019102023
2019,10,21,5,0,7033,294,20191021,2019102100
2019,10,21,5,1,7034,294,20191021,2019102101
2019,10,21,5,2,7035,294,20191021,2019102102
2019,10,21,5,3,7036,294,20191021,2019102103
2019,10,21,5,4,7037,294,20191021,2019102104
2019,10,21,5,5,7038,294,20191021,2019102105
2019,10,21,5,6,7039,294,20191021,2019102106
2019,10,21,5,7,7040,294,20191021,2019102107
2019,10,21,5,8,7041,294,20191021,2019102108
2019,10,21,5,9,7042,294,20191021,2019102109
2019,10,21,5,10,7043,294,20191021,2019102110
2019,10,21,5,11,7044,294,20191021,2019102111
2019,10,21,5,12,7045,294,20191021,2019102112
2019,10,21,5,13,7046,294,20191021,2019102113
2019,10,21,5,14,7047,294,20191021,2019102114
2019,10,21,5,15,7048,294,20191021,2019102115
2019,10,21,5,16,7049,294,20191021,2019102116
2019,10,21,5,17,7050,294,20191021,2019102117
2019,10,21,5,18,7051,294,20191021,2019102118
2019,10,21,5,19,7052,294,20191021,2019102119
2019,10,21,5,20,7053,294,20191021,2019102120
2019,10,21,5,21,7054,294,20191021,2019102121
2019,10,21,5,22,7055,294,20191021,2019102122
2019,10,21,5,23,7056,294,20191021,2019102123
2019,10,22,6,0,7057,295,20191022,2019102200
2019,10,22,6,1,7058,295,20191022,2019102201
2019,10,22,6,2,7059,295,20191022,2019102202
2019,10,22,6,3,7060,295,20191022,2019102203
2019,10,22,6,4,7061,295,20191022,2019102204
2019,10,22,6,5,7062,295,20191022,2019102205
2019,10,22,6,6,7063,295,20191022,2019102206
2019,10,22,6,7,7064,295,20191022,2019102207
2019,10,22,6,8,7065,295,20191022,2019102208
2019,10,22,6,9,7066,295,20191022,2019102209
2019,10,22,6,10,7067,295,20191022,2019102210
2019,10,22,6,11,7068,295,20191022,2019102211
2019,10,22,6,12,7069,295,20191022,2019102212
2019,10,22,6,13,7070,295,20191022,2019102213
2019,10,22,6,14,7071,295,20191022,2019102214
2019,10,22,6,15,7072,295,20191022,2019102215
2019,10,22,6,16,7073,295,20191022,2019102216
2019,10,22,6,17,7074,295,20191022,2019102217
2019,10,22,6,18,7075,295,20191022,2019102218
2019,10,22,6,19,7076,295,20191022,2019102219
2019,10,22,6,20,7077,295,20191022,2019102220
2019,10,22,6,21,7078,295,20191022,2019102221
2019,10,22,6,22,7079,295,20191022,2019102222
2019,10,22,6,23,7080,295,20191022,2019102223
2019,10,23,7,0,7081,296,20191023,2019102300
2019,10,23,7,1,7082,296,20191023,2019102301
2019,10,23,7,2,7083,296,20191023,2019102302
2019,10,23,7,3,7084,296,20191023,2019102303
2019,10,23,7,4,7085,296,20191023,2019102304
2019,10,23,7,5,7086,296,20191023,2019102305
2019,10,23,7,6,7087,296,20191023,2019102306
2019,10,23,7,7,7088,296,20191023,2019102307
2019,10,23,7,8,7089,296,20191023,2019102308
2019,10,23,7,9,7090,296,20191023,2019102309
2019,10,23,7,10,7091,296,20191023,2019102310
2019,10,23,7,11,7092,296,20191023,2019102311
2019,10,23,7,12,7093,296,20191023,2019102312
2019,10,23,7,13,7094,296,20191023,2019102313
2019,10,23,7,14,7095,296,20191023,2019102314
2019,10,23,7,15,7096,296,20191023,2019102315
2019,10,23,7,16,7097,296,20191023,2019102316
2019,10,23,7,17,7098,296,20191023,2019102317
2019,10,23,7,18,7099,296,20191023,2019102318
2019,10,23,7,19,7100,296,20191023,2019102319
2019,10,23,7,20,7101,296,20191023,2019102320
2019,10,23,7,21,7102,296,20191023,2019102321
2019,10,23,7,22,7103,296,20191023,2019102322
2019,10,23,7,23,7104,296,20191023,2019102323
2019,10,24,1,0,7105,297,20191024,2019102400
2019,10,24,1,1,7106,297,20191024,2019102401
2019,10,24,1,2,7107,297,20191024,2019102402
2019,10,24,1,3,7108,297,20191024,2019102403
2019,10,24,1,4,7109,297,20191024,2019102404
2019,10,24,1,5,7110,297,20191024,2019102405
2019,10,24,1,6,7111,297,20191024,2019102406
2019,10,24,1,7,7112,297,20191024,2019102407
2019,10,24,1,8,7113,297,20191024,2019102408
2019,10,24,1,9,7114,297,20191024,2019102409
2019,10,24,1,10,7115,297,20191024,2019102410
2019,10,24,1,11,7116,297,20191024,2019102411
2019,10,24,1,12,7117,297,20191024,2019102412
2019,10,24,1,13,7118,297,20191024,2019102413
2019,10,24,1,14,7119,297,20191024,2019102414
2019,10,24,1,15,7120,297,20191024,2019102415
2019,10,24,1,16,7121,297,20191024,2019102416
2019,10,24,1,17,7122,297,20191024,2019102417
2019,10,24,1,18,7123,297,20191024,2019102418
2019,10,24,1,19,7124,297,20191024,2019102419
2019,10,24,1,20,7125,297,20191024,2019102420
2019,10,24,1,21,7126,297,20191024,2019102421
2019,10,24,1,22,7127,297,20191024,2019102422
2019,10,24,1,23,7128,297,20191024,2019102423
2019,10,25,2,0,7129,298,20191025,2019102500
2019,10,25,2,1,7130,298,20191025,2019102501
2019,10,25,2,2,7131,298,20191025,2019102502
2019,10,25,2,3,7132,298,20191025,2019102503
2019,10,25,2,4,7133,298,20191025,2019102504
2019,10,25,2,5,7134,298,20191025,2019102505
2019,10,25,2,6,7135,298,20191025,2019102506
2019,10,25,2,7,7136,298,20191025,2019102507
2019,10,25,2,8,7137,298,20191025,2019102508
2019,10,25,2,9,7138,298,20191025,2019102509
2019,10,25,2,10,7139,298,20191025,2019102510
2019,10,25,2,11,7140,298,20191025,2019102511
2019,10,25,2,12,7141,298,20191025,2019102512
2019,10,25,2,13,7142,298,20191025,2019102513
2019,10,25,2,14,7143,298,20191025,2019102514
2019,10,25,2,15,7144,298,20191025,2019102515
2019,10,25,2,16,7145,298,20191025,2019102516
2019,10,25,2,17,7146,298,20191025,2019102517
2019,10,25,2,18,7147,298,20191025,2019102518
2019,10,25,2,19,7148,298,20191025,2019102519
2019,10,25,2,20,7149,298,20191025,2019102520
2019,10,25,2,21,7150,298,20191025,2019102521
2019,10,25,2,22,7151,298,20191025,2019102522
2019,10,25,2,23,7152,298,20191025,2019102523
2019,10,26,3,0,7153,299,20191026,2019102600
2019,10,26,3,1,7154,299,20191026,2019102601
2019,10,26,3,2,7155,299,20191026,2019102602
2019,10,26,3,3,7156,299,20191026,2019102603
2019,10,26,3,4,7157,299,20191026,2019102604
2019,10,26,3,5,7158,299,20191026,2019102605
2019,10,26,3,6,7159,299,20191026,2019102606
2019,10,26,3,7,7160,299,20191026,2019102607
2019,10,26,3,8,7161,299,20191026,2019102608
2019,10,26,3,9,7162,299,20191026,2019102609
2019,10,26,3,10,7163,299,20191026,2019102610
2019,10,26,3,11,7164,299,20191026,2019102611
2019,10,26,3,12,7165,299,20191026,2019102612
2019,10,26,3,13,7166,299,20191026,2019102613
2019,10,26,3,14,7167,299,20191026,2019102614
2019,10,26,3,15,7168,299,20191026,2019102615
2019,10,26,3,16,7169,299,20191026,2019102616
2019,10,26,3,17,7170,299,20191026,2019102617
2019,10,26,3,18,7171,299,20191026,2019102618
2019,10,26,3,19,7172,299,20191026,2019102619
2019,10,26,3,20,7173,299,20191026,2019102620
2019,10,26,3,21,7174,299,20191026,2019102621
2019,10,26,3,22,7175,299,20191026,2019102622
2019,10,26,3,23,7176,299,20191026,2019102623
2019,10,27,4,0,7177,300,20191027,2019102700
2019,10,27,4,1,7178,300,20191027,2019102701
2019,10,27,4,2,7179,300,20191027,2019102702
2019,10,27,4,3,7180,300,20191027,2019102703
2019,10,27,4,4,7181,300,20191027,2019102704
2019,10,27,4,5,7182,300,20191027,2019102705
2019,10,27,4,6,7183,300,20191027,2019102706
2019,10,27,4,7,7184,300,20191027,2019102707
2019,10,27,4,8,7185,300,20191027,2019102708
2019,10,27,4,9,7186,300,20191027,2019102709
2019,10,27,4,10,7187,300,20191027,2019102710
2019,10,27,4,11,7188,300,20191027,2019102711
2019,10,27,4,12,7189,300,20191027,2019102712
2019,10,27,4,13,7190,300,20191027,2019102713
2019,10,27,4,14,7191,300,20191027,2019102714
2019,10,27,4,15,7192,300,20191027,2019102715
2019,10,27,4,16,7193,300,20191027,2019102716
2019,10,27,4,17,7194,300,20191027,2019102717
2019,10,27,4,18,7195,300,20191027,2019102718
2019,10,27,4,19,7196,300,20191027,2019102719
2019,10,27,4,20,7197,300,20191027,2019102720
2019,10,27,4,21,7198,300,20191027,2019102721
2019,10,27,4,22,7199,300,20191027,2019102722
2019,10,27,4,23,7200,300,20191027,2019102723
2019,10,28,5,0,7201,301,20191028,2019102800
2019,10,28,5,1,7202,301,20191028,2019102801
2019,10,28,5,2,7203,301,20191028,2019102802
2019,10,28,5,3,7204,301,20191028,2019102803
2019,10,28,5,4,7205,301,20191028,2019102804
2019,10,28,5,5,7206,301,20191028,2019102805
2019,10,28,5,6,7207,301,20191028,2019102806
2019,10,28,5,7,7208,301,20191028,2019102807
2019,10,28,5,8,7209,301,20191028,2019102808
2019,10,28,5,9,7210,301,20191028,2019102809
2019,10,28,5,10,7211,301,20191028,2019102810
2019,10,28,5,11,7212,301,20191028,2019102811
2019,10,28,5,12,7213,301,20191028,2019102812
2019,10,28,5,13,7214,301,20191028,2019102813
2019,10,28,5,14,7215,301,20191028,2019102814
2019,10,28,5,15,7216,301,20191028,2019102815
2019,10,28,5,16,7217,301,20191028,2019102816
2019,10,28,5,17,7218,301,20191028,2019102817
2019,10,28,5,18,7219,301,20191028,2019102818
2019,10,28,5,19,7220,301,20191028,2019102819
2019,10,28,5,20,7221,301,20191028,2019102820
2019,10,28,5,21,7222,301,20191028,2019102821
2019,10,28,5,22,7223,301,20191028,2019102822
2019,10,28,5,23,7224,301,20191028,2019102823
2019,10,29,6,0,7225,302,20191029,2019102900
2019,10,29,6,1,7226,302,20191029,2019102901
2019,10,29,6,2,7227,302,20191029,2019102902
2019,10,29,6,3,7228,302,20191029,2019102903
2019,10,29,6,4,7229,302,20191029,2019102904
2019,10,29,6,5,7230,302,20191029,2019102905
2019,10,29,6,6,7231,302,20191029,2019102906
2019,10,29,6,7,7232,302,20191029,2019102907
2019,10,29,6,8,7233,302,20191029,2019102908
2019,10,29,6,9,7234,302,20191029,2019102909
2019,10,29,6,10,7235,302,20191029,2019102910
2019,10,29,6,11,7236,302,20191029,2019102911
2019,10,29,6,12,7237,302,20191029,2019102912
2019,10,29,6,13,7238,302,20191029,2019102913
2019,10,29,6,14,7239,302,20191029,2019102914
2019,10,29,6,15,7240,302,20191029,2019102915
2019,10,29,6,16,7241,302,20191029,2019102916
2019,10,29,6,17,7242,302,20191029,2019102917
2019,10,29,6,18,7243,302,20191029,2019102918
2019,10,29,6,19,7244,302,20191029,2019102919
2019,10,29,6,20,7245,302,20191029,2019102920
2019,10,29,6,21,7246,302,20191029,2019102921
2019,10,29,6,22,7247,302,20191029,2019102922
2019,10,29,6,23,7248,302,20191029,2019102923
2019,10,30,7,0,7249,303,20191030,2019103000
2019,10,30,7,1,7250,303,20191030,2019103001
2019,10,30,7,2,7251,303,20191030,2019103002
2019,10,30,7,3,7252,303,20191030,2019103003
2019,10,30,7,4,7253,303,20191030,2019103004
2019,10,30,7,5,7254,303,20191030,2019103005
2019,10,30,7,6,7255,303,20191030,2019103006
2019,10,30,7,7,7256,303,20191030,2019103007
2019,10,30,7,8,7257,303,20191030,2019103008
2019,10,30,7,9,7258,303,20191030,2019103009
2019,10,30,7,10,7259,303,20191030,2019103010
2019,10,30,7,11,7260,303,20191030,2019103011
2019,10,30,7,12,7261,303,20191030,2019103012
2019,10,30,7,13,7262,303,20191030,2019103013
2019,10,30,7,14,7263,303,20191030,2019103014
2019,10,30,7,15,7264,303,20191030,2019103015
2019,10,30,7,16,7265,303,20191030,2019103016
2019,10,30,7,17,7266,303,20191030,2019103017
2019,10,30,7,18,7267,303,20191030,2019103018
2019,10,30,7,19,7268,303,20191030,2019103019
2019,10,30,7,20,7269,303,20191030,2019103020
2019,10,30,7,21,7270,303,20191030,2019103021
2019,10,30,7,22,7271,303,20191030,2019103022
2019,10,30,7,23,7272,303,20191030,2019103023
2019,10,31,1,0,7273,304,20191031,2019103100
2019,10,31,1,1,7274,304,20191031,2019103101
2019,10,31,1,2,7275,304,20191031,2019103102
2019,10,31,1,3,7276,304,20191031,2019103103
2019,10,31,1,4,7277,304,20191031,2019103104
2019,10,31,1,5,7278,304,20191031,2019103105
2019,10,31,1,6,7279,304,20191031,2019103106
2019,10,31,1,7,7280,304,20191031,2019103107
2019,10,31,1,8,7281,304,20191031,2019103108
2019,10,31,1,9,7282,304,20191031,2019103109
2019,10,31,1,10,7283,304,20191031,2019103110
2019,10,31,1,11,7284,304,20191031,2019103111
2019,10,31,1,12,7285,304,20191031,2019103112
2019,10,31,1,13,7286,304,20191031,2019103113
2019,10,31,1,14,7287,304,20191031,2019103114
2019,10,31,1,15,7288,304,20191031,2019103115
2019,10,31,1,16,7289,304,20191031,2019103116
2019,10,31,1,17,7290,304,20191031,2019103117
2019,10,31,1,18,7291,304,20191031,2019103118
2019,10,31,1,19,7292,304,20191031,2019103119
2019,10,31,1,20,7293,304,20191031,2019103120
2019,10,31,1,21,7294,304,20191031,2019103121
2019,10,31,1,22,7295,304,20191031,2019103122
2019,10,31,1,23,7296,304,20191031,2019103123
2019,11,1,2,0,7297,305,20191101,2019110100
2019,11,1,2,1,7298,305,20191101,2019110101
2019,11,1,2,2,7299,305,20191101,2019110102
2019,11,1,2,3,7300,305,20191101,2019110103
2019,11,1,2,4,7301,305,20191101,2019110104
2019,11,1,2,5,7302,305,20191101,2019110105
2019,11,1,2,6,7303,305,20191101,2019110106
2019,11,1,2,7,7304,305,20191101,2019110107
2019,11,1,2,8,7305,305,20191101,2019110108
2019,11,1,2,9,7306,305,20191101,2019110109
2019,11,1,2,10,7307,305,20191101,2019110110
2019,11,1,2,11,7308,305,20191101,2019110111
2019,11,1,2,12,7309,305,20191101,2019110112
2019,11,1,2,13,7310,305,20191101,2019110113
2019,11,1,2,14,7311,305,20191101,2019110114
2019,11,1,2,15,7312,305,20191101,2019110115
2019,11,1,2,16,7313,305,20191101,2019110116
2019,11,1,2,17,7314,305,20191101,2019110117
2019,11,1,2,18,7315,305,20191101,2019110118
2019,11,1,2,19,7316,305,20191101,2019110119
2019,11,1,2,20,7317,305,20191101,2019110120
2019,11,1,2,21,7318,305,20191101,2019110121
2019,11,1,2,22,7319,305,20191101,2019110122
2019,11,1,2,23,7320,305,20191101,2019110123
2019,11,2,3,0,7321,306,20191102,2019110200
2019,11,2,3,1,7322,306,20191102,2019110201
2019,11,2,3,2,7323,306,20191102,2019110202
2019,11,2,3,3,7324,306,20191102,2019110203
2019,11,2,3,4,7325,306,20191102,2019110204
2019,11,2,3,5,7326,306,20191102,2019110205
2019,11,2,3,6,7327,306,20191102,2019110206
2019,11,2,3,7,7328,306,20191102,2019110207
2019,11,2,3,8,7329,306,20191102,2019110208
2019,11,2,3,9,7330,306,20191102,2019110209
2019,11,2,3,10,7331,306,20191102,2019110210
2019,11,2,3,11,7332,306,20191102,2019110211
2019,11,2,3,12,7333,306,20191102,2019110212
2019,11,2,3,13,7334,306,20191102,2019110213
2019,11,2,3,14,7335,306,20191102,2019110214
2019,11,2,3,15,7336,306,20191102,2019110215
2019,11,2,3,16,7337,306,20191102,2019110216
2019,11,2,3,17,7338,306,20191102,2019110217
2019,11,2,3,18,7339,306,20191102,2019110218
2019,11,2,3,19,7340,306,20191102,2019110219
2019,11,2,3,20,7341,306,20191102,2019110220
2019,11,2,3,21,7342,306,20191102,2019110221
2019,11,2,3,22,7343,306,20191102,2019110222
2019,11,2,3,23,7344,306,20191102,2019110223
2019,11,3,4,0,7345,307,20191103,2019110300
2019,11,3,4,1,7346,307,20191103,2019110301
2019,11,3,4,2,7347,307,20191103,2019110302
2019,11,3,4,3,7348,307,20191103,2019110303
2019,11,3,4,4,7349,307,20191103,2019110304
2019,11,3,4,5,7350,307,20191103,2019110305
2019,11,3,4,6,7351,307,20191103,2019110306
2019,11,3,4,7,7352,307,20191103,2019110307
2019,11,3,4,8,7353,307,20191103,2019110308
2019,11,3,4,9,7354,307,20191103,2019110309
2019,11,3,4,10,7355,307,20191103,2019110310
2019,11,3,4,11,7356,307,20191103,2019110311
2019,11,3,4,12,7357,307,20191103,2019110312
2019,11,3,4,13,7358,307,20191103,2019110313
2019,11,3,4,14,7359,307,20191103,2019110314
2019,11,3,4,15,7360,307,20191103,2019110315
2019,11,3,4,16,7361,307,20191103,2019110316
2019,11,3,4,17,7362,307,20191103,2019110317
2019,11,3,4,18,7363,307,20191103,2019110318
2019,11,3,4,19,7364,307,20191103,2019110319
2019,11,3,4,20,7365,307,20191103,2019110320
2019,11,3,4,21,7366,307,20191103,2019110321
2019,11,3,4,22,7367,307,20191103,2019110322
2019,11,3,4,23,7368,307,20191103,2019110323
2019,11,4,5,0,7369,308,20191104,2019110400
2019,11,4,5,1,7370,308,20191104,2019110401
2019,11,4,5,2,7371,308,20191104,2019110402
2019,11,4,5,3,7372,308,20191104,2019110403
2019,11,4,5,4,7373,308,20191104,2019110404
2019,11,4,5,5,7374,308,20191104,2019110405
2019,11,4,5,6,7375,308,20191104,2019110406
2019,11,4,5,7,7376,308,20191104,2019110407
2019,11,4,5,8,7377,308,20191104,2019110408
2019,11,4,5,9,7378,308,20191104,2019110409
2019,11,4,5,10,7379,308,20191104,2019110410
2019,11,4,5,11,7380,308,20191104,2019110411
2019,11,4,5,12,7381,308,20191104,2019110412
2019,11,4,5,13,7382,308,20191104,2019110413
2019,11,4,5,14,7383,308,20191104,2019110414
2019,11,4,5,15,7384,308,20191104,2019110415
2019,11,4,5,16,7385,308,20191104,2019110416
2019,11,4,5,17,7386,308,20191104,2019110417
2019,11,4,5,18,7387,308,20191104,2019110418
2019,11,4,5,19,7388,308,20191104,2019110419
2019,11,4,5,20,7389,308,20191104,2019110420
2019,11,4,5,21,7390,308,20191104,2019110421
2019,11,4,5,22,7391,308,20191104,2019110422
2019,11,4,5,23,7392,308,20191104,2019110423
2019,11,5,6,0,7393,309,20191105,2019110500
2019,11,5,6,1,7394,309,20191105,2019110501
2019,11,5,6,2,7395,309,20191105,2019110502
2019,11,5,6,3,7396,309,20191105,2019110503
2019,11,5,6,4,7397,309,20191105,2019110504
2019,11,5,6,5,7398,309,20191105,2019110505
2019,11,5,6,6,7399,309,20191105,2019110506
2019,11,5,6,7,7400,309,20191105,2019110507
2019,11,5,6,8,7401,309,20191105,2019110508
2019,11,5,6,9,7402,309,20191105,2019110509
2019,11,5,6,10,7403,309,20191105,2019110510
2019,11,5,6,11,7404,309,20191105,2019110511
2019,11,5,6,12,7405,309,20191105,2019110512
2019,11,5,6,13,7406,309,20191105,2019110513
2019,11,5,6,14,7407,309,20191105,2019110514
2019,11,5,6,15,7408,309,20191105,2019110515
2019,11,5,6,16,7409,309,20191105,2019110516
2019,11,5,6,17,7410,309,20191105,2019110517
2019,11,5,6,18,7411,309,20191105,2019110518
2019,11,5,6,19,7412,309,20191105,2019110519
2019,11,5,6,20,7413,309,20191105,2019110520
2019,11,5,6,21,7414,309,20191105,2019110521
2019,11,5,6,22,7415,309,20191105,2019110522
2019,11,5,6,23,7416,309,20191105,2019110523
2019,11,6,7,0,7417,310,20191106,2019110600
2019,11,6,7,1,7418,310,20191106,2019110601
2019,11,6,7,2,7419,310,20191106,2019110602
2019,11,6,7,3,7420,310,20191106,2019110603
2019,11,6,7,4,7421,310,20191106,2019110604
2019,11,6,7,5,7422,310,20191106,2019110605
2019,11,6,7,6,7423,310,20191106,2019110606
2019,11,6,7,7,7424,310,20191106,2019110607
2019,11,6,7,8,7425,310,20191106,2019110608
2019,11,6,7,9,7426,310,20191106,2019110609
2019,11,6,7,10,7427,310,20191106,2019110610
2019,11,6,7,11,7428,310,20191106,2019110611
2019,11,6,7,12,7429,310,20191106,2019110612
2019,11,6,7,13,7430,310,20191106,2019110613
2019,11,6,7,14,7431,310,20191106,2019110614
2019,11,6,7,15,7432,310,20191106,2019110615
2019,11,6,7,16,7433,310,20191106,2019110616
2019,11,6,7,17,7434,310,20191106,2019110617
2019,11,6,7,18,7435,310,20191106,2019110618
2019,11,6,7,19,7436,310,20191106,2019110619
2019,11,6,7,20,7437,310,20191106,2019110620
2019,11,6,7,21,7438,310,20191106,2019110621
2019,11,6,7,22,7439,310,20191106,2019110622
2019,11,6,7,23,7440,310,20191106,2019110623
2019,11,7,1,0,7441,311,20191107,2019110700
2019,11,7,1,1,7442,311,20191107,2019110701
2019,11,7,1,2,7443,311,20191107,2019110702
2019,11,7,1,3,7444,311,20191107,2019110703
2019,11,7,1,4,7445,311,20191107,2019110704
2019,11,7,1,5,7446,311,20191107,2019110705
2019,11,7,1,6,7447,311,20191107,2019110706
2019,11,7,1,7,7448,311,20191107,2019110707
2019,11,7,1,8,7449,311,20191107,2019110708
2019,11,7,1,9,7450,311,20191107,2019110709
2019,11,7,1,10,7451,311,20191107,2019110710
2019,11,7,1,11,7452,311,20191107,2019110711
2019,11,7,1,12,7453,311,20191107,2019110712
2019,11,7,1,13,7454,311,20191107,2019110713
2019,11,7,1,14,7455,311,20191107,2019110714
2019,11,7,1,15,7456,311,20191107,2019110715
2019,11,7,1,16,7457,311,20191107,2019110716
2019,11,7,1,17,7458,311,20191107,2019110717
2019,11,7,1,18,7459,311,20191107,2019110718
2019,11,7,1,19,7460,311,20191107,2019110719
2019,11,7,1,20,7461,311,20191107,2019110720
2019,11,7,1,21,7462,311,20191107,2019110721
2019,11,7,1,22,7463,311,20191107,2019110722
2019,11,7,1,23,7464,311,20191107,2019110723
2019,11,8,2,0,7465,312,20191108,2019110800
2019,11,8,2,1,7466,312,20191108,2019110801
2019,11,8,2,2,7467,312,20191108,2019110802
2019,11,8,2,3,7468,312,20191108,2019110803
2019,11,8,2,4,7469,312,20191108,2019110804
2019,11,8,2,5,7470,312,20191108,2019110805
2019,11,8,2,6,7471,312,20191108,2019110806
2019,11,8,2,7,7472,312,20191108,2019110807
2019,11,8,2,8,7473,312,20191108,2019110808
2019,11,8,2,9,7474,312,20191108,2019110809
2019,11,8,2,10,7475,312,20191108,2019110810
2019,11,8,2,11,7476,312,20191108,2019110811
2019,11,8,2,12,7477,312,20191108,2019110812
2019,11,8,2,13,7478,312,20191108,2019110813
2019,11,8,2,14,7479,312,20191108,2019110814
2019,11,8,2,15,7480,312,20191108,2019110815
2019,11,8,2,16,7481,312,20191108,2019110816
2019,11,8,2,17,7482,312,20191108,2019110817
2019,11,8,2,18,7483,312,20191108,2019110818
2019,11,8,2,19,7484,312,20191108,2019110819
2019,11,8,2,20,7485,312,20191108,2019110820
2019,11,8,2,21,7486,312,20191108,2019110821
2019,11,8,2,22,7487,312,20191108,2019110822
2019,11,8,2,23,7488,312,20191108,2019110823
2019,11,9,3,0,7489,313,20191109,2019110900
2019,11,9,3,1,7490,313,20191109,2019110901
2019,11,9,3,2,7491,313,20191109,2019110902
2019,11,9,3,3,7492,313,20191109,2019110903
2019,11,9,3,4,7493,313,20191109,2019110904
2019,11,9,3,5,7494,313,20191109,2019110905
2019,11,9,3,6,7495,313,20191109,2019110906
2019,11,9,3,7,7496,313,20191109,2019110907
2019,11,9,3,8,7497,313,20191109,2019110908
2019,11,9,3,9,7498,313,20191109,2019110909
2019,11,9,3,10,7499,313,20191109,2019110910
2019,11,9,3,11,7500,313,20191109,2019110911
2019,11,9,3,12,7501,313,20191109,2019110912
2019,11,9,3,13,7502,313,20191109,2019110913
2019,11,9,3,14,7503,313,20191109,2019110914
2019,11,9,3,15,7504,313,20191109,2019110915
2019,11,9,3,16,7505,313,20191109,2019110916
2019,11,9,3,17,7506,313,20191109,2019110917
2019,11,9,3,18,7507,313,20191109,2019110918
2019,11,9,3,19,7508,313,20191109,2019110919
2019,11,9,3,20,7509,313,20191109,2019110920
2019,11,9,3,21,7510,313,20191109,2019110921
2019,11,9,3,22,7511,313,20191109,2019110922
2019,11,9,3,23,7512,313,20191109,2019110923
2019,11,10,4,0,7513,314,20191110,2019111000
2019,11,10,4,1,7514,314,20191110,2019111001
2019,11,10,4,2,7515,314,20191110,2019111002
2019,11,10,4,3,7516,314,20191110,2019111003
2019,11,10,4,4,7517,314,20191110,2019111004
2019,11,10,4,5,7518,314,20191110,2019111005
2019,11,10,4,6,7519,314,20191110,2019111006
2019,11,10,4,7,7520,314,20191110,2019111007
2019,11,10,4,8,7521,314,20191110,2019111008
2019,11,10,4,9,7522,314,20191110,2019111009
2019,11,10,4,10,7523,314,20191110,2019111010
2019,11,10,4,11,7524,314,20191110,2019111011
2019,11,10,4,12,7525,314,20191110,2019111012
2019,11,10,4,13,7526,314,20191110,2019111013
2019,11,10,4,14,7527,314,20191110,2019111014
2019,11,10,4,15,7528,314,20191110,2019111015
2019,11,10,4,16,7529,314,20191110,2019111016
2019,11,10,4,17,7530,314,20191110,2019111017
2019,11,10,4,18,7531,314,20191110,2019111018
2019,11,10,4,19,7532,314,20191110,2019111019
2019,11,10,4,20,7533,314,20191110,2019111020
2019,11,10,4,21,7534,314,20191110,2019111021
2019,11,10,4,22,7535,314,20191110,2019111022
2019,11,10,4,23,7536,314,20191110,2019111023
2019,11,11,5,0,7537,315,20191111,2019111100
2019,11,11,5,1,7538,315,20191111,2019111101
2019,11,11,5,2,7539,315,20191111,2019111102
2019,11,11,5,3,7540,315,20191111,2019111103
2019,11,11,5,4,7541,315,20191111,2019111104
2019,11,11,5,5,7542,315,20191111,2019111105
2019,11,11,5,6,7543,315,20191111,2019111106
2019,11,11,5,7,7544,315,20191111,2019111107
2019,11,11,5,8,7545,315,20191111,2019111108
2019,11,11,5,9,7546,315,20191111,2019111109
2019,11,11,5,10,7547,315,20191111,2019111110
2019,11,11,5,11,7548,315,20191111,2019111111
2019,11,11,5,12,7549,315,20191111,2019111112
2019,11,11,5,13,7550,315,20191111,2019111113
2019,11,11,5,14,7551,315,20191111,2019111114
2019,11,11,5,15,7552,315,20191111,2019111115
2019,11,11,5,16,7553,315,20191111,2019111116
2019,11,11,5,17,7554,315,20191111,2019111117
2019,11,11,5,18,7555,315,20191111,2019111118
2019,11,11,5,19,7556,315,20191111,2019111119
2019,11,11,5,20,7557,315,20191111,2019111120
2019,11,11,5,21,7558,315,20191111,2019111121
2019,11,11,5,22,7559,315,20191111,2019111122
2019,11,11,5,23,7560,315,20191111,2019111123
2019,11,12,6,0,7561,316,20191112,2019111200
2019,11,12,6,1,7562,316,20191112,2019111201
2019,11,12,6,2,7563,316,20191112,2019111202
2019,11,12,6,3,7564,316,20191112,2019111203
2019,11,12,6,4,7565,316,20191112,2019111204
2019,11,12,6,5,7566,316,20191112,2019111205
2019,11,12,6,6,7567,316,20191112,2019111206
2019,11,12,6,7,7568,316,20191112,2019111207
2019,11,12,6,8,7569,316,20191112,2019111208
2019,11,12,6,9,7570,316,20191112,2019111209
2019,11,12,6,10,7571,316,20191112,2019111210
2019,11,12,6,11,7572,316,20191112,2019111211
2019,11,12,6,12,7573,316,20191112,2019111212
2019,11,12,6,13,7574,316,20191112,2019111213
2019,11,12,6,14,7575,316,20191112,2019111214
2019,11,12,6,15,7576,316,20191112,2019111215
2019,11,12,6,16,7577,316,20191112,2019111216
2019,11,12,6,17,7578,316,20191112,2019111217
2019,11,12,6,18,7579,316,20191112,2019111218
2019,11,12,6,19,7580,316,20191112,2019111219
2019,11,12,6,20,7581,316,20191112,2019111220
2019,11,12,6,21,7582,316,20191112,2019111221
2019,11,12,6,22,7583,316,20191112,2019111222
2019,11,12,6,23,7584,316,20191112,2019111223
2019,11,13,7,0,7585,317,20191113,2019111300
2019,11,13,7,1,7586,317,20191113,2019111301
2019,11,13,7,2,7587,317,20191113,2019111302
2019,11,13,7,3,7588,317,20191113,2019111303
2019,11,13,7,4,7589,317,20191113,2019111304
2019,11,13,7,5,7590,317,20191113,2019111305
2019,11,13,7,6,7591,317,20191113,2019111306
2019,11,13,7,7,7592,317,20191113,2019111307
2019,11,13,7,8,7593,317,20191113,2019111308
2019,11,13,7,9,7594,317,20191113,2019111309
2019,11,13,7,10,7595,317,20191113,2019111310
2019,11,13,7,11,7596,317,20191113,2019111311
2019,11,13,7,12,7597,317,20191113,2019111312
2019,11,13,7,13,7598,317,20191113,2019111313
2019,11,13,7,14,7599,317,20191113,2019111314
2019,11,13,7,15,7600,317,20191113,2019111315
2019,11,13,7,16,7601,317,20191113,2019111316
2019,11,13,7,17,7602,317,20191113,2019111317
2019,11,13,7,18,7603,317,20191113,2019111318
2019,11,13,7,19,7604,317,20191113,2019111319
2019,11,13,7,20,7605,317,20191113,2019111320
2019,11,13,7,21,7606,317,20191113,2019111321
2019,11,13,7,22,7607,317,20191113,2019111322
2019,11,13,7,23,7608,317,20191113,2019111323
2019,11,14,1,0,7609,318,20191114,2019111400
2019,11,14,1,1,7610,318,20191114,2019111401
2019,11,14,1,2,7611,318,20191114,2019111402
2019,11,14,1,3,7612,318,20191114,2019111403
2019,11,14,1,4,7613,318,20191114,2019111404
2019,11,14,1,5,7614,318,20191114,2019111405
2019,11,14,1,6,7615,318,20191114,2019111406
2019,11,14,1,7,7616,318,20191114,2019111407
2019,11,14,1,8,7617,318,20191114,2019111408
2019,11,14,1,9,7618,318,20191114,2019111409
2019,11,14,1,10,7619,318,20191114,2019111410
2019,11,14,1,11,7620,318,20191114,2019111411
2019,11,14,1,12,7621,318,20191114,2019111412
2019,11,14,1,13,7622,318,20191114,2019111413
2019,11,14,1,14,7623,318,20191114,2019111414
2019,11,14,1,15,7624,318,20191114,2019111415
2019,11,14,1,16,7625,318,20191114,2019111416
2019,11,14,1,17,7626,318,20191114,2019111417
2019,11,14,1,18,7627,318,20191114,2019111418
2019,11,14,1,19,7628,318,20191114,2019111419
2019,11,14,1,20,7629,318,20191114,2019111420
2019,11,14,1,21,7630,318,20191114,2019111421
2019,11,14,1,22,7631,318,20191114,2019111422
2019,11,14,1,23,7632,318,20191114,2019111423
2019,11,15,2,0,7633,319,20191115,2019111500
2019,11,15,2,1,7634,319,20191115,2019111501
2019,11,15,2,2,7635,319,20191115,2019111502
2019,11,15,2,3,7636,319,20191115,2019111503
2019,11,15,2,4,7637,319,20191115,2019111504
2019,11,15,2,5,7638,319,20191115,2019111505
2019,11,15,2,6,7639,319,20191115,2019111506
2019,11,15,2,7,7640,319,20191115,2019111507
2019,11,15,2,8,7641,319,20191115,2019111508
2019,11,15,2,9,7642,319,20191115,2019111509
2019,11,15,2,10,7643,319,20191115,2019111510
2019,11,15,2,11,7644,319,20191115,2019111511
2019,11,15,2,12,7645,319,20191115,2019111512
2019,11,15,2,13,7646,319,20191115,2019111513
2019,11,15,2,14,7647,319,20191115,2019111514
2019,11,15,2,15,7648,319,20191115,2019111515
2019,11,15,2,16,7649,319,20191115,2019111516
2019,11,15,2,17,7650,319,20191115,2019111517
2019,11,15,2,18,7651,319,20191115,2019111518
2019,11,15,2,19,7652,319,20191115,2019111519
2019,11,15,2,20,7653,319,20191115,2019111520
2019,11,15,2,21,7654,319,20191115,2019111521
2019,11,15,2,22,7655,319,20191115,2019111522
2019,11,15,2,23,7656,319,20191115,2019111523
2019,11,16,3,0,7657,320,20191116,2019111600
2019,11,16,3,1,7658,320,20191116,2019111601
2019,11,16,3,2,7659,320,20191116,2019111602
2019,11,16,3,3,7660,320,20191116,2019111603
2019,11,16,3,4,7661,320,20191116,2019111604
2019,11,16,3,5,7662,320,20191116,2019111605
2019,11,16,3,6,7663,320,20191116,2019111606
2019,11,16,3,7,7664,320,20191116,2019111607
2019,11,16,3,8,7665,320,20191116,2019111608
2019,11,16,3,9,7666,320,20191116,2019111609
2019,11,16,3,10,7667,320,20191116,2019111610
2019,11,16,3,11,7668,320,20191116,2019111611
2019,11,16,3,12,7669,320,20191116,2019111612
2019,11,16,3,13,7670,320,20191116,2019111613
2019,11,16,3,14,7671,320,20191116,2019111614
2019,11,16,3,15,7672,320,20191116,2019111615
2019,11,16,3,16,7673,320,20191116,2019111616
2019,11,16,3,17,7674,320,20191116,2019111617
2019,11,16,3,18,7675,320,20191116,2019111618
2019,11,16,3,19,7676,320,20191116,2019111619
2019,11,16,3,20,7677,320,20191116,2019111620
2019,11,16,3,21,7678,320,20191116,2019111621
2019,11,16,3,22,7679,320,20191116,2019111622
2019,11,16,3,23,7680,320,20191116,2019111623
2019,11,17,4,0,7681,321,20191117,2019111700
2019,11,17,4,1,7682,321,20191117,2019111701
2019,11,17,4,2,7683,321,20191117,2019111702
2019,11,17,4,3,7684,321,20191117,2019111703
2019,11,17,4,4,7685,321,20191117,2019111704
2019,11,17,4,5,7686,321,20191117,2019111705
2019,11,17,4,6,7687,321,20191117,2019111706
2019,11,17,4,7,7688,321,20191117,2019111707
2019,11,17,4,8,7689,321,20191117,2019111708
2019,11,17,4,9,7690,321,20191117,2019111709
2019,11,17,4,10,7691,321,20191117,2019111710
2019,11,17,4,11,7692,321,20191117,2019111711
2019,11,17,4,12,7693,321,20191117,2019111712
2019,11,17,4,13,7694,321,20191117,2019111713
2019,11,17,4,14,7695,321,20191117,2019111714
2019,11,17,4,15,7696,321,20191117,2019111715
2019,11,17,4,16,7697,321,20191117,2019111716
2019,11,17,4,17,7698,321,20191117,2019111717
2019,11,17,4,18,7699,321,20191117,2019111718
2019,11,17,4,19,7700,321,20191117,2019111719
2019,11,17,4,20,7701,321,20191117,2019111720
2019,11,17,4,21,7702,321,20191117,2019111721
2019,11,17,4,22,7703,321,20191117,2019111722
2019,11,17,4,23,7704,321,20191117,2019111723
2019,11,18,5,0,7705,322,20191118,2019111800
2019,11,18,5,1,7706,322,20191118,2019111801
2019,11,18,5,2,7707,322,20191118,2019111802
2019,11,18,5,3,7708,322,20191118,2019111803
2019,11,18,5,4,7709,322,20191118,2019111804
2019,11,18,5,5,7710,322,20191118,2019111805
2019,11,18,5,6,7711,322,20191118,2019111806
2019,11,18,5,7,7712,322,20191118,2019111807
2019,11,18,5,8,7713,322,20191118,2019111808
2019,11,18,5,9,7714,322,20191118,2019111809
2019,11,18,5,10,7715,322,20191118,2019111810
2019,11,18,5,11,7716,322,20191118,2019111811
2019,11,18,5,12,7717,322,20191118,2019111812
2019,11,18,5,13,7718,322,20191118,2019111813
2019,11,18,5,14,7719,322,20191118,2019111814
2019,11,18,5,15,7720,322,20191118,2019111815
2019,11,18,5,16,7721,322,20191118,2019111816
2019,11,18,5,17,7722,322,20191118,2019111817
2019,11,18,5,18,7723,322,20191118,2019111818
2019,11,18,5,19,7724,322,20191118,2019111819
2019,11,18,5,20,7725,322,20191118,2019111820
2019,11,18,5,21,7726,322,20191118,2019111821
2019,11,18,5,22,7727,322,20191118,2019111822
2019,11,18,5,23,7728,322,20191118,2019111823
2019,11,19,6,0,7729,323,20191119,2019111900
2019,11,19,6,1,7730,323,20191119,2019111901
2019,11,19,6,2,7731,323,20191119,2019111902
2019,11,19,6,3,7732,323,20191119,2019111903
2019,11,19,6,4,7733,323,20191119,2019111904
2019,11,19,6,5,7734,323,20191119,2019111905
2019,11,19,6,6,7735,323,20191119,2019111906
2019,11,19,6,7,7736,323,20191119,2019111907
2019,11,19,6,8,7737,323,20191119,2019111908
2019,11,19,6,9,7738,323,20191119,2019111909
2019,11,19,6,10,7739,323,20191119,2019111910
2019,11,19,6,11,7740,323,20191119,2019111911
2019,11,19,6,12,7741,323,20191119,2019111912
2019,11,19,6,13,7742,323,20191119,2019111913
2019,11,19,6,14,7743,323,20191119,2019111914
2019,11,19,6,15,7744,323,20191119,2019111915
2019,11,19,6,16,7745,323,20191119,2019111916
2019,11,19,6,17,7746,323,20191119,2019111917
2019,11,19,6,18,7747,323,20191119,2019111918
2019,11,19,6,19,7748,323,20191119,2019111919
2019,11,19,6,20,7749,323,20191119,2019111920
2019,11,19,6,21,7750,323,20191119,2019111921
2019,11,19,6,22,7751,323,20191119,2019111922
2019,11,19,6,23,7752,323,20191119,2019111923
2019,11,20,7,0,7753,324,20191120,2019112000
2019,11,20,7,1,7754,324,20191120,2019112001
2019,11,20,7,2,7755,324,20191120,2019112002
2019,11,20,7,3,7756,324,20191120,2019112003
2019,11,20,7,4,7757,324,20191120,2019112004
2019,11,20,7,5,7758,324,20191120,2019112005
2019,11,20,7,6,7759,324,20191120,2019112006
2019,11,20,7,7,7760,324,20191120,2019112007
2019,11,20,7,8,7761,324,20191120,2019112008
2019,11,20,7,9,7762,324,20191120,2019112009
2019,11,20,7,10,7763,324,20191120,2019112010
2019,11,20,7,11,7764,324,20191120,2019112011
2019,11,20,7,12,7765,324,20191120,2019112012
2019,11,20,7,13,7766,324,20191120,2019112013
2019,11,20,7,14,7767,324,20191120,2019112014
2019,11,20,7,15,7768,324,20191120,2019112015
2019,11,20,7,16,7769,324,20191120,2019112016
2019,11,20,7,17,7770,324,20191120,2019112017
2019,11,20,7,18,7771,324,20191120,2019112018
2019,11,20,7,19,7772,324,20191120,2019112019
2019,11,20,7,20,7773,324,20191120,2019112020
2019,11,20,7,21,7774,324,20191120,2019112021
2019,11,20,7,22,7775,324,20191120,2019112022
2019,11,20,7,23,7776,324,20191120,2019112023
2019,11,21,1,0,7777,325,20191121,2019112100
2019,11,21,1,1,7778,325,20191121,2019112101
2019,11,21,1,2,7779,325,20191121,2019112102
2019,11,21,1,3,7780,325,20191121,2019112103
2019,11,21,1,4,7781,325,20191121,2019112104
2019,11,21,1,5,7782,325,20191121,2019112105
2019,11,21,1,6,7783,325,20191121,2019112106
2019,11,21,1,7,7784,325,20191121,2019112107
2019,11,21,1,8,7785,325,20191121,2019112108
2019,11,21,1,9,7786,325,20191121,2019112109
2019,11,21,1,10,7787,325,20191121,2019112110
2019,11,21,1,11,7788,325,20191121,2019112111
2019,11,21,1,12,7789,325,20191121,2019112112
2019,11,21,1,13,7790,325,20191121,2019112113
2019,11,21,1,14,7791,325,20191121,2019112114
2019,11,21,1,15,7792,325,20191121,2019112115
2019,11,21,1,16,7793,325,20191121,2019112116
2019,11,21,1,17,7794,325,20191121,2019112117
2019,11,21,1,18,7795,325,20191121,2019112118
2019,11,21,1,19,7796,325,20191121,2019112119
2019,11,21,1,20,7797,325,20191121,2019112120
2019,11,21,1,21,7798,325,20191121,2019112121
2019,11,21,1,22,7799,325,20191121,2019112122
2019,11,21,1,23,7800,325,20191121,2019112123
2019,11,22,2,0,7801,326,20191122,2019112200
2019,11,22,2,1,7802,326,20191122,2019112201
2019,11,22,2,2,7803,326,20191122,2019112202
2019,11,22,2,3,7804,326,20191122,2019112203
2019,11,22,2,4,7805,326,20191122,2019112204
2019,11,22,2,5,7806,326,20191122,2019112205
2019,11,22,2,6,7807,326,20191122,2019112206
2019,11,22,2,7,7808,326,20191122,2019112207
2019,11,22,2,8,7809,326,20191122,2019112208
2019,11,22,2,9,7810,326,20191122,2019112209
2019,11,22,2,10,7811,326,20191122,2019112210
2019,11,22,2,11,7812,326,20191122,2019112211
2019,11,22,2,12,7813,326,20191122,2019112212
2019,11,22,2,13,7814,326,20191122,2019112213
2019,11,22,2,14,7815,326,20191122,2019112214
2019,11,22,2,15,7816,326,20191122,2019112215
2019,11,22,2,16,7817,326,20191122,2019112216
2019,11,22,2,17,7818,326,20191122,2019112217
2019,11,22,2,18,7819,326,20191122,2019112218
2019,11,22,2,19,7820,326,20191122,2019112219
2019,11,22,2,20,7821,326,20191122,2019112220
2019,11,22,2,21,7822,326,20191122,2019112221
2019,11,22,2,22,7823,326,20191122,2019112222
2019,11,22,2,23,7824,326,20191122,2019112223
2019,11,23,3,0,7825,327,20191123,2019112300
2019,11,23,3,1,7826,327,20191123,2019112301
2019,11,23,3,2,7827,327,20191123,2019112302
2019,11,23,3,3,7828,327,20191123,2019112303
2019,11,23,3,4,7829,327,20191123,2019112304
2019,11,23,3,5,7830,327,20191123,2019112305
2019,11,23,3,6,7831,327,20191123,2019112306
2019,11,23,3,7,7832,327,20191123,2019112307
2019,11,23,3,8,7833,327,20191123,2019112308
2019,11,23,3,9,7834,327,20191123,2019112309
2019,11,23,3,10,7835,327,20191123,2019112310
2019,11,23,3,11,7836,327,20191123,2019112311
2019,11,23,3,12,7837,327,20191123,2019112312
2019,11,23,3,13,7838,327,20191123,2019112313
2019,11,23,3,14,7839,327,20191123,2019112314
2019,11,23,3,15,7840,327,20191123,2019112315
2019,11,23,3,16,7841,327,20191123,2019112316
2019,11,23,3,17,7842,327,20191123,2019112317
2019,11,23,3,18,7843,327,20191123,2019112318
2019,11,23,3,19,7844,327,20191123,2019112319
2019,11,23,3,20,7845,327,20191123,2019112320
2019,11,23,3,21,7846,327,20191123,2019112321
2019,11,23,3,22,7847,327,20191123,2019112322
2019,11,23,3,23,7848,327,20191123,2019112323
2019,11,24,4,0,7849,328,20191124,2019112400
2019,11,24,4,1,7850,328,20191124,2019112401
2019,11,24,4,2,7851,328,20191124,2019112402
2019,11,24,4,3,7852,328,20191124,2019112403
2019,11,24,4,4,7853,328,20191124,2019112404
2019,11,24,4,5,7854,328,20191124,2019112405
2019,11,24,4,6,7855,328,20191124,2019112406
2019,11,24,4,7,7856,328,20191124,2019112407
2019,11,24,4,8,7857,328,20191124,2019112408
2019,11,24,4,9,7858,328,20191124,2019112409
2019,11,24,4,10,7859,328,20191124,2019112410
2019,11,24,4,11,7860,328,20191124,2019112411
2019,11,24,4,12,7861,328,20191124,2019112412
2019,11,24,4,13,7862,328,20191124,2019112413
2019,11,24,4,14,7863,328,20191124,2019112414
2019,11,24,4,15,7864,328,20191124,2019112415
2019,11,24,4,16,7865,328,20191124,2019112416
2019,11,24,4,17,7866,328,20191124,2019112417
2019,11,24,4,18,7867,328,20191124,2019112418
2019,11,24,4,19,7868,328,20191124,2019112419
2019,11,24,4,20,7869,328,20191124,2019112420
2019,11,24,4,21,7870,328,20191124,2019112421
2019,11,24,4,22,7871,328,20191124,2019112422
2019,11,24,4,23,7872,328,20191124,2019112423
2019,11,25,5,0,7873,329,20191125,2019112500
2019,11,25,5,1,7874,329,20191125,2019112501
2019,11,25,5,2,7875,329,20191125,2019112502
2019,11,25,5,3,7876,329,20191125,2019112503
2019,11,25,5,4,7877,329,20191125,2019112504
2019,11,25,5,5,7878,329,20191125,2019112505
2019,11,25,5,6,7879,329,20191125,2019112506
2019,11,25,5,7,7880,329,20191125,2019112507
2019,11,25,5,8,7881,329,20191125,2019112508
2019,11,25,5,9,7882,329,20191125,2019112509
2019,11,25,5,10,7883,329,20191125,2019112510
2019,11,25,5,11,7884,329,20191125,2019112511
2019,11,25,5,12,7885,329,20191125,2019112512
2019,11,25,5,13,7886,329,20191125,2019112513
2019,11,25,5,14,7887,329,20191125,2019112514
2019,11,25,5,15,7888,329,20191125,2019112515
2019,11,25,5,16,7889,329,20191125,2019112516
2019,11,25,5,17,7890,329,20191125,2019112517
2019,11,25,5,18,7891,329,20191125,2019112518
2019,11,25,5,19,7892,329,20191125,2019112519
2019,11,25,5,20,7893,329,20191125,2019112520
2019,11,25,5,21,7894,329,20191125,2019112521
2019,11,25,5,22,7895,329,20191125,2019112522
2019,11,25,5,23,7896,329,20191125,2019112523
2019,11,26,6,0,7897,330,20191126,2019112600
2019,11,26,6,1,7898,330,20191126,2019112601
2019,11,26,6,2,7899,330,20191126,2019112602
2019,11,26,6,3,7900,330,20191126,2019112603
2019,11,26,6,4,7901,330,20191126,2019112604
2019,11,26,6,5,7902,330,20191126,2019112605
2019,11,26,6,6,7903,330,20191126,2019112606
2019,11,26,6,7,7904,330,20191126,2019112607
2019,11,26,6,8,7905,330,20191126,2019112608
2019,11,26,6,9,7906,330,20191126,2019112609
2019,11,26,6,10,7907,330,20191126,2019112610
2019,11,26,6,11,7908,330,20191126,2019112611
2019,11,26,6,12,7909,330,20191126,2019112612
2019,11,26,6,13,7910,330,20191126,2019112613
2019,11,26,6,14,7911,330,20191126,2019112614
2019,11,26,6,15,7912,330,20191126,2019112615
2019,11,26,6,16,7913,330,20191126,2019112616
2019,11,26,6,17,7914,330,20191126,2019112617
2019,11,26,6,18,7915,330,20191126,2019112618
2019,11,26,6,19,7916,330,20191126,2019112619
2019,11,26,6,20,7917,330,20191126,2019112620
2019,11,26,6,21,7918,330,20191126,2019112621
2019,11,26,6,22,7919,330,20191126,2019112622
2019,11,26,6,23,7920,330,20191126,2019112623
2019,11,27,7,0,7921,331,20191127,2019112700
2019,11,27,7,1,7922,331,20191127,2019112701
2019,11,27,7,2,7923,331,20191127,2019112702
2019,11,27,7,3,7924,331,20191127,2019112703
2019,11,27,7,4,7925,331,20191127,2019112704
2019,11,27,7,5,7926,331,20191127,2019112705
2019,11,27,7,6,7927,331,20191127,2019112706
2019,11,27,7,7,7928,331,20191127,2019112707
2019,11,27,7,8,7929,331,20191127,2019112708
2019,11,27,7,9,7930,331,20191127,2019112709
2019,11,27,7,10,7931,331,20191127,2019112710
2019,11,27,7,11,7932,331,20191127,2019112711
2019,11,27,7,12,7933,331,20191127,2019112712
2019,11,27,7,13,7934,331,20191127,2019112713
2019,11,27,7,14,7935,331,20191127,2019112714
2019,11,27,7,15,7936,331,20191127,2019112715
2019,11,27,7,16,7937,331,20191127,2019112716
2019,11,27,7,17,7938,331,20191127,2019112717
2019,11,27,7,18,7939,331,20191127,2019112718
2019,11,27,7,19,7940,331,20191127,2019112719
2019,11,27,7,20,7941,331,20191127,2019112720
2019,11,27,7,21,7942,331,20191127,2019112721
2019,11,27,7,22,7943,331,20191127,2019112722
2019,11,27,7,23,7944,331,20191127,2019112723
2019,11,28,1,0,7945,332,20191128,2019112800
2019,11,28,1,1,7946,332,20191128,2019112801
2019,11,28,1,2,7947,332,20191128,2019112802
2019,11,28,1,3,7948,332,20191128,2019112803
2019,11,28,1,4,7949,332,20191128,2019112804
2019,11,28,1,5,7950,332,20191128,2019112805
2019,11,28,1,6,7951,332,20191128,2019112806
2019,11,28,1,7,7952,332,20191128,2019112807
2019,11,28,1,8,7953,332,20191128,2019112808
2019,11,28,1,9,7954,332,20191128,2019112809
2019,11,28,1,10,7955,332,20191128,2019112810
2019,11,28,1,11,7956,332,20191128,2019112811
2019,11,28,1,12,7957,332,20191128,2019112812
2019,11,28,1,13,7958,332,20191128,2019112813
2019,11,28,1,14,7959,332,20191128,2019112814
2019,11,28,1,15,7960,332,20191128,2019112815
2019,11,28,1,16,7961,332,20191128,2019112816
2019,11,28,1,17,7962,332,20191128,2019112817
2019,11,28,1,18,7963,332,20191128,2019112818
2019,11,28,1,19,7964,332,20191128,2019112819
2019,11,28,1,20,7965,332,20191128,2019112820
2019,11,28,1,21,7966,332,20191128,2019112821
2019,11,28,1,22,7967,332,20191128,2019112822
2019,11,28,1,23,7968,332,20191128,2019112823
2019,11,29,2,0,7969,333,20191129,2019112900
2019,11,29,2,1,7970,333,20191129,2019112901
2019,11,29,2,2,7971,333,20191129,2019112902
2019,11,29,2,3,7972,333,20191129,2019112903
2019,11,29,2,4,7973,333,20191129,2019112904
2019,11,29,2,5,7974,333,20191129,2019112905
2019,11,29,2,6,7975,333,20191129,2019112906
2019,11,29,2,7,7976,333,20191129,2019112907
2019,11,29,2,8,7977,333,20191129,2019112908
2019,11,29,2,9,7978,333,20191129,2019112909
2019,11,29,2,10,7979,333,20191129,2019112910
2019,11,29,2,11,7980,333,20191129,2019112911
2019,11,29,2,12,7981,333,20191129,2019112912
2019,11,29,2,13,7982,333,20191129,2019112913
2019,11,29,2,14,7983,333,20191129,2019112914
2019,11,29,2,15,7984,333,20191129,2019112915
2019,11,29,2,16,7985,333,20191129,2019112916
2019,11,29,2,17,7986,333,20191129,2019112917
2019,11,29,2,18,7987,333,20191129,2019112918
2019,11,29,2,19,7988,333,20191129,2019112919
2019,11,29,2,20,7989,333,20191129,2019112920
2019,11,29,2,21,7990,333,20191129,2019112921
2019,11,29,2,22,7991,333,20191129,2019112922
2019,11,29,2,23,7992,333,20191129,2019112923
2019,11,30,3,0,7993,334,20191130,2019113000
2019,11,30,3,1,7994,334,20191130,2019113001
2019,11,30,3,2,7995,334,20191130,2019113002
2019,11,30,3,3,7996,334,20191130,2019113003
2019,11,30,3,4,7997,334,20191130,2019113004
2019,11,30,3,5,7998,334,20191130,2019113005
2019,11,30,3,6,7999,334,20191130,2019113006
2019,11,30,3,7,8000,334,20191130,2019113007
2019,11,30,3,8,8001,334,20191130,2019113008
2019,11,30,3,9,8002,334,20191130,2019113009
2019,11,30,3,10,8003,334,20191130,2019113010
2019,11,30,3,11,8004,334,20191130,2019113011
2019,11,30,3,12,8005,334,20191130,2019113012
2019,11,30,3,13,8006,334,20191130,2019113013
2019,11,30,3,14,8007,334,20191130,2019113014
2019,11,30,3,15,8008,334,20191130,2019113015
2019,11,30,3,16,8009,334,20191130,2019113016
2019,11,30,3,17,8010,334,20191130,2019113017
2019,11,30,3,18,8011,334,20191130,2019113018
2019,11,30,3,19,8012,334,20191130,2019113019
2019,11,30,3,20,8013,334,20191130,2019113020
2019,11,30,3,21,8014,334,20191130,2019113021
2019,11,30,3,22,8015,334,20191130,2019113022
2019,11,30,3,23,8016,334,20191130,2019113023
2019,12,1,4,0,8017,335,20191201,2019120100
2019,12,1,4,1,8018,335,20191201,2019120101
2019,12,1,4,2,8019,335,20191201,2019120102
2019,12,1,4,3,8020,335,20191201,2019120103
2019,12,1,4,4,8021,335,20191201,2019120104
2019,12,1,4,5,8022,335,20191201,2019120105
2019,12,1,4,6,8023,335,20191201,2019120106
2019,12,1,4,7,8024,335,20191201,2019120107
2019,12,1,4,8,8025,335,20191201,2019120108
2019,12,1,4,9,8026,335,20191201,2019120109
2019,12,1,4,10,8027,335,20191201,2019120110
2019,12,1,4,11,8028,335,20191201,2019120111
2019,12,1,4,12,8029,335,20191201,2019120112
2019,12,1,4,13,8030,335,20191201,2019120113
2019,12,1,4,14,8031,335,20191201,2019120114
2019,12,1,4,15,8032,335,20191201,2019120115
2019,12,1,4,16,8033,335,20191201,2019120116
2019,12,1,4,17,8034,335,20191201,2019120117
2019,12,1,4,18,8035,335,20191201,2019120118
2019,12,1,4,19,8036,335,20191201,2019120119
2019,12,1,4,20,8037,335,20191201,2019120120
2019,12,1,4,21,8038,335,20191201,2019120121
2019,12,1,4,22,8039,335,20191201,2019120122
2019,12,1,4,23,8040,335,20191201,2019120123
2019,12,2,5,0,8041,336,20191202,2019120200
2019,12,2,5,1,8042,336,20191202,2019120201
2019,12,2,5,2,8043,336,20191202,2019120202
2019,12,2,5,3,8044,336,20191202,2019120203
2019,12,2,5,4,8045,336,20191202,2019120204
2019,12,2,5,5,8046,336,20191202,2019120205
2019,12,2,5,6,8047,336,20191202,2019120206
2019,12,2,5,7,8048,336,20191202,2019120207
2019,12,2,5,8,8049,336,20191202,2019120208
2019,12,2,5,9,8050,336,20191202,2019120209
2019,12,2,5,10,8051,336,20191202,2019120210
2019,12,2,5,11,8052,336,20191202,2019120211
2019,12,2,5,12,8053,336,20191202,2019120212
2019,12,2,5,13,8054,336,20191202,2019120213
2019,12,2,5,14,8055,336,20191202,2019120214
2019,12,2,5,15,8056,336,20191202,2019120215
2019,12,2,5,16,8057,336,20191202,2019120216
2019,12,2,5,17,8058,336,20191202,2019120217
2019,12,2,5,18,8059,336,20191202,2019120218
2019,12,2,5,19,8060,336,20191202,2019120219
2019,12,2,5,20,8061,336,20191202,2019120220
2019,12,2,5,21,8062,336,20191202,2019120221
2019,12,2,5,22,8063,336,20191202,2019120222
2019,12,2,5,23,8064,336,20191202,2019120223
2019,12,3,6,0,8065,337,20191203,2019120300
2019,12,3,6,1,8066,337,20191203,2019120301
2019,12,3,6,2,8067,337,20191203,2019120302
2019,12,3,6,3,8068,337,20191203,2019120303
2019,12,3,6,4,8069,337,20191203,2019120304
2019,12,3,6,5,8070,337,20191203,2019120305
2019,12,3,6,6,8071,337,20191203,2019120306
2019,12,3,6,7,8072,337,20191203,2019120307
2019,12,3,6,8,8073,337,20191203,2019120308
2019,12,3,6,9,8074,337,20191203,2019120309
2019,12,3,6,10,8075,337,20191203,2019120310
2019,12,3,6,11,8076,337,20191203,2019120311
2019,12,3,6,12,8077,337,20191203,2019120312
2019,12,3,6,13,8078,337,20191203,2019120313
2019,12,3,6,14,8079,337,20191203,2019120314
2019,12,3,6,15,8080,337,20191203,2019120315
2019,12,3,6,16,8081,337,20191203,2019120316
2019,12,3,6,17,8082,337,20191203,2019120317
2019,12,3,6,18,8083,337,20191203,2019120318
2019,12,3,6,19,8084,337,20191203,2019120319
2019,12,3,6,20,8085,337,20191203,2019120320
2019,12,3,6,21,8086,337,20191203,2019120321
2019,12,3,6,22,8087,337,20191203,2019120322
2019,12,3,6,23,8088,337,20191203,2019120323
2019,12,4,7,0,8089,338,20191204,2019120400
2019,12,4,7,1,8090,338,20191204,2019120401
2019,12,4,7,2,8091,338,20191204,2019120402
2019,12,4,7,3,8092,338,20191204,2019120403
2019,12,4,7,4,8093,338,20191204,2019120404
2019,12,4,7,5,8094,338,20191204,2019120405
2019,12,4,7,6,8095,338,20191204,2019120406
2019,12,4,7,7,8096,338,20191204,2019120407
2019,12,4,7,8,8097,338,20191204,2019120408
2019,12,4,7,9,8098,338,20191204,2019120409
2019,12,4,7,10,8099,338,20191204,2019120410
2019,12,4,7,11,8100,338,20191204,2019120411
2019,12,4,7,12,8101,338,20191204,2019120412
2019,12,4,7,13,8102,338,20191204,2019120413
2019,12,4,7,14,8103,338,20191204,2019120414
2019,12,4,7,15,8104,338,20191204,2019120415
2019,12,4,7,16,8105,338,20191204,2019120416
2019,12,4,7,17,8106,338,20191204,2019120417
2019,12,4,7,18,8107,338,20191204,2019120418
2019,12,4,7,19,8108,338,20191204,2019120419
2019,12,4,7,20,8109,338,20191204,2019120420
2019,12,4,7,21,8110,338,20191204,2019120421
2019,12,4,7,22,8111,338,20191204,2019120422
2019,12,4,7,23,8112,338,20191204,2019120423
2019,12,5,1,0,8113,339,20191205,2019120500
2019,12,5,1,1,8114,339,20191205,2019120501
2019,12,5,1,2,8115,339,20191205,2019120502
2019,12,5,1,3,8116,339,20191205,2019120503
2019,12,5,1,4,8117,339,20191205,2019120504
2019,12,5,1,5,8118,339,20191205,2019120505
2019,12,5,1,6,8119,339,20191205,2019120506
2019,12,5,1,7,8120,339,20191205,2019120507
2019,12,5,1,8,8121,339,20191205,2019120508
2019,12,5,1,9,8122,339,20191205,2019120509
2019,12,5,1,10,8123,339,20191205,2019120510
2019,12,5,1,11,8124,339,20191205,2019120511
2019,12,5,1,12,8125,339,20191205,2019120512
2019,12,5,1,13,8126,339,20191205,2019120513
2019,12,5,1,14,8127,339,20191205,2019120514
2019,12,5,1,15,8128,339,20191205,2019120515
2019,12,5,1,16,8129,339,20191205,2019120516
2019,12,5,1,17,8130,339,20191205,2019120517
2019,12,5,1,18,8131,339,20191205,2019120518
2019,12,5,1,19,8132,339,20191205,2019120519
2019,12,5,1,20,8133,339,20191205,2019120520
2019,12,5,1,21,8134,339,20191205,2019120521
2019,12,5,1,22,8135,339,20191205,2019120522
2019,12,5,1,23,8136,339,20191205,2019120523
2019,12,6,2,0,8137,340,20191206,2019120600
2019,12,6,2,1,8138,340,20191206,2019120601
2019,12,6,2,2,8139,340,20191206,2019120602
2019,12,6,2,3,8140,340,20191206,2019120603
2019,12,6,2,4,8141,340,20191206,2019120604
2019,12,6,2,5,8142,340,20191206,2019120605
2019,12,6,2,6,8143,340,20191206,2019120606
2019,12,6,2,7,8144,340,20191206,2019120607
2019,12,6,2,8,8145,340,20191206,2019120608
2019,12,6,2,9,8146,340,20191206,2019120609
2019,12,6,2,10,8147,340,20191206,2019120610
2019,12,6,2,11,8148,340,20191206,2019120611
2019,12,6,2,12,8149,340,20191206,2019120612
2019,12,6,2,13,8150,340,20191206,2019120613
2019,12,6,2,14,8151,340,20191206,2019120614
2019,12,6,2,15,8152,340,20191206,2019120615
2019,12,6,2,16,8153,340,20191206,2019120616
2019,12,6,2,17,8154,340,20191206,2019120617
2019,12,6,2,18,8155,340,20191206,2019120618
2019,12,6,2,19,8156,340,20191206,2019120619
2019,12,6,2,20,8157,340,20191206,2019120620
2019,12,6,2,21,8158,340,20191206,2019120621
2019,12,6,2,22,8159,340,20191206,2019120622
2019,12,6,2,23,8160,340,20191206,2019120623
2019,12,7,3,0,8161,341,20191207,2019120700
2019,12,7,3,1,8162,341,20191207,2019120701
2019,12,7,3,2,8163,341,20191207,2019120702
2019,12,7,3,3,8164,341,20191207,2019120703
2019,12,7,3,4,8165,341,20191207,2019120704
2019,12,7,3,5,8166,341,20191207,2019120705
2019,12,7,3,6,8167,341,20191207,2019120706
2019,12,7,3,7,8168,341,20191207,2019120707
2019,12,7,3,8,8169,341,20191207,2019120708
2019,12,7,3,9,8170,341,20191207,2019120709
2019,12,7,3,10,8171,341,20191207,2019120710
2019,12,7,3,11,8172,341,20191207,2019120711
2019,12,7,3,12,8173,341,20191207,2019120712
2019,12,7,3,13,8174,341,20191207,2019120713
2019,12,7,3,14,8175,341,20191207,2019120714
2019,12,7,3,15,8176,341,20191207,2019120715
2019,12,7,3,16,8177,341,20191207,2019120716
2019,12,7,3,17,8178,341,20191207,2019120717
2019,12,7,3,18,8179,341,20191207,2019120718
2019,12,7,3,19,8180,341,20191207,2019120719
2019,12,7,3,20,8181,341,20191207,2019120720
2019,12,7,3,21,8182,341,20191207,2019120721
2019,12,7,3,22,8183,341,20191207,2019120722
2019,12,7,3,23,8184,341,20191207,2019120723
2019,12,8,4,0,8185,342,20191208,2019120800
2019,12,8,4,1,8186,342,20191208,2019120801
2019,12,8,4,2,8187,342,20191208,2019120802
2019,12,8,4,3,8188,342,20191208,2019120803
2019,12,8,4,4,8189,342,20191208,2019120804
2019,12,8,4,5,8190,342,20191208,2019120805
2019,12,8,4,6,8191,342,20191208,2019120806
2019,12,8,4,7,8192,342,20191208,2019120807
2019,12,8,4,8,8193,342,20191208,2019120808
2019,12,8,4,9,8194,342,20191208,2019120809
2019,12,8,4,10,8195,342,20191208,2019120810
2019,12,8,4,11,8196,342,20191208,2019120811
2019,12,8,4,12,8197,342,20191208,2019120812
2019,12,8,4,13,8198,342,20191208,2019120813
2019,12,8,4,14,8199,342,20191208,2019120814
2019,12,8,4,15,8200,342,20191208,2019120815
2019,12,8,4,16,8201,342,20191208,2019120816
2019,12,8,4,17,8202,342,20191208,2019120817
2019,12,8,4,18,8203,342,20191208,2019120818
2019,12,8,4,19,8204,342,20191208,2019120819
2019,12,8,4,20,8205,342,20191208,2019120820
2019,12,8,4,21,8206,342,20191208,2019120821
2019,12,8,4,22,8207,342,20191208,2019120822
2019,12,8,4,23,8208,342,20191208,2019120823
2019,12,9,5,0,8209,343,20191209,2019120900
2019,12,9,5,1,8210,343,20191209,2019120901
2019,12,9,5,2,8211,343,20191209,2019120902
2019,12,9,5,3,8212,343,20191209,2019120903
2019,12,9,5,4,8213,343,20191209,2019120904
2019,12,9,5,5,8214,343,20191209,2019120905
2019,12,9,5,6,8215,343,20191209,2019120906
2019,12,9,5,7,8216,343,20191209,2019120907
2019,12,9,5,8,8217,343,20191209,2019120908
2019,12,9,5,9,8218,343,20191209,2019120909
2019,12,9,5,10,8219,343,20191209,2019120910
2019,12,9,5,11,8220,343,20191209,2019120911
2019,12,9,5,12,8221,343,20191209,2019120912
2019,12,9,5,13,8222,343,20191209,2019120913
2019,12,9,5,14,8223,343,20191209,2019120914
2019,12,9,5,15,8224,343,20191209,2019120915
2019,12,9,5,16,8225,343,20191209,2019120916
2019,12,9,5,17,8226,343,20191209,2019120917
2019,12,9,5,18,8227,343,20191209,2019120918
2019,12,9,5,19,8228,343,20191209,2019120919
2019,12,9,5,20,8229,343,20191209,2019120920
2019,12,9,5,21,8230,343,20191209,2019120921
2019,12,9,5,22,8231,343,20191209,2019120922
2019,12,9,5,23,8232,343,20191209,2019120923
2019,12,10,6,0,8233,344,20191210,2019121000
2019,12,10,6,1,8234,344,20191210,2019121001
2019,12,10,6,2,8235,344,20191210,2019121002
2019,12,10,6,3,8236,344,20191210,2019121003
2019,12,10,6,4,8237,344,20191210,2019121004
2019,12,10,6,5,8238,344,20191210,2019121005
2019,12,10,6,6,8239,344,20191210,2019121006
2019,12,10,6,7,8240,344,20191210,2019121007
2019,12,10,6,8,8241,344,20191210,2019121008
2019,12,10,6,9,8242,344,20191210,2019121009
2019,12,10,6,10,8243,344,20191210,2019121010
2019,12,10,6,11,8244,344,20191210,2019121011
2019,12,10,6,12,8245,344,20191210,2019121012
2019,12,10,6,13,8246,344,20191210,2019121013
2019,12,10,6,14,8247,344,20191210,2019121014
2019,12,10,6,15,8248,344,20191210,2019121015
2019,12,10,6,16,8249,344,20191210,2019121016
2019,12,10,6,17,8250,344,20191210,2019121017
2019,12,10,6,18,8251,344,20191210,2019121018
2019,12,10,6,19,8252,344,20191210,2019121019
2019,12,10,6,20,8253,344,20191210,2019121020
2019,12,10,6,21,8254,344,20191210,2019121021
2019,12,10,6,22,8255,344,20191210,2019121022
2019,12,10,6,23,8256,344,20191210,2019121023
2019,12,11,7,0,8257,345,20191211,2019121100
2019,12,11,7,1,8258,345,20191211,2019121101
2019,12,11,7,2,8259,345,20191211,2019121102
2019,12,11,7,3,8260,345,20191211,2019121103
2019,12,11,7,4,8261,345,20191211,2019121104
2019,12,11,7,5,8262,345,20191211,2019121105
2019,12,11,7,6,8263,345,20191211,2019121106
2019,12,11,7,7,8264,345,20191211,2019121107
2019,12,11,7,8,8265,345,20191211,2019121108
2019,12,11,7,9,8266,345,20191211,2019121109
2019,12,11,7,10,8267,345,20191211,2019121110
2019,12,11,7,11,8268,345,20191211,2019121111
2019,12,11,7,12,8269,345,20191211,2019121112
2019,12,11,7,13,8270,345,20191211,2019121113
2019,12,11,7,14,8271,345,20191211,2019121114
2019,12,11,7,15,8272,345,20191211,2019121115
2019,12,11,7,16,8273,345,20191211,2019121116
2019,12,11,7,17,8274,345,20191211,2019121117
2019,12,11,7,18,8275,345,20191211,2019121118
2019,12,11,7,19,8276,345,20191211,2019121119
2019,12,11,7,20,8277,345,20191211,2019121120
2019,12,11,7,21,8278,345,20191211,2019121121
2019,12,11,7,22,8279,345,20191211,2019121122
2019,12,11,7,23,8280,345,20191211,2019121123
2019,12,12,1,0,8281,346,20191212,2019121200
2019,12,12,1,1,8282,346,20191212,2019121201
2019,12,12,1,2,8283,346,20191212,2019121202
2019,12,12,1,3,8284,346,20191212,2019121203
2019,12,12,1,4,8285,346,20191212,2019121204
2019,12,12,1,5,8286,346,20191212,2019121205
2019,12,12,1,6,8287,346,20191212,2019121206
2019,12,12,1,7,8288,346,20191212,2019121207
2019,12,12,1,8,8289,346,20191212,2019121208
2019,12,12,1,9,8290,346,20191212,2019121209
2019,12,12,1,10,8291,346,20191212,2019121210
2019,12,12,1,11,8292,346,20191212,2019121211
2019,12,12,1,12,8293,346,20191212,2019121212
2019,12,12,1,13,8294,346,20191212,2019121213
2019,12,12,1,14,8295,346,20191212,2019121214
2019,12,12,1,15,8296,346,20191212,2019121215
2019,12,12,1,16,8297,346,20191212,2019121216
2019,12,12,1,17,8298,346,20191212,2019121217
2019,12,12,1,18,8299,346,20191212,2019121218
2019,12,12,1,19,8300,346,20191212,2019121219
2019,12,12,1,20,8301,346,20191212,2019121220
2019,12,12,1,21,8302,346,20191212,2019121221
2019,12,12,1,22,8303,346,20191212,2019121222
2019,12,12,1,23,8304,346,20191212,2019121223
2019,12,13,2,0,8305,347,20191213,2019121300
2019,12,13,2,1,8306,347,20191213,2019121301
2019,12,13,2,2,8307,347,20191213,2019121302
2019,12,13,2,3,8308,347,20191213,2019121303
2019,12,13,2,4,8309,347,20191213,2019121304
2019,12,13,2,5,8310,347,20191213,2019121305
2019,12,13,2,6,8311,347,20191213,2019121306
2019,12,13,2,7,8312,347,20191213,2019121307
2019,12,13,2,8,8313,347,20191213,2019121308
2019,12,13,2,9,8314,347,20191213,2019121309
2019,12,13,2,10,8315,347,20191213,2019121310
2019,12,13,2,11,8316,347,20191213,2019121311
2019,12,13,2,12,8317,347,20191213,2019121312
2019,12,13,2,13,8318,347,20191213,2019121313
2019,12,13,2,14,8319,347,20191213,2019121314
2019,12,13,2,15,8320,347,20191213,2019121315
2019,12,13,2,16,8321,347,20191213,2019121316
2019,12,13,2,17,8322,347,20191213,2019121317
2019,12,13,2,18,8323,347,20191213,2019121318
2019,12,13,2,19,8324,347,20191213,2019121319
2019,12,13,2,20,8325,347,20191213,2019121320
2019,12,13,2,21,8326,347,20191213,2019121321
2019,12,13,2,22,8327,347,20191213,2019121322
2019,12,13,2,23,8328,347,20191213,2019121323
2019,12,14,3,0,8329,348,20191214,2019121400
2019,12,14,3,1,8330,348,20191214,2019121401
2019,12,14,3,2,8331,348,20191214,2019121402
2019,12,14,3,3,8332,348,20191214,2019121403
2019,12,14,3,4,8333,348,20191214,2019121404
2019,12,14,3,5,8334,348,20191214,2019121405
2019,12,14,3,6,8335,348,20191214,2019121406
2019,12,14,3,7,8336,348,20191214,2019121407
2019,12,14,3,8,8337,348,20191214,2019121408
2019,12,14,3,9,8338,348,20191214,2019121409
2019,12,14,3,10,8339,348,20191214,2019121410
2019,12,14,3,11,8340,348,20191214,2019121411
2019,12,14,3,12,8341,348,20191214,2019121412
2019,12,14,3,13,8342,348,20191214,2019121413
2019,12,14,3,14,8343,348,20191214,2019121414
2019,12,14,3,15,8344,348,20191214,2019121415
2019,12,14,3,16,8345,348,20191214,2019121416
2019,12,14,3,17,8346,348,20191214,2019121417
2019,12,14,3,18,8347,348,20191214,2019121418
2019,12,14,3,19,8348,348,20191214,2019121419
2019,12,14,3,20,8349,348,20191214,2019121420
2019,12,14,3,21,8350,348,20191214,2019121421
2019,12,14,3,22,8351,348,20191214,2019121422
2019,12,14,3,23,8352,348,20191214,2019121423
2019,12,15,4,0,8353,349,20191215,2019121500
2019,12,15,4,1,8354,349,20191215,2019121501
2019,12,15,4,2,8355,349,20191215,2019121502
2019,12,15,4,3,8356,349,20191215,2019121503
2019,12,15,4,4,8357,349,20191215,2019121504
2019,12,15,4,5,8358,349,20191215,2019121505
2019,12,15,4,6,8359,349,20191215,2019121506
2019,12,15,4,7,8360,349,20191215,2019121507
2019,12,15,4,8,8361,349,20191215,2019121508
2019,12,15,4,9,8362,349,20191215,2019121509
2019,12,15,4,10,8363,349,20191215,2019121510
2019,12,15,4,11,8364,349,20191215,2019121511
2019,12,15,4,12,8365,349,20191215,2019121512
2019,12,15,4,13,8366,349,20191215,2019121513
2019,12,15,4,14,8367,349,20191215,2019121514
2019,12,15,4,15,8368,349,20191215,2019121515
2019,12,15,4,16,8369,349,20191215,2019121516
2019,12,15,4,17,8370,349,20191215,2019121517
2019,12,15,4,18,8371,349,20191215,2019121518
2019,12,15,4,19,8372,349,20191215,2019121519
2019,12,15,4,20,8373,349,20191215,2019121520
2019,12,15,4,21,8374,349,20191215,2019121521
2019,12,15,4,22,8375,349,20191215,2019121522
2019,12,15,4,23,8376,349,20191215,2019121523
2019,12,16,5,0,8377,350,20191216,2019121600
2019,12,16,5,1,8378,350,20191216,2019121601
2019,12,16,5,2,8379,350,20191216,2019121602
2019,12,16,5,3,8380,350,20191216,2019121603
2019,12,16,5,4,8381,350,20191216,2019121604
2019,12,16,5,5,8382,350,20191216,2019121605
2019,12,16,5,6,8383,350,20191216,2019121606
2019,12,16,5,7,8384,350,20191216,2019121607
2019,12,16,5,8,8385,350,20191216,2019121608
2019,12,16,5,9,8386,350,20191216,2019121609
2019,12,16,5,10,8387,350,20191216,2019121610
2019,12,16,5,11,8388,350,20191216,2019121611
2019,12,16,5,12,8389,350,20191216,2019121612
2019,12,16,5,13,8390,350,20191216,2019121613
2019,12,16,5,14,8391,350,20191216,2019121614
2019,12,16,5,15,8392,350,20191216,2019121615
2019,12,16,5,16,8393,350,20191216,2019121616
2019,12,16,5,17,8394,350,20191216,2019121617
2019,12,16,5,18,8395,350,20191216,2019121618
2019,12,16,5,19,8396,350,20191216,2019121619
2019,12,16,5,20,8397,350,20191216,2019121620
2019,12,16,5,21,8398,350,20191216,2019121621
2019,12,16,5,22,8399,350,20191216,2019121622
2019,12,16,5,23,8400,350,20191216,2019121623
2019,12,17,6,0,8401,351,20191217,2019121700
2019,12,17,6,1,8402,351,20191217,2019121701
2019,12,17,6,2,8403,351,20191217,2019121702
2019,12,17,6,3,8404,351,20191217,2019121703
2019,12,17,6,4,8405,351,20191217,2019121704
2019,12,17,6,5,8406,351,20191217,2019121705
2019,12,17,6,6,8407,351,20191217,2019121706
2019,12,17,6,7,8408,351,20191217,2019121707
2019,12,17,6,8,8409,351,20191217,2019121708
2019,12,17,6,9,8410,351,20191217,2019121709
2019,12,17,6,10,8411,351,20191217,2019121710
2019,12,17,6,11,8412,351,20191217,2019121711
2019,12,17,6,12,8413,351,20191217,2019121712
2019,12,17,6,13,8414,351,20191217,2019121713
2019,12,17,6,14,8415,351,20191217,2019121714
2019,12,17,6,15,8416,351,20191217,2019121715
2019,12,17,6,16,8417,351,20191217,2019121716
2019,12,17,6,17,8418,351,20191217,2019121717
2019,12,17,6,18,8419,351,20191217,2019121718
2019,12,17,6,19,8420,351,20191217,2019121719
2019,12,17,6,20,8421,351,20191217,2019121720
2019,12,17,6,21,8422,351,20191217,2019121721
2019,12,17,6,22,8423,351,20191217,2019121722
2019,12,17,6,23,8424,351,20191217,2019121723
2019,12,18,7,0,8425,352,20191218,2019121800
2019,12,18,7,1,8426,352,20191218,2019121801
2019,12,18,7,2,8427,352,20191218,2019121802
2019,12,18,7,3,8428,352,20191218,2019121803
2019,12,18,7,4,8429,352,20191218,2019121804
2019,12,18,7,5,8430,352,20191218,2019121805
2019,12,18,7,6,8431,352,20191218,2019121806
2019,12,18,7,7,8432,352,20191218,2019121807
2019,12,18,7,8,8433,352,20191218,2019121808
2019,12,18,7,9,8434,352,20191218,2019121809
2019,12,18,7,10,8435,352,20191218,2019121810
2019,12,18,7,11,8436,352,20191218,2019121811
2019,12,18,7,12,8437,352,20191218,2019121812
2019,12,18,7,13,8438,352,20191218,2019121813
2019,12,18,7,14,8439,352,20191218,2019121814
2019,12,18,7,15,8440,352,20191218,2019121815
2019,12,18,7,16,8441,352,20191218,2019121816
2019,12,18,7,17,8442,352,20191218,2019121817
2019,12,18,7,18,8443,352,20191218,2019121818
2019,12,18,7,19,8444,352,20191218,2019121819
2019,12,18,7,20,8445,352,20191218,2019121820
2019,12,18,7,21,8446,352,20191218,2019121821
2019,12,18,7,22,8447,352,20191218,2019121822
2019,12,18,7,23,8448,352,20191218,2019121823
2019,12,19,1,0,8449,353,20191219,2019121900
2019,12,19,1,1,8450,353,20191219,2019121901
2019,12,19,1,2,8451,353,20191219,2019121902
2019,12,19,1,3,8452,353,20191219,2019121903
2019,12,19,1,4,8453,353,20191219,2019121904
2019,12,19,1,5,8454,353,20191219,2019121905
2019,12,19,1,6,8455,353,20191219,2019121906
2019,12,19,1,7,8456,353,20191219,2019121907
2019,12,19,1,8,8457,353,20191219,2019121908
2019,12,19,1,9,8458,353,20191219,2019121909
2019,12,19,1,10,8459,353,20191219,2019121910
2019,12,19,1,11,8460,353,20191219,2019121911
2019,12,19,1,12,8461,353,20191219,2019121912
2019,12,19,1,13,8462,353,20191219,2019121913
2019,12,19,1,14,8463,353,20191219,2019121914
2019,12,19,1,15,8464,353,20191219,2019121915
2019,12,19,1,16,8465,353,20191219,2019121916
2019,12,19,1,17,8466,353,20191219,2019121917
2019,12,19,1,18,8467,353,20191219,2019121918
2019,12,19,1,19,8468,353,20191219,2019121919
2019,12,19,1,20,8469,353,20191219,2019121920
2019,12,19,1,21,8470,353,20191219,2019121921
2019,12,19,1,22,8471,353,20191219,2019121922
2019,12,19,1,23,8472,353,20191219,2019121923
2019,12,20,2,0,8473,354,20191220,2019122000
2019,12,20,2,1,8474,354,20191220,2019122001
2019,12,20,2,2,8475,354,20191220,2019122002
2019,12,20,2,3,8476,354,20191220,2019122003
2019,12,20,2,4,8477,354,20191220,2019122004
2019,12,20,2,5,8478,354,20191220,2019122005
2019,12,20,2,6,8479,354,20191220,2019122006
2019,12,20,2,7,8480,354,20191220,2019122007
2019,12,20,2,8,8481,354,20191220,2019122008
2019,12,20,2,9,8482,354,20191220,2019122009
2019,12,20,2,10,8483,354,20191220,2019122010
2019,12,20,2,11,8484,354,20191220,2019122011
2019,12,20,2,12,8485,354,20191220,2019122012
2019,12,20,2,13,8486,354,20191220,2019122013
2019,12,20,2,14,8487,354,20191220,2019122014
2019,12,20,2,15,8488,354,20191220,2019122015
2019,12,20,2,16,8489,354,20191220,2019122016
2019,12,20,2,17,8490,354,20191220,2019122017
2019,12,20,2,18,8491,354,20191220,2019122018
2019,12,20,2,19,8492,354,20191220,2019122019
2019,12,20,2,20,8493,354,20191220,2019122020
2019,12,20,2,21,8494,354,20191220,2019122021
2019,12,20,2,22,8495,354,20191220,2019122022
2019,12,20,2,23,8496,354,20191220,2019122023
2019,12,21,3,0,8497,355,20191221,2019122100
2019,12,21,3,1,8498,355,20191221,2019122101
2019,12,21,3,2,8499,355,20191221,2019122102
2019,12,21,3,3,8500,355,20191221,2019122103
2019,12,21,3,4,8501,355,20191221,2019122104
2019,12,21,3,5,8502,355,20191221,2019122105
2019,12,21,3,6,8503,355,20191221,2019122106
2019,12,21,3,7,8504,355,20191221,2019122107
2019,12,21,3,8,8505,355,20191221,2019122108
2019,12,21,3,9,8506,355,20191221,2019122109
2019,12,21,3,10,8507,355,20191221,2019122110
2019,12,21,3,11,8508,355,20191221,2019122111
2019,12,21,3,12,8509,355,20191221,2019122112
2019,12,21,3,13,8510,355,20191221,2019122113
2019,12,21,3,14,8511,355,20191221,2019122114
2019,12,21,3,15,8512,355,20191221,2019122115
2019,12,21,3,16,8513,355,20191221,2019122116
2019,12,21,3,17,8514,355,20191221,2019122117
2019,12,21,3,18,8515,355,20191221,2019122118
2019,12,21,3,19,8516,355,20191221,2019122119
2019,12,21,3,20,8517,355,20191221,2019122120
2019,12,21,3,21,8518,355,20191221,2019122121
2019,12,21,3,22,8519,355,20191221,2019122122
2019,12,21,3,23,8520,355,20191221,2019122123
2019,12,22,4,0,8521,356,20191222,2019122200
2019,12,22,4,1,8522,356,20191222,2019122201
2019,12,22,4,2,8523,356,20191222,2019122202
2019,12,22,4,3,8524,356,20191222,2019122203
2019,12,22,4,4,8525,356,20191222,2019122204
2019,12,22,4,5,8526,356,20191222,2019122205
2019,12,22,4,6,8527,356,20191222,2019122206
2019,12,22,4,7,8528,356,20191222,2019122207
2019,12,22,4,8,8529,356,20191222,2019122208
2019,12,22,4,9,8530,356,20191222,2019122209
2019,12,22,4,10,8531,356,20191222,2019122210
2019,12,22,4,11,8532,356,20191222,2019122211
2019,12,22,4,12,8533,356,20191222,2019122212
2019,12,22,4,13,8534,356,20191222,2019122213
2019,12,22,4,14,8535,356,20191222,2019122214
2019,12,22,4,15,8536,356,20191222,2019122215
2019,12,22,4,16,8537,356,20191222,2019122216
2019,12,22,4,17,8538,356,20191222,2019122217
2019,12,22,4,18,8539,356,20191222,2019122218
2019,12,22,4,19,8540,356,20191222,2019122219
2019,12,22,4,20,8541,356,20191222,2019122220
2019,12,22,4,21,8542,356,20191222,2019122221
2019,12,22,4,22,8543,356,20191222,2019122222
2019,12,22,4,23,8544,356,20191222,2019122223
2019,12,23,5,0,8545,357,20191223,2019122300
2019,12,23,5,1,8546,357,20191223,2019122301
2019,12,23,5,2,8547,357,20191223,2019122302
2019,12,23,5,3,8548,357,20191223,2019122303
2019,12,23,5,4,8549,357,20191223,2019122304
2019,12,23,5,5,8550,357,20191223,2019122305
2019,12,23,5,6,8551,357,20191223,2019122306
2019,12,23,5,7,8552,357,20191223,2019122307
2019,12,23,5,8,8553,357,20191223,2019122308
2019,12,23,5,9,8554,357,20191223,2019122309
2019,12,23,5,10,8555,357,20191223,2019122310
2019,12,23,5,11,8556,357,20191223,2019122311
2019,12,23,5,12,8557,357,20191223,2019122312
2019,12,23,5,13,8558,357,20191223,2019122313
2019,12,23,5,14,8559,357,20191223,2019122314
2019,12,23,5,15,8560,357,20191223,2019122315
2019,12,23,5,16,8561,357,20191223,2019122316
2019,12,23,5,17,8562,357,20191223,2019122317
2019,12,23,5,18,8563,357,20191223,2019122318
2019,12,23,5,19,8564,357,20191223,2019122319
2019,12,23,5,20,8565,357,20191223,2019122320
2019,12,23,5,21,8566,357,20191223,2019122321
2019,12,23,5,22,8567,357,20191223,2019122322
2019,12,23,5,23,8568,357,20191223,2019122323
2019,12,24,6,0,8569,358,20191224,2019122400
2019,12,24,6,1,8570,358,20191224,2019122401
2019,12,24,6,2,8571,358,20191224,2019122402
2019,12,24,6,3,8572,358,20191224,2019122403
2019,12,24,6,4,8573,358,20191224,2019122404
2019,12,24,6,5,8574,358,20191224,2019122405
2019,12,24,6,6,8575,358,20191224,2019122406
2019,12,24,6,7,8576,358,20191224,2019122407
2019,12,24,6,8,8577,358,20191224,2019122408
2019,12,24,6,9,8578,358,20191224,2019122409
2019,12,24,6,10,8579,358,20191224,2019122410
2019,12,24,6,11,8580,358,20191224,2019122411
2019,12,24,6,12,8581,358,20191224,2019122412
2019,12,24,6,13,8582,358,20191224,2019122413
2019,12,24,6,14,8583,358,20191224,2019122414
2019,12,24,6,15,8584,358,20191224,2019122415
2019,12,24,6,16,8585,358,20191224,2019122416
2019,12,24,6,17,8586,358,20191224,2019122417
2019,12,24,6,18,8587,358,20191224,2019122418
2019,12,24,6,19,8588,358,20191224,2019122419
2019,12,24,6,20,8589,358,20191224,2019122420
2019,12,24,6,21,8590,358,20191224,2019122421
2019,12,24,6,22,8591,358,20191224,2019122422
2019,12,24,6,23,8592,358,20191224,2019122423
2019,12,25,7,0,8593,359,20191225,2019122500
2019,12,25,7,1,8594,359,20191225,2019122501
2019,12,25,7,2,8595,359,20191225,2019122502
2019,12,25,7,3,8596,359,20191225,2019122503
2019,12,25,7,4,8597,359,20191225,2019122504
2019,12,25,7,5,8598,359,20191225,2019122505
2019,12,25,7,6,8599,359,20191225,2019122506
2019,12,25,7,7,8600,359,20191225,2019122507
2019,12,25,7,8,8601,359,20191225,2019122508
2019,12,25,7,9,8602,359,20191225,2019122509
2019,12,25,7,10,8603,359,20191225,2019122510
2019,12,25,7,11,8604,359,20191225,2019122511
2019,12,25,7,12,8605,359,20191225,2019122512
2019,12,25,7,13,8606,359,20191225,2019122513
2019,12,25,7,14,8607,359,20191225,2019122514
2019,12,25,7,15,8608,359,20191225,2019122515
2019,12,25,7,16,8609,359,20191225,2019122516
2019,12,25,7,17,8610,359,20191225,2019122517
2019,12,25,7,18,8611,359,20191225,2019122518
2019,12,25,7,19,8612,359,20191225,2019122519
2019,12,25,7,20,8613,359,20191225,2019122520
2019,12,25,7,21,8614,359,20191225,2019122521
2019,12,25,7,22,8615,359,20191225,2019122522
2019,12,25,7,23,8616,359,20191225,2019122523
2019,12,26,1,0,8617,360,20191226,2019122600
2019,12,26,1,1,8618,360,20191226,2019122601
2019,12,26,1,2,8619,360,20191226,2019122602
2019,12,26,1,3,8620,360,20191226,2019122603
2019,12,26,1,4,8621,360,20191226,2019122604
2019,12,26,1,5,8622,360,20191226,2019122605
2019,12,26,1,6,8623,360,20191226,2019122606
2019,12,26,1,7,8624,360,20191226,2019122607
2019,12,26,1,8,8625,360,20191226,2019122608
2019,12,26,1,9,8626,360,20191226,2019122609
2019,12,26,1,10,8627,360,20191226,2019122610
2019,12,26,1,11,8628,360,20191226,2019122611
2019,12,26,1,12,8629,360,20191226,2019122612
2019,12,26,1,13,8630,360,20191226,2019122613
2019,12,26,1,14,8631,360,20191226,2019122614
2019,12,26,1,15,8632,360,20191226,2019122615
2019,12,26,1,16,8633,360,20191226,2019122616
2019,12,26,1,17,8634,360,20191226,2019122617
2019,12,26,1,18,8635,360,20191226,2019122618
2019,12,26,1,19,8636,360,20191226,2019122619
2019,12,26,1,20,8637,360,20191226,2019122620
2019,12,26,1,21,8638,360,20191226,2019122621
2019,12,26,1,22,8639,360,20191226,2019122622
2019,12,26,1,23,8640,360,20191226,2019122623
2019,12,27,2,0,8641,361,20191227,2019122700
2019,12,27,2,1,8642,361,20191227,2019122701
2019,12,27,2,2,8643,361,20191227,2019122702
2019,12,27,2,3,8644,361,20191227,2019122703
2019,12,27,2,4,8645,361,20191227,2019122704
2019,12,27,2,5,8646,361,20191227,2019122705
2019,12,27,2,6,8647,361,20191227,2019122706
2019,12,27,2,7,8648,361,20191227,2019122707
2019,12,27,2,8,8649,361,20191227,2019122708
2019,12,27,2,9,8650,361,20191227,2019122709
2019,12,27,2,10,8651,361,20191227,2019122710
2019,12,27,2,11,8652,361,20191227,2019122711
2019,12,27,2,12,8653,361,20191227,2019122712
2019,12,27,2,13,8654,361,20191227,2019122713
2019,12,27,2,14,8655,361,20191227,2019122714
2019,12,27,2,15,8656,361,20191227,2019122715
2019,12,27,2,16,8657,361,20191227,2019122716
2019,12,27,2,17,8658,361,20191227,2019122717
2019,12,27,2,18,8659,361,20191227,2019122718
2019,12,27,2,19,8660,361,20191227,2019122719
2019,12,27,2,20,8661,361,20191227,2019122720
2019,12,27,2,21,8662,361,20191227,2019122721
2019,12,27,2,22,8663,361,20191227,2019122722
2019,12,27,2,23,8664,361,20191227,2019122723
2019,12,28,3,0,8665,362,20191228,2019122800
2019,12,28,3,1,8666,362,20191228,2019122801
2019,12,28,3,2,8667,362,20191228,2019122802
2019,12,28,3,3,8668,362,20191228,2019122803
2019,12,28,3,4,8669,362,20191228,2019122804
2019,12,28,3,5,8670,362,20191228,2019122805
2019,12,28,3,6,8671,362,20191228,2019122806
2019,12,28,3,7,8672,362,20191228,2019122807
2019,12,28,3,8,8673,362,20191228,2019122808
2019,12,28,3,9,8674,362,20191228,2019122809
2019,12,28,3,10,8675,362,20191228,2019122810
2019,12,28,3,11,8676,362,20191228,2019122811
2019,12,28,3,12,8677,362,20191228,2019122812
2019,12,28,3,13,8678,362,20191228,2019122813
2019,12,28,3,14,8679,362,20191228,2019122814
2019,12,28,3,15,8680,362,20191228,2019122815
2019,12,28,3,16,8681,362,20191228,2019122816
2019,12,28,3,17,8682,362,20191228,2019122817
2019,12,28,3,18,8683,362,20191228,2019122818
2019,12,28,3,19,8684,362,20191228,2019122819
2019,12,28,3,20,8685,362,20191228,2019122820
2019,12,28,3,21,8686,362,20191228,2019122821
2019,12,28,3,22,8687,362,20191228,2019122822
2019,12,28,3,23,8688,362,20191228,2019122823
2019,12,29,4,0,8689,363,20191229,2019122900
2019,12,29,4,1,8690,363,20191229,2019122901
2019,12,29,4,2,8691,363,20191229,2019122902
2019,12,29,4,3,8692,363,20191229,2019122903
2019,12,29,4,4,8693,363,20191229,2019122904
2019,12,29,4,5,8694,363,20191229,2019122905
2019,12,29,4,6,8695,363,20191229,2019122906
2019,12,29,4,7,8696,363,20191229,2019122907
2019,12,29,4,8,8697,363,20191229,2019122908
2019,12,29,4,9,8698,363,20191229,2019122909
2019,12,29,4,10,8699,363,20191229,2019122910
2019,12,29,4,11,8700,363,20191229,2019122911
2019,12,29,4,12,8701,363,20191229,2019122912
2019,12,29,4,13,8702,363,20191229,2019122913
2019,12,29,4,14,8703,363,20191229,2019122914
2019,12,29,4,15,8704,363,20191229,2019122915
2019,12,29,4,16,8705,363,20191229,2019122916
2019,12,29,4,17,8706,363,20191229,2019122917
2019,12,29,4,18,8707,363,20191229,2019122918
2019,12,29,4,19,8708,363,20191229,2019122919
2019,12,29,4,20,8709,363,20191229,2019122920
2019,12,29,4,21,8710,363,20191229,2019122921
2019,12,29,4,22,8711,363,20191229,2019122922
2019,12,29,4,23,8712,363,20191229,2019122923
2019,12,30,5,0,8713,364,20191230,2019123000
2019,12,30,5,1,8714,364,20191230,2019123001
2019,12,30,5,2,8715,364,20191230,2019123002
2019,12,30,5,3,8716,364,20191230,2019123003
2019,12,30,5,4,8717,364,20191230,2019123004
2019,12,30,5,5,8718,364,20191230,2019123005
2019,12,30,5,6,8719,364,20191230,2019123006
2019,12,30,5,7,8720,364,20191230,2019123007
2019,12,30,5,8,8721,364,20191230,2019123008
2019,12,30,5,9,8722,364,20191230,2019123009
2019,12,30,5,10,8723,364,20191230,2019123010
2019,12,30,5,11,8724,364,20191230,2019123011
2019,12,30,5,12,8725,364,20191230,2019123012
2019,12,30,5,13,8726,364,20191230,2019123013
2019,12,30,5,14,8727,364,20191230,2019123014
2019,12,30,5,15,8728,364,20191230,2019123015
2019,12,30,5,16,8729,364,20191230,2019123016
2019,12,30,5,17,8730,364,20191230,2019123017
2019,12,30,5,18,8731,364,20191230,2019123018
2019,12,30,5,19,8732,364,20191230,2019123019
2019,12,30,5,20,8733,364,20191230,2019123020
2019,12,30,5,21,8734,364,20191230,2019123021
2019,12,30,5,22,8735,364,20191230,2019123022
2019,12,30,5,23,8736,364,20191230,2019123023
2019,12,31,6,0,8737,365,20191231,2019123100
2019,12,31,6,1,8738,365,20191231,2019123101
2019,12,31,6,2,8739,365,20191231,2019123102
2019,12,31,6,3,8740,365,20191231,2019123103
2019,12,31,6,4,8741,365,20191231,2019123104
2019,12,31,6,5,8742,365,20191231,2019123105
2019,12,31,6,6,8743,365,20191231,2019123106
2019,12,31,6,7,8744,365,20191231,2019123107
2019,12,31,6,8,8745,365,20191231,2019123108
2019,12,31,6,9,8746,365,20191231,2019123109
2019,12,31,6,10,8747,365,20191231,2019123110
2019,12,31,6,11,8748,365,20191231,2019123111
2019,12,31,6,12,8749,365,20191231,2019123112
2019,12,31,6,13,8750,365,20191231,2019123113
2019,12,31,6,14,8751,365,20191231,2019123114
2019,12,31,6,15,8752,365,20191231,2019123115
2019,12,31,6,16,8753,365,20191231,2019123116
2019,12,31,6,17,8754,365,20191231,2019123117
2019,12,31,6,18,8755,365,20191231,2019123118
2019,12,31,6,19,8756,365,20191231,2019123119
2019,12,31,6,20,8757,365,20191231,2019123120
2019,12,31,6,21,8758,365,20191231,2019123121
2019,12,31,6,22,8759,365,20191231,2019123122
2019,12,31,6,23,8760,365,20191231,2019123123
